team_id;team_url;fifa_version;fifa_update;update_as_of;team_name;league_id;league_name;league_level;nationality_id;nationality_name;overall;attack;midfield;defence;coach_id;home_stadium;rival_team;international_prestige;domestic_prestige;transfer_budget_eur;club_worth_eur;starting_xi_average_age;whole_team_average_age;captain;short_free_kick;long_free_kick;left_short_free_kick;right_short_free_kick;penalties;left_corner;right_corner;def_style;def_team_width;def_team_depth;def_defence_pressure;def_defence_aggression;def_defence_width;def_defence_defender_line;off_style;off_build_up_play;off_chance_creation;off_team_width;off_players_in_box;off_corners;off_free_kicks;build_up_play_speed;build_up_play_dribbling;build_up_play_passing;build_up_play_positioning;chance_creation_passing;chance_creation_crossing;chance_creation_shooting;chance_creation_positioning
10;/team/10/manchester-city/240002;24;2;22.09.2023;Manchester City;13;Premier League;1;14;England;85;87;86;83;455361;Etihad Stadium;11;10;10.0;;4600000000.0;26.91;25.14;188377;237692;246191;246191;237692;239085.0;246191.0;237692.0;Press after possession loss;71;61;;;;;;Balanced;Balanced;81;6;3;3;;;;;;;;
243;/team/243/real-madrid/240002;24;2;22.09.2023;Real Madrid;53;La Liga;1;45;Spain;85;85;85;83;455800;Estadio Santiago Bernabéu;241;10;10.0;;4800000000.0;25.91;24.52;204963;197445;197445;239053;197445;243812.0;239053.0;239053.0;Balanced;51;71;;;;;;Balanced;Balanced;51;6;3;3;;;;;;;;
21;/team/21/fc-bayern-munchen/240002;24;2;22.09.2023;FC Bayern München;19;Bundesliga;1;21;Germany;84;90;84;83;523937;Sanderson Park (FIFA 13 NEW generic);22;9;10.0;;3800000000.0;26.09;25.84;212622;222492;212622;212622;222492;202126.0;212622.0;222492.0;Pressure on heavy touch;51;81;;;;;;Slow build up;Possession;71;8;3;3;;;;;;;;
241;/team/241/fc-barcelona/240002;24;2;22.09.2023;FC Barcelona;53;La Liga;1;45;Spain;84;84;84;83;184942;El Libertador (La Bombastico);243;10;10.0;;4300000000.0;27.0;23.94;192448;188545;186942;188545;233419;188545.0;228702.0;233419.0;Balanced;61;81;;;;;;Slow build up;Possession;51;7;3;3;;;;;;;;
9;/team/9/liverpool/240002;24;2;22.09.2023;Liverpool;13;Premier League;1;14;England;83;84;82;84;455353;Anfield;11;9;9.0;;4600000000.0;26.82;24.25;203376;231281;231281;231281;231281;209331.0;216267.0;231281.0;Press after possession loss;61;71;;;;;;Balanced;Balanced;71;5;3;3;;;;;;;;
73;/team/73/paris-saint-germain/240002;24;2;22.09.2023;Paris Saint Germain;16;Ligue 1;1;18;France;83;86;79;83;523959;Parc des Princes;219;9;10.0;;4200000000.0;24.36;24.63;207865;231747;231747;231747;231443;231747.0;231443.0;231443.0;Press after possession loss;51;71;;;;;;Slow build up;Possession;51;5;3;3;;;;;;;;
240;/team/240/atletico-madrid/240002;24;2;22.09.2023;Atlético Madrid;53;La Liga;1;45;Spain;83;85;82;81;452946;Wanda Metropolitano;243;9;9.0;;1200000000.0;29.73;26.3;193747;194765;193747;194765;194765;194765.0;194765.0;194765.0;Pressure on heavy touch;61;61;;;;;;Balanced;Balanced;51;3;3;3;;;;;;;;
1;/team/1/arsenal/240002;24;2;22.09.2023;Arsenal;13;Premier League;1;14;England;82;82;84;81;307;Emirates Stadium;18;7;8.0;;2100000000.0;23.82;23.81;222665;222665;222665;222665;222665;246669.0;251566.0;246669.0;Press after possession loss;51;61;;;;;;Slow build up;Possession;61;6;3;3;;;;;;;;
11;/team/11/manchester-united/240002;24;2;22.09.2023;Manchester United;13;Premier League;1;14;England;82;82;83;80;456113;Old Trafford;9;8;9.0;;4800000000.0;26.73;25.03;212198;212198;212198;212198;212198;212198.0;212198.0;212198.0;Pressure on heavy touch;71;71;;;;;;Slow build up;Possession;71;4;3;3;;;;;;;;
44;/team/44/inter/240002;24;2;22.09.2023;Inter;31;Serie A;1;27;Italy;82;81;82;82;128160;San Siro;47;8;10.0;;1000000000.0;28.45;28.04;231478;208128;208128;208128;208128;208128.0;208128.0;208128.0;Balanced;51;61;;;;;;Fast build up;Forward runs;51;4;3;3;;;;;;;;
13;/team/13/newcastle-united/240002;24;2;22.09.2023;Newcastle United;13;Premier League;1;14;England;81;79;81;82;523911;St. James' Park;106;6;7.0;;730500000.0;26.91;25.97;186345;186345;186345;186345;186345;233731.0;186345.0;186345.0;Press after possession loss;51;61;;;;;;Balanced;Balanced;51;4;3;3;;;;;;;;
18;/team/18/tottenham-hotspur/240002;24;2;22.09.2023;Tottenham Hotspur;13;Premier League;1;14;England;81;81;80;79;938;Tottenham Hotspur Stadium;1;7;7.0;;2600000000.0;24.27;24.97;200104;200104;200104;200104;200104;220697.0;200104.0;200104.0;Pressure on heavy touch;61;61;;;;;;Slow build up;Possession;71;5;3;3;;;;;;;;
22;/team/22/borussia-dortmund/240002;24;2;22.09.2023;Borussia Dortmund;19;Bundesliga;1;21;Germany;81;81;81;81;417317;Signal Iduna Park;34;7;9.0;;1700000000.0;27.36;25.14;208333;212194;212194;212194;212194;208333.0;212194.0;212194.0;Press after possession loss;51;81;;;;;;Fast build up;Forward runs;41;6;3;3;;;;;;;;
48;/team/48/napoli/240002;24;2;22.09.2023;Napoli;31;Serie A;1;27;Italy;81;82;82;80;523905;;45;8;9.0;;660000000.0;27.27;25.74;217870;210406;210406;210406;210406;232293.0;210406.0;210406.0;Balanced;61;61;;;;;;Fast build up;Forward runs;61;6;3;3;;;;;;;;
2;/team/2/aston-villa/240002;24;2;22.09.2023;Aston Villa;13;Premier League;1;14;England;80;82;79;79;455907;Villa Park;109;5;6.0;;695500000.0;26.0;24.73;210881;236499;236499;236499;236499;221697.0;236499.0;236499.0;Pressure on heavy touch;51;51;;;;;;Fast build up;Forward runs;51;4;3;3;;;;;;;;
5;/team/5/chelsea/240002;24;2;22.09.2023;Chelsea;13;Premier League;1;14;England;80;77;81;78;2922;Stamford Bridge;1;7;8.0;;2900000000.0;24.55;22.58;229984;247090;247090;202652;247090;247090.0;229984.0;247090.0;Pressure on heavy touch;61;61;;;;;;Slow build up;Possession;71;5;3;3;;;;;;;;
32;/team/32/bayer-04-leverkusen/240002;24;2;22.09.2023;Bayer 04 Leverkusen;19;Bundesliga;1;21;Germany;80;81;81;79;511;BayArena;31;6;8.0;;465100000.0;25.55;23.74;190941;210035;199503;210324;210035;199503.0;256630.0;210324.0;Balanced;61;51;;;;;;Slow build up;Possession;51;4;3;3;;;;;;;;
45;/team/45/juventus/240002;24;2;22.09.2023;Juventus;31;Serie A;1;27;Italy;80;81;80;79;455957;Juventus Arena;44;9;10.0;;2000000000.0;26.45;25.68;199304;246430;222077;246430;246430;246430.0;208574.0;208574.0;Pressure on heavy touch;51;41;;;;;;Long ball;Direct passing;61;3;3;3;;;;;;;;
46;/team/46/lazio/240002;24;2;22.09.2023;Lazio;31;Serie A;1;27;Italy;80;81;79;80;455926;;52;6;7.0;;320000000.0;28.73;26.89;192387;198706;198706;198706;198706;192387.0;198706.0;198706.0;Press after possession loss;61;61;;;;;;Slow build up;Possession;71;3;3;3;;;;;;;;
47;/team/47/milan/240002;24;2;22.09.2023;Milan;31;Serie A;1;27;Italy;80;81;79;81;459100;San Siro;44;7;9.0;;1200000000.0;27.36;25.7;228881;240638;240638;229758;240638;178509.0;240638.0;229758.0;Press after possession loss;51;61;;;;;;Fast build up;Forward runs;51;8;3;3;;;;;;;;
52;/team/52/roma/240002;24;2;22.09.2023;Roma;31;Serie A;1;27;Italy;80;82;78;81;455375;;46;7;8.0;;660000000.0;29.18;25.62;228251;211110;228251;228251;211110;228251.0;228251.0;211110.0;Balanced;61;41;;;;;;Slow build up;Possession;61;5;3;3;;;;;;;;
481;/team/481/sevilla/240002;24;2;22.09.2023;Sevilla;53;La Liga;1;45;Spain;80;80;79;82;523931;Ramón Sánchez-Pizjuán;449;8;8.0;;540000000.0;31.27;26.64;146536;168651;168651;168651;168651;168651.0;224334.0;168651.0;Pressure on heavy touch;71;71;;;;;;Slow build up;Possession;81;8;3;3;;;;;;;;
112172;/team/112172/rb-leipzig/240002;24;2;22.09.2023;RB Leipzig;19;Bundesliga;1;21;Germany;80;82;79;79;29710;Red Bull Arena (Leipzig);22;7;8.0;;569100000.0;26.27;25.0;204638;244260;233195;244260;244260;212188.0;244260.0;245367.0;Press after possession loss;51;71;;;;;;Balanced;Balanced;51;4;3;3;;;;;;;;
234;/team/234/benfica/240002;24;2;22.09.2023;Benfica;308;Liga Portugal;1;38;Portugal;79;80;81;77;883017;Estádio da Luz;236;6;10.0;;320000000.0;26.09;24.68;192366;183898;243245;243245;183898;183898.0;243245.0;183898.0;Press after possession loss;51;71;;;;;;Balanced;Balanced;61;4;3;3;;;;;;;;
448;/team/448/athletic-club/240002;24;2;22.09.2023;Athletic Club;53;La Liga;1;45;Spain;79;77;79;77;470943;Estadio San Mamés;457;5;7.0;;250000000.0;27.55;26.22;189575;256516;256516;256516;256516;146947.0;256516.0;256516.0;Press after possession loss;51;61;;;;;;Fast build up;Forward runs;71;5;3;3;;;;;;;;
449;/team/449/real-betis/240002;24;2;22.09.2023;Real Betis;53;La Liga;1;45;Spain;79;83;79;77;523898;Estadio Benito Villamarín;481;3;6.0;;175000000.0;28.0;25.97;198141;216594;225659;216594;216594;224179.0;216594.0;216594.0;Press after possession loss;61;71;;;;;;Slow build up;Possession;61;7;3;3;;;;;;;;
457;/team/457/real-sociedad/240002;24;2;22.09.2023;Real Sociedad;53;La Liga;1;45;Spain;79;79;81;79;530755;Reale Arena;448;4;7.0;;150000000.0;26.18;23.61;230142;230142;230142;235944;230142;230142.0;235944.0;230142.0;Balanced;41;51;;;;;;Slow build up;Possession;61;6;3;3;;;;;;;;
483;/team/483/villarreal/240002;24;2;22.09.2023;Villarreal;53;La Liga;1;45;Spain;79;79;80;77;1068543;Estadio de la Cerámica;461;7;8.0;;370000000.0;27.55;27.8;157481;189513;189513;189513;189513;208093.0;189513.0;189513.0;Balanced;61;51;;;;;;Balanced;Balanced;61;5;3;3;;;;;;;;
19;/team/19/west-ham-united/240002;24;2;22.09.2023;West Ham United;13;Premier League;1;14;England;78;78;79;78;455355;London Stadium;97;6;6.0;;993600000.0;27.91;25.3;204311;205569;205569;205569;205569;220621.0;205569.0;205569.0;Balanced;41;41;;;;;;Fast build up;Forward runs;61;4;3;3;;;;;;;;
39;/team/39/atalanta/240002;24;2;22.09.2023;Atalanta;31;Serie A;1;27;Italy;78;79;77;77;456038;;47;6;7.0;;350000000.0;26.18;26.36;208461;240679;240679;240679;240679;230899.0;240679.0;240679.0;Press after possession loss;41;71;;;;;;Fast build up;Forward runs;61;5;3;3;;;;;;;;
219;/team/219/olympique-de-marseille/240002;24;2;22.09.2023;Olympique de Marseille;16;Ligue 1;1;18;France;78;77;78;78;33525;Orange Vélodrome;73;6;8.0;;458000000.0;27.55;24.88;219581;188567;239093;188567;188567;188567.0;239093.0;239093.0;Balanced;41;41;;;;;;Long ball;Direct passing;61;3;3;3;;;;;;;;
236;/team/236/porto/240002;24;2;22.09.2023;Porto;308;Liga Portugal;1;38;Portugal;78;78;78;77;523928;Estádio do Drag?o;234;7;10.0;;240000000.0;28.27;25.37;120533;216466;216466;216466;216466;241788.0;257290.0;216466.0;Press after possession loss;51;61;;;;;;Balanced;Balanced;71;6;3;3;;;;;;;;
325;/team/325/galatasaray/240002;24;2;22.09.2023;Galatasaray;68;Super Lig;1;48;Turkey;78;80;79;78;199988;Sanderson Park (FIFA 13 NEW generic);326;7;10.0;;195000000.0;28.36;26.22;182494;220651;211748;175943;220651;201399.0;175943.0;211748.0;Pressure on heavy touch;51;61;;;;;;Fast build up;Forward runs;61;6;3;3;;;;;;;;
110374;/team/110374/fiorentina/240002;24;2;22.09.2023;Fiorentina;31;Serie A;1;27;Italy;78;78;77;78;128261;Stadio Classico;45;5;6.0;;270000000.0;27.27;25.22;201389;189125;201389;189125;189125;240690.0;201389.0;189125.0;Balanced;41;51;;;;;;Fast build up;Forward runs;61;7;3;3;;;;;;;;
7;/team/7/everton/240002;24;2;22.09.2023;Everton;13;Premier League;1;14;England;77;79;77;75;455461;Goodison Park;9;4;3.0;;684500000.0;26.91;25.86;202695;152908;152908;152908;243282;236276.0;152908.0;243282.0;Balanced;51;41;;;;;;Long ball;Direct passing;61;4;3;3;;;;;;;;
14;/team/14/nottingham-forest/240002;24;2;22.09.2023;Nottingham Forest;13;Premier League;1;14;England;77;75;77;75;37250724;The City Ground;91;1;3.0;;172500000.0;25.91;25.94;230708;236015;236015;236015;236015;230978.0;236015.0;236015.0;Balanced;61;41;;;;;;Fast build up;Forward runs;71;4;3;3;;;;;;;;
64;/team/64/lens/240002;24;2;22.09.2023;Lens;16;Ligue 1;1;18;France;77;77;76;77;896608;Ivy Lane;65;4;7.0;;160000000.0;25.64;25.06;204883;208787;212138;208787;208787;212138.0;208787.0;208787.0;Pressure on heavy touch;51;61;;;;;;Slow build up;Possession;61;6;3;3;;;;;;;;
69;/team/69/monaco/240002;24;2;22.09.2023;Monaco;16;Ligue 1;1;1037;Monaco;77;81;77;75;455978;Euro Arena;72;4;8.0;;430000000.0;25.45;23.41;199451;225663;225663;225663;225663;199451.0;225663.0;232440.0;Pressure on heavy touch;51;51;;;;;;Slow build up;Possession;51;4;3;3;;;;;;;;
144;/team/144/fulham/240002;24;2;22.09.2023;Fulham;13;Premier League;1;14;England;77;76;77;76;455424;Craven Cottage;15;2;5.0;;228500000.0;28.55;25.45;198261;208450;208450;208450;208450;208450.0;208450.0;208450.0;Press after possession loss;51;71;;;;;;Balanced;Balanced;61;4;3;3;;;;;;;;
175;/team/175/vfl-wolfsburg/240002;24;2;22.09.2023;VfL Wolfsburg;19;Bundesliga;1;21;Germany;77;76;78;75;524537;Volkswagen Arena;485;5;6.0;;349100000.0;25.36;23.61;206511;206511;206511;206511;206511;206511.0;206511.0;206511.0;Press after possession loss;71;51;;;;;;Slow build up;Possession;61;6;3;3;;;;;;;;
237;/team/237/sporting-cp/240002;24;2;22.09.2023;Sporting CP;308;Liga Portugal;1;38;Portugal;77;78;77;78;158158;Waldstadion (Fussballstadion);234;4;9.0;;220000000.0;26.55;24.21;197655;240950;227890;240950;227890;240950.0;240950.0;227890.0;Pressure on heavy touch;51;51;;;;;;Fast build up;Forward runs;61;4;3;3;;;;;;;;
326;/team/326/fenerbahce/240002;24;2;22.09.2023;Fenerbahçe;68;Super Lig;1;48;Turkey;77;78;76;74;2823348;Waldstadion (Fussballstadion);325;6;9.0;;178000000.0;27.45;26.87;180930;199434;199434;199434;199434;199434.0;199434.0;199434.0;Pressure on heavy touch;51;61;;;;;;Fast build up;Forward runs;61;4;3;3;;;;;;;;
479;/team/479/osasuna/240002;24;2;22.09.2023;Osasuna;53;La Liga;1;45;Spain;77;77;77;77;456423;Estadio El Sadar;448;1;5.0;;15000000.0;28.45;25.94;225341;206590;206590;206590;206590;228520.0;206590.0;206590.0;Balanced;71;71;;;;;;Fast build up;Forward runs;61;3;3;3;;;;;;;;
605;/team/605/al-hilal/240002;24;2;22.09.2023;Al Hilal;350;Pro League;1;183;Saudi Arabia;77;79;79;74;523923;King Fahd International Stadium;112139;7;10.0;;330600000.0;28.91;27.0;229851;224293;224293;190871;224293;190871.0;190871.0;224293.0;Press after possession loss;51;71;;;;;;Balanced;Balanced;61;4;3;3;;;;;;;;
607;/team/607/al-ittihad/240002;24;2;22.09.2023;Al Ittihad;350;Pro League;1;183;Saudi Arabia;77;83;79;70;455991;King Abdullah Sports City;112387;6;8.0;;290500000.0;30.73;27.3;209440;202599;202599;202599;202599;209499.0;202599.0;202599.0;Pressure on heavy touch;41;51;;;;;;Fast build up;Forward runs;41;4;3;3;;;;;;;;
1808;/team/1808/brighton-hove-albion/240002;24;2;22.09.2023;Brighton & Hove Albion;13;Premier League;1;14;England;77;77;77;78;127889;The Amex Stadium;1799;3;5.0;;425000000.0;28.45;24.66;199915;206594;190765;190765;206594;255565.0;206594.0;206594.0;Press after possession loss;51;61;;;;;;Balanced;Balanced;51;6;3;3;;;;;;;;
1831;/team/1831/fc-union-berlin/240002;24;2;22.09.2023;FC Union Berlin;19;Bundesliga;1;21;Germany;77;77;75;77;455712;Stadion An der Alten Försterei;166;4;5.0;;135000000.0;27.45;26.54;211999;257771;257771;257771;257771;203030.0;257771.0;257771.0;Pressure on heavy touch;31;37;;;;;;Long ball;Direct passing;51;4;3;3;;;;;;;;
23;/team/23/borussia-monchengladbach/240002;24;2;22.09.2023;Borussia Mönchengladbach;19;Bundesliga;1;21;Germany;76;75;76;75;10966287;BORUSSIA-PARK;31;5;5.0;;304000000.0;24.55;24.52;222028;256781;256781;246919;256781;206467.0;256781.0;256781.0;Balanced;61;61;;;;;;Long ball;Direct passing;61;7;3;3;;;;;;;;
25;/team/25/sc-freiburg/240002;24;2;22.09.2023;SC Freiburg;19;Bundesliga;1;21;Germany;76;76;76;77;460197;Europa-Park Stadion;36;4;4.0;;278700000.0;27.09;25.76;212096;212096;212096;212096;212096;212096.0;212096.0;212096.0;Balanced;41;51;;;;;;Slow build up;Possession;61;4;3;3;;;;;;;;
65;/team/65/lille/240002;24;2;22.09.2023;Lille;16;Ligue 1;1;18;France;76;77;75;75;455945;Decathlon Arena;64;4;6.0;;200000000.0;25.36;24.14;190674;193476;190674;193476;193476;243630.0;193476.0;193476.0;Pressure on heavy touch;51;51;;;;;;Slow build up;Possession;71;6;3;3;;;;;;;;
66;/team/66/olympique-lyonnais/240002;24;2;22.09.2023;Olympique Lyonnais;16;Ligue 1;1;18;France;76;77;75;76;94575;Groupama Stadium;1819;4;7.0;;734000000.0;27.0;24.3;193301;193301;219683;193301;193301;193301.0;246646.0;246646.0;Pressure on heavy touch;51;51;;;;;;Slow build up;Possession;51;5;3;3;;;;;;;;
72;/team/72/nice/240002;24;2;22.09.2023;Nice;16;Ligue 1;1;18;France;76;77;76;75;243;Waldstadion (Fussballstadion);69;4;6.0;;200000000.0;26.09;23.76;158625;210896;158625;210896;210896;209519.0;210896.0;210896.0;Press after possession loss;61;71;;;;;;Slow build up;Possession;61;7;3;3;;;;;;;;
74;/team/74/rennes/240002;24;2;22.09.2023;Rennes;16;Ligue 1;1;18;France;76;77;78;74;523953;Stade Municipal;71;4;7.0;;180000000.0;25.73;24.39;214097;214097;214097;214097;214097;231102.0;214097.0;214097.0;Balanced;51;51;;;;;;Balanced;Balanced;51;3;3;3;;;;;;;;
110;/team/110/wolverhampton-wanderers/240002;24;2;22.09.2023;Wolverhampton Wanderers;13;Premier League;1;14;England;76;75;77;76;474728;Molineux Stadium;109;3;4.0;;416500000.0;26.27;24.93;245336;240243;240243;240243;240243;240243.0;212811.0;212811.0;Press after possession loss;61;81;;;;;;Fast build up;Forward runs;51;3;3;3;;;;;;;;
246;/team/246/feyenoord/240002;24;2;22.09.2023;Feyenoord;10;Eredivisie;1;34;Netherlands;76;76;74;77;23180;Eastpoint Arena (Football Ground);245;6;8.0;;262900000.0;23.82;23.03;199813;236593;236593;271400;236593;245152.0;271400.0;236593.0;Press after possession loss;61;61;;;;;;Balanced;Balanced;61;5;3;3;;;;;;;;
247;/team/247/psv/240002;24;2;22.09.2023;PSV;10;Eredivisie;1;34;Netherlands;76;78;74;75;455958;Philips Stadion;245;5;9.0;;281800000.0;26.18;24.0;189805;253109;253109;253109;186190;189805.0;253109.0;253109.0;Pressure on heavy touch;51;71;;;;;;Fast build up;Forward runs;51;8;3;3;;;;;;;;
383;/team/383/palmeiras/240002;24;2;22.09.2023;Palmeiras;7;Serie A;1;54;Brazil;76;78;77;74;2511092;Estadio de las Artes (Generic Stadium NG);598;6;8.0;;111000000.0;29.91;29.6;230481;230481;230481;230481;230481;230440.0;230481.0;230481.0;Pressure on heavy touch;41;71;;;;;;Balanced;Balanced;61;6;3;3;;;;;;;;
450;/team/450/celta-de-vigo/240002;24;2;22.09.2023;Celta de Vigo;53;La Liga;1;45;Spain;76;79;76;75;455387;Estadio Abanca-Balaídos;110242;4;6.0;;110000000.0;25.82;24.58;192629;192629;192629;192629;192629;192629.0;192629.0;192629.0;Pressure on heavy touch;71;61;;;;;;Balanced;Balanced;51;3;3;3;;;;;;;;
453;/team/453/mallorca/240002;24;2;22.09.2023;Mallorca;53;La Liga;1;45;Spain;76;77;77;74;896798;Visit Mallorca Estadi;483;1;3.0;;8000000.0;28.91;27.2;198451;198451;208620;198451;198451;223710.0;208620.0;208620.0;Balanced;51;41;;;;;;Balanced;Balanced;61;3;3;3;;;;;;;;
480;/team/480/rayo-vallecano/240002;24;2;22.09.2023;Rayo Vallecano;53;La Liga;1;45;Spain;76;76;77;77;464975;Estadio de Vallecas;100888;1;3.0;;10000000.0;31.27;27.41;173030;173030;173030;173030;173030;173030.0;173030.0;173030.0;Balanced;61;71;;;;;;Slow build up;Possession;61;7;3;3;;;;;;;;
1043;/team/1043/flamengo/240002;24;2;22.09.2023;Flamengo;7;Serie A;1;54;Brazil;76;77;76;75;9938631;O Dromo;567;7;10.0;;364600000.0;28.82;29.0;230430;230406;230406;230406;230406;230430.0;230460.0;230406.0;Pressure on heavy touch;61;61;;;;;;Balanced;Balanced;61;5;3;3;;;;;;;;
1799;/team/1799/crystal-palace/240002;24;2;22.09.2023;Crystal Palace;13;Premier League;1;14;England;76;75;76;76;1346;Selhurst Park;1808;2;4.0;;741500000.0;27.0;24.24;241159;235794;235794;235794;235794;235794.0;235794.0;235794.0;Balanced;51;41;;;;;;Balanced;Balanced;61;3;3;3;;;;;;;;
1824;/team/1824/eintracht-frankfurt/240002;24;2;22.09.2023;Eintracht Frankfurt;19;Bundesliga;1;21;Germany;76;76;76;75;32849;Deutsche Bank Park;169;6;7.0;;685800000.0;26.73;24.03;200215;212187;212187;192318;212187;256675.0;192318.0;192318.0;Balanced;61;51;;;;;;Balanced;Balanced;51;5;3;3;;;;;;;;
1860;/team/1860/getafe/240002;24;2;22.09.2023;Getafe;53;La Liga;1;45;Spain;76;82;76;75;524009;Coliseum Alfonso Pérez;100888;4;5.0;;45000000.0;28.36;26.11;217940;203843;203843;203843;203843;223197.0;203843.0;203843.0;Pressure on heavy touch;41;71;;;;;;Fast build up;Forward runs;71;3;3;3;;;;;;;;
1876;/team/1876/river-plate/240002;24;2;22.09.2023;River Plate;353;Liga Profesional;1;52;Argentina;76;75;77;75;1398;El Monumento (Estadio Latino);1877;9;10.0;;240000000.0;30.82;28.82;196432;215998;215998;240699;215998;236007.0;240699.0;215998.0;Pressure on heavy touch;41;71;;;;;;Slow build up;Possession;51;6;3;3;;;;;;;;
1896;/team/1896/sporting-braga/240002;24;2;22.09.2023;Sporting Braga;308;Liga Portugal;1;38;Portugal;76;77;77;75;37522422;Forest Park Stadium (Square Ground);1887;3;8.0;;100000000.0;26.91;26.36;213516;213516;226370;213516;213516;213516.0;213516.0;213516.0;Pressure on heavy touch;51;51;;;;;;Balanced;Balanced;61;4;3;3;;;;;;;;
1925;/team/1925/brentford/240002;24;2;22.09.2023;Brentford;13;Premier League;1;14;England;76;75;76;76;24427744;Stadium_450;15;2;3.0;;220500000.0;26.36;24.52;210697;243014;229723;243014;243014;243014.0;229723.0;243014.0;Balanced;51;51;;;;;;Balanced;Balanced;51;4;3;3;;;;;;;;
10029;/team/10029/tsg-hoffenheim/240002;24;2;22.09.2023;TSG Hoffenheim;19;Bundesliga;1;21;Germany;76;77;76;75;45305;PreZero Arena;36;4;5.0;;331100000.0;29.45;25.06;193698;216354;216354;216354;216354;216354.0;228336.0;228336.0;Balanced;61;51;;;;;;Balanced;Balanced;61;8;3;3;;;;;;;;
110062;/team/110062/girona/240002;24;2;22.09.2023;Girona;53;La Liga;1;45;Spain;76;77;76;76;186018;Estadio de Montilivi;452;1;1.0;;8000000.0;28.18;25.03;186537;228813;228813;228813;228813;186537.0;228813.0;228813.0;Balanced;41;51;;;;;;Slow build up;Possession;51;6;3;3;;;;;;;;
112139;/team/112139/al-nassr/240002;24;2;22.09.2023;Al Nassr;350;Pro League;1;183;Saudi Arabia;76;86;77;74;464141;Stade Municipal;605;6;9.0;;295800000.0;29.27;27.03;20801;20801;20801;20801;212523;20801.0;216352.0;212462.0;Pressure on heavy touch;41;61;;;;;;Fast build up;Forward runs;51;4;3;3;;;;;;;;
54;/team/54/torino/240002;24;2;22.09.2023;Torino;31;Serie A;1;27;Italy;75;76;74;76;127980;Sanderson Park (FIFA 13 NEW generic);45;4;5.0;;125000000.0;25.27;24.14;193352;193352;193352;193352;193352;215333.0;193352.0;193352.0;Press after possession loss;31;51;;;;;;Fast build up;Forward runs;61;3;3;3;;;;;;;;
95;/team/95/leicester-city/240002;24;2;22.09.2023;Leicester City;14;Championship;2;14;England;75;73;76;75;107439;King Power Stadium;14;4;10.0;;548500000.0;24.91;24.97;210243;237386;237386;237386;237386;225719.0;225783.0;237386.0;Balanced;51;61;;;;;;Slow build up;Possession;81;5;3;3;;;;;;;;
169;/team/169/fsv-mainz-05/240002;24;2;22.09.2023;FSV Mainz 05;19;Bundesliga;1;21;Germany;75;77;75;74;29535;Opel Arena;1824;2;4.0;;129000000.0;27.18;25.19;224251;215556;215556;215556;215556;219733.0;215556.0;215556.0;Press after possession loss;51;61;;;;;;Long ball;Direct passing;61;4;3;3;;;;;;;;
245;/team/245/ajax/240002;24;2;22.09.2023;Ajax;10;Eredivisie;1;34;Netherlands;75;77;74;73;458500;Johan Cruijff ArenA;246;7;10.0;;432000000.0;22.64;22.38;225953;229158;229158;229158;229158;200260.0;225953.0;229158.0;Balanced;61;81;;;;;;Slow build up;Possession;71;7;3;3;;;;;;;;
278;/team/278/aek-athens/240002;24;2;22.09.2023;AEK Athens;63;Super League;1;22;Greece;75;76;75;74;6642560;Waldstadion (Fussballstadion);1884;5;9.0;;65000000.0;28.91;28.07;223779;230564;194354;230564;229153;229153.0;230564.0;230564.0;Press after possession loss;51;61;;;;;;Slow build up;Possession;51;4;3;3;;;;;;;;
327;/team/327/besiktas/240002;24;2;22.09.2023;Beºiktaº;68;Super Lig;1;48;Turkey;75;75;76;75;455836;Waldstadion (Fussballstadion);326;6;8.0;;126000000.0;27.91;26.62;190113;212491;212491;234568;212491;199069.0;212491.0;234568.0;Press after possession loss;51;71;;;;;;Slow build up;Possession;71;6;3;3;;;;;;;;
461;/team/461/valencia/240002;24;2;22.09.2023;Valencia;53;La Liga;1;45;Spain;75;74;74;76;185095;Estadio Mestalla;1853;6;7.0;;530000000.0;24.09;23.31;211688;230786;230786;230786;230786;230786.0;230786.0;230786.0;Balanced;61;51;;;;;;Balanced;Balanced;61;4;3;3;;;;;;;;
1035;/team/1035/atletico-mineiro/240002;24;2;22.09.2023;Atlético Mineiro;7;Serie A;1;54;Brazil;75;77;75;76;452916;O Dromo;567;7;7.0;;100000000.0;29.18;29.0;230225;230463;230463;230463;230463;230384.0;230463.0;230463.0;Pressure on heavy touch;61;51;;;;;;Slow build up;Possession;71;6;3;3;;;;;;;;
1861;/team/1861/almeria/240002;24;2;22.09.2023;Almería;53;La Liga;1;45;Spain;75;75;74;74;185336;Power Horse Stadium;110832;1;2.0;;47000000.0;24.82;24.13;235008;235008;235008;235008;235008;219953.0;235008.0;235008.0;Balanced;41;51;;;;;;Slow build up;Possession;71;4;3;3;;;;;;;;
1877;/team/1877/boca-juniors/240002;24;2;22.09.2023;Boca Juniors;353;Liga Profesional;1;52;Argentina;75;76;73;75;37646001;La Bombonera;1876;9;10.0;;199400000.0;29.09;27.86;201862;211269;211269;211269;211269;179813.0;211269.0;211269.0;Balanced;51;61;;;;;;Fast build up;Forward runs;71;6;3;3;;;;;;;;
1943;/team/1943/afc-bournemouth/240002;24;2;22.09.2023;AFC Bournemouth;13;Premier League;1;14;England;75;75;75;74;270;Vitality Stadium;17;1;2.0;;215500000.0;25.09;25.03;194404;220714;220714;220714;220714;225539.0;213693.0;213693.0;Press after possession loss;61;51;;;;;;Slow build up;Possession;81;5;3;3;;;;;;;;
1968;/team/1968/cadiz/240002;24;2;22.09.2023;Cádiz;53;La Liga;1;45;Spain;75;74;75;73;184794;Nuevo Mirandilla;481;1;4.0;;5000000.0;29.64;27.28;229628;229788;229788;229788;229788;229788.0;229788.0;229788.0;Balanced;41;41;;;;;;Long ball;Direct passing;81;5;3;3;;;;;;;;
111811;/team/111811/monza/240002;24;2;22.09.2023;Monza;31;Serie A;1;27;Italy;75;75;75;74;128295;Court Lane;1745;2;3.0;;47500000.0;27.73;25.54;239613;202848;239613;202848;202848;202848.0;219812.0;219812.0;Balanced;61;51;;;;;;Slow build up;Possession;61;4;3;3;;;;;;;;
111974;/team/111974/sassuolo/240002;24;2;22.09.2023;Sassuolo;31;Serie A;1;27;Italy;75;78;73;72;367568;Forest Park Stadium (Square Ground);189;3;4.0;;110000000.0;26.09;25.7;163489;210935;210935;210935;210935;210935.0;210935.0;210935.0;Press after possession loss;51;61;;;;;;Slow build up;Possession;61;5;3;3;;;;;;;;
31;/team/31/fc-koln/240002;24;2;22.09.2023;FC Köln;19;Bundesliga;1;21;Germany;74;73;74;73;29676;RheinEnergieStadion;23;3;4.0;;136500000.0;26.36;24.45;195038;195038;195038;195038;223633;195038.0;223633.0;195038.0;Press after possession loss;41;71;;;;;;Long ball;Direct passing;71;6;3;3;;;;;;;;
38;/team/38/werder-bremen/240002;24;2;22.09.2023;Werder Bremen;19;Bundesliga;1;21;Germany;74;75;74;74;20693423;Wohninvest Weserstadion;28;3;3.0;;151700000.0;27.45;25.26;237595;197031;197031;197031;197031;197031.0;197031.0;197031.0;Pressure on heavy touch;51;51;;;;;;Balanced;Balanced;61;6;3;3;;;;;;;;
55;/team/55/udinese/240002;24;2;22.09.2023;Udinese;31;Serie A;1;27;Italy;74;74;73;74;1553200;Udinese Arena;48;3;4.0;;160000000.0;25.64;24.67;202477;202477;256115;202477;202477;202477.0;202477.0;202477.0;Balanced;41;51;;;;;;Slow build up;Possession;71;5;3;3;;;;;;;;
78;/team/78/celtic/240002;24;2;22.09.2023;Celtic;50;Premiership;1;42;Scotland;74;74;75;71;896460;Celtic Park;86;6;10.0;;80000000.0;25.55;24.64;211093;240734;240734;240734;240734;234111.0;240734.0;240734.0;Press after possession loss;61;81;;;;;;Slow build up;Possession;81;8;3;3;;;;;;;;
189;/team/189/bologna/240002;24;2;22.09.2023;Bologna;31;Serie A;1;27;Italy;74;73;76;73;95726;Euro Arena;110374;2;4.0;;130000000.0;25.27;24.22;233556;242280;242280;242280;242280;233556.0;233556.0;233556.0;Balanced;61;61;;;;;;Slow build up;Possession;61;7;3;3;;;;;;;;
206;/team/206/hellas-verona/240002;24;2;22.09.2023;Hellas Verona;31;Serie A;1;27;Italy;74;71;74;74;455848;Sanderson Park (FIFA 13 NEW generic);48;1;3.0;;89000000.0;25.55;25.32;213404;222148;222148;246457;222148;222148.0;213404.0;222148.0;Pressure on heavy touch;51;61;;;;;;Long ball;Direct passing;61;4;3;3;;;;;;;;
229;/team/229/anderlecht/240002;24;2;22.09.2023;Anderlecht;4;Jupiler Pro League;1;7;Belgium;74;72;75;71;37637489;Stade Municipal;232;5;9.0;;120000000.0;25.91;24.75;172871;236918;172871;236918;236918;228687.0;236918.0;236918.0;Pressure on heavy touch;61;71;;;;;;Balanced;Balanced;61;6;3;3;;;;;;;;
231;/team/231/club-brugge/240002;24;2;22.09.2023;Club Brugge;4;Jupiler Pro League;1;7;Belgium;74;72;74;72;37337215;Waldstadion (Fussballstadion);229;5;10.0;;184000000.0;24.27;23.93;200155;200155;251479;200155;240017;200155.0;240017.0;240017.0;Pressure on heavy touch;41;61;;;;;;Balanced;Balanced;61;4;3;3;;;;;;;;
436;/team/436/trabzonspor/240002;24;2;22.09.2023;Trabzonspor;68;Super Lig;1;48;Turkey;74;73;75;71;463191;Sanderson Park (FIFA 13 NEW generic);326;5;7.0;;38000000.0;27.73;25.63;226300;208250;208250;208250;208250;205678.0;208250.0;208250.0;Balanced;61;51;;;;;;Slow build up;Possession;61;6;3;3;;;;;;;;
452;/team/452/espanyol/240002;24;2;22.09.2023;Espanyol;54;La Liga 2;2;45;Spain;74;76;74;74;62986;RCDE Stadium;241;3;10.0;;55000000.0;27.64;24.7;192816;229631;229631;229631;228326;193290.0;229631.0;228326.0;Press after possession loss;61;51;;;;;;Slow build up;Possession;61;4;3;3;;;;;;;;
472;/team/472/las-palmas/240002;24;2;22.09.2023;Las Palmas;53;La Liga;1;45;Spain;74;75;75;72;7330518;Estadio de Gran Canaria;260;1;2.0;;45000000.0;25.73;25.89;198164;198164;198164;198164;198164;198164.0;198164.0;198164.0;Press after possession loss;41;71;;;;;;Slow build up;Possession;61;6;3;3;;;;;;;;
1039;/team/1039/athletico-paranaense/240002;24;2;22.09.2023;Athletico Paranaense;7;Serie A;1;54;Brazil;74;74;72;76;526223;Stade Municipal;1053;4;5.0;;77000000.0;28.45;28.2;230375;230267;230267;230267;230267;230497.0;230355.0;230355.0;Balanced;51;61;;;;;;Slow build up;Possession;51;3;3;3;;;;;;;;
1048;/team/1048/internacional/240002;24;2;22.09.2023;Internacional;7;Serie A;1;54;Brazil;74;71;74;75;251872;O Dromo;1041;6;7.0;;35000000.0;28.09;27.8;230313;230431;230276;230183;230431;230183.0;230431.0;230183.0;Balanced;51;51;;;;;;Long ball;Direct passing;61;4;3;3;;;;;;;;
1796;/team/1796/burnley/240002;24;2;22.09.2023;Burnley;13;Premier League;1;14;England;74;69;74;73;9954;Turf Moor;3;1;2.0;;178500000.0;24.0;24.3;228151;228151;228151;228151;228151;262642.0;191076.0;191076.0;Pressure on heavy touch;51;61;;;;;;Slow build up;Possession;71;6;3;3;;;;;;;;
1884;/team/1884/panathinaikos/240002;24;2;22.09.2023;Panathinaikos;63;Super League;1;22;Greece;74;74;75;72;11311416;Stadio Classico;278;4;7.0;;45000000.0;29.55;28.5;190156;205525;190156;205525;205525;231786.0;212715.0;212715.0;Pressure on heavy touch;41;51;;;;;;Slow build up;Possession;61;4;3;3;;;;;;;;
100409;/team/100409/fc-augsburg/240002;24;2;22.09.2023;FC Augsburg;19;Bundesliga;1;21;Germany;74;72;74;74;38927;WWK Arena;21;3;4.0;;145300000.0;24.82;24.19;238900;272874;272874;272874;272874;238900.0;272874.0;272874.0;Balanced;61;51;;;;;;Long ball;Direct passing;61;4;3;3;;;;;;;;
112387;/team/112387/al-ahli-jeddah/240002;24;2;22.09.2023;Al Ahli Jeddah;350;Pro League;1;183;Saudi Arabia;74;76;76;70;30314;King Abdullah Sports City;607;5;7.0;;250700000.0;27.55;25.77;230938;188388;188388;204485;188388;188388.0;188388.0;188388.0;Pressure on heavy touch;71;61;;;;;;Balanced;Balanced;71;5;3;3;;;;;;;;
112472;/team/112472/bragantino/240002;24;2;22.09.2023;Bragantino;7;Serie A;1;54;Brazil;74;74;73;75;216863;Arena del Centenario (Estadio del Pueblo);1041;1;1.0;;18000000.0;27.36;27.8;230294;230281;230294;230281;230281;230294.0;230256.0;230360.0;Press after possession loss;61;61;;;;;;Balanced;Balanced;71;3;3;3;;;;;;;;
8;/team/8/leeds-united/240002;24;2;22.09.2023;Leeds United;14;Championship;2;14;England;73;72;72;72;460535;Elland Road;1939;2;10.0;;423100000.0;22.27;23.6;239360;251954;235735;251954;251954;247249.0;251954.0;270208.0;Press after possession loss;51;51;;;;;;Fast build up;Forward runs;61;5;3;3;;;;;;;;
17;/team/17/southampton/240002;24;2;22.09.2023;Southampton;14;Championship;2;14;England;73;71;70;74;904;St. Mary's Stadium;1790;3;9.0;;395000000.0;24.64;23.63;221841;202282;202282;202282;202282;221841.0;202282.0;202282.0;Pressure on heavy touch;51;61;;;;;;Slow build up;Possession;61;5;3;3;;;;;;;;
36;/team/36/vfb-stuttgart/240002;24;2;22.09.2023;VfB Stuttgart;19;Bundesliga;1;21;Germany;73;76;73;73;38217;Mercedes-Benz Arena (Stuttgart);25;4;3.0;;279100000.0;24.91;23.03;229476;241925;241925;215441;241925;215441.0;241925.0;250959.0;Balanced;51;51;;;;;;Balanced;Balanced;71;4;3;3;;;;;;;;
70;/team/70/montpellier/240002;24;2;22.09.2023;Montpellier;16;Ligue 1;1;18;France;73;68;75;73;456603;Forest Park Stadium (Square Ground);219;2;4.0;;110000000.0;28.0;25.29;205686;205686;205686;205686;205686;205686.0;205686.0;205686.0;Balanced;51;51;;;;;;Fast build up;Forward runs;51;4;3;3;;;;;;;;
71;/team/71/nantes/240002;24;2;22.09.2023;Nantes;16;Ligue 1;1;18;France;73;73;73;73;361268;Estadio de las Artes (Generic Stadium NG);74;2;4.0;;150000000.0;27.0;24.7;231691;209288;209288;209288;209288;216820.0;209288.0;261616.0;Balanced;51;41;;;;;;Balanced;Balanced;71;3;3;3;;;;;;;;
86;/team/86/rangers/240002;24;2;22.09.2023;Rangers;50;Premiership;1;42;Scotland;73;72;74;74;37633958;Ibrox Stadium;78;6;10.0;;60000000.0;27.18;26.25;195479;195479;195479;195479;195479;195479.0;195479.0;241673.0;Press after possession loss;51;71;;;;;;Slow build up;Possession;51;6;3;3;;;;;;;;
160;/team/160/vfl-bochum-1848/240002;24;2;22.09.2023;VfL Bochum 1848;19;Bundesliga;1;21;Germany;73;74;73;73;526236;Vonovia Ruhrstadion;34;1;2.0;;66300000.0;30.27;26.7;199288;204497;204497;204497;204497;206606.0;204497.0;204497.0;Press after possession loss;51;61;;;;;;Long ball;Direct passing;81;3;3;3;;;;;;;;
191;/team/191/salzburg/240002;24;2;22.09.2023;Salzburg;80;Bundesliga;1;4;Austria;73;69;73;73;1854915;Waldstadion (Fussballstadion);254;6;10.0;;240000000.0;21.18;21.46;257345;274445;246402;274445;274445;274445.0;257345.0;260876.0;Press after possession loss;51;71;;;;;;Fast build up;Forward runs;61;5;3;3;;;;;;;;
217;/team/217/lorient/240002;24;2;22.09.2023;Lorient;16;Ligue 1;1;18;France;73;73;73;73;529482;Molton Road (Sheldon Stadium);74;1;3.0;;100000000.0;25.91;24.17;213367;242577;242577;242577;242577;261084.0;213367.0;242577.0;Balanced;61;51;;;;;;Balanced;Balanced;61;5;3;3;;;;;;;;
230;/team/230/antwerp/240002;24;2;22.09.2023;Antwerp;4;Jupiler Pro League;1;7;Belgium;73;76;72;73;24381;Forest Park Stadium (Square Ground);231;5;9.0;;120000000.0;25.45;23.69;184087;226537;243249;226537;243249;226537.0;225653.0;243249.0;Balanced;51;51;;;;;;Balanced;Balanced;51;3;3;3;;;;;;;;
266;/team/266/slavia-praha/240002;24;2;22.09.2023;Slavia Praha;319;Fortuna Liga;1;12;Czech Republic;73;71;74;74;455705;Stade Municipal;267;6;10.0;;70000000.0;26.73;25.74;251116;254909;264330;264330;254909;269510.0;264330.0;264330.0;Press after possession loss;51;61;;;;;;Balanced;Balanced;71;5;3;3;;;;;;;;
267;/team/267/sparta-praha/240002;24;2;22.09.2023;Sparta Praha;319;Fortuna Liga;1;12;Czech Republic;73;73;73;74;34455285;Waldstadion (Fussballstadion);266;4;9.0;;60000000.0;25.45;24.73;252064;227562;227562;227562;227562;257536.0;227562.0;227562.0;Pressure on heavy touch;61;61;;;;;;Balanced;Balanced;61;5;3;3;;;;;;;;
379;/team/379/stade-de-reims/240002;24;2;22.09.2023;Stade de Reims;16;Ligue 1;1;18;France;73;69;75;72;5961878;Stade Municipal;294;1;4.0;;120000000.0;25.73;23.81;206493;232905;232905;232905;232905;244309.0;232905.0;232905.0;Pressure on heavy touch;61;51;;;;;;Fast build up;Forward runs;71;3;3;3;;;;;;;;
598;/team/598/sao-paulo/240002;24;2;22.09.2023;S?o Paulo;7;Serie A;1;54;Brazil;73;72;73;73;460565;El Monumento (Estadio Latino);383;6;9.0;;50000000.0;29.55;30.0;230385;230385;230222;230385;230385;230385.0;230222.0;230385.0;Pressure on heavy touch;41;71;;;;;;Slow build up;Possession;61;7;3;3;;;;;;;;
673;/team/673/genk/240002;24;2;22.09.2023;Genk;4;Jupiler Pro League;1;7;Belgium;73;71;72;73;3533861;Waldstadion (Fussballstadion);680;5;8.0;;128000000.0;24.0;23.04;229659;244791;229659;244791;244791;229659.0;229659.0;229659.0;Pressure on heavy touch;61;61;;;;;;Balanced;Balanced;61;5;3;3;;;;;;;;
1041;/team/1041/corinthians/240002;24;2;22.09.2023;Corinthians;7;Serie A;1;54;Brazil;73;74;73;74;784461;Stadio Classico;383;7;8.0;;134000000.0;29.18;28.2;230258;230470;230442;230470;230470;230442.0;230470.0;230470.0;Balanced;51;61;;;;;;Balanced;Balanced;51;3;3;3;;;;;;;;
1053;/team/1053/santos/240002;24;2;22.09.2023;Santos;7;Serie A;1;54;Brazil;73;74;73;72;455809;Arena del Centenario (Estadio del Pueblo);1035;8;7.0;;40000000.0;29.91;28.8;230328;230464;230423;230464;230464;230498.0;230464.0;230464.0;Balanced;51;61;;;;;;Fast build up;Forward runs;51;4;3;3;;;;;;;;
1746;/team/1746/empoli/240002;24;2;22.09.2023;Empoli;31;Serie A;1;27;Italy;73;74;74;72;10269848;Euro Arena;110374;1;2.0;;50000000.0;26.73;24.58;220534;235813;235813;235813;269312;235813.0;235813.0;224213.0;Press after possession loss;41;71;;;;;;Slow build up;Possession;51;7;3;3;;;;;;;;
1794;/team/1794/sheffield-united/240002;24;2;22.09.2023;Sheffield United;13;Premier League;1;14;England;73;72;74;72;10127;Bramall Lane;1807;1;1.0;;169500000.0;27.36;24.45;204936;186143;186143;186143;186143;186143.0;186143.0;186143.0;Balanced;61;61;;;;;;Fast build up;Forward runs;51;4;3;3;;;;;;;;
1906;/team/1906/az-alkmaar/240002;24;2;22.09.2023;AZ Alkmaar;10;Eredivisie;1;34;Netherlands;73;71;73;71;459182;Stadion Neder;245;4;8.0;;119800000.0;24.36;22.47;199422;242916;242916;242916;234671;239361.0;242916.0;242916.0;Press after possession loss;61;61;;;;;;Slow build up;Possession;61;6;3;3;;;;;;;;
101085;/team/101085/racing-club/240002;24;2;22.09.2023;Racing Club;353;Liga Profesional;1;52;Argentina;73;74;73;73;128851;Estadio Presidente Perón (El Cilindro);110093;7;9.0;;78100000.0;29.09;26.25;223249;219670;236668;219670;219670;203872.0;211489.0;219670.0;Balanced;61;71;;;;;;Slow build up;Possession;61;3;3;3;;;;;;;;
110373;/team/110373/salernitana/240002;24;2;22.09.2023;Salernitana;31;Serie A;1;27;Italy;73;74;73;71;524018;Stadio Classico;48;1;3.0;;70000000.0;26.91;26.5;173221;173221;173221;173221;173221;173221.0;173221.0;173221.0;Pressure on heavy touch;51;51;;;;;;Fast build up;Forward runs;71;5;3;3;;;;;;;;
110468;/team/110468/viktoria-plzen/240002;24;2;22.09.2023;Viktoria Plzeò;319;Fortuna Liga;1;12;Czech Republic;73;72;73;72;458543;Court Lane;266;4;9.0;;40000000.0;28.09;27.42;199244;251221;251221;251221;251221;255699.0;251221.0;251221.0;Balanced;61;51;;;;;;Balanced;Balanced;71;5;3;3;;;;;;;;
110556;/team/110556/genoa/240002;24;2;22.09.2023;Genoa;31;Serie A;1;27;Italy;73;76;73;71;127771;Stadion Europa (Generic Europe 2);1837;2;2.0;;75000000.0;27.09;26.46;201144;201144;201144;201144;201144;238004.0;201144.0;201144.0;Press after possession loss;51;61;;;;;;Slow build up;Possession;61;3;3;3;;;;;;;;
110832;/team/110832/granada/240002;24;2;22.09.2023;Granada;53;La Liga;1;45;Spain;73;76;72;72;533904;Estadio Nuevo Los Cármenes;449;1;2.0;;50000000.0;28.0;26.71;243431;185020;185020;185020;185020;261204.0;185020.0;185020.0;Balanced;41;51;;;;;;Fast build up;Forward runs;71;3;3;3;;;;;;;;
112893;/team/112893/inter-miami/240002;24;2;22.09.2023;Inter Miami;39;Major League Soccer;1;95;United States;73;77;71;72;37699904;Crown Lane;112606;2;4.0;;330000000.0;26.45;25.83;158023;158023;189511;158023;158023;207877.0;189332.0;158023.0;Balanced;61;51;;;;;;Slow build up;Possession;71;3;3;3;;;;;;;;
76;/team/76/strasbourg/240002;24;2;22.09.2023;Strasbourg;16;Ligue 1;1;18;France;72;72;72;72;37558369;Stade Municipal;68;2;4.0;;130000000.0;26.64;23.75;199641;176600;176600;176600;176600;176600.0;227222.0;220905.0;Balanced;41;71;;;;;;Balanced;Balanced;71;4;3;3;;;;;;;;
347;/team/347/lecce/240002;24;2;22.09.2023;Lecce;31;Serie A;1;27;Italy;72;74;68;72;131252;Stadio Classico;1848;1;2.0;;55000000.0;25.18;22.91;235949;235949;243787;235949;235949;235949.0;235949.0;235949.0;Pressure on heavy touch;51;51;;;;;;Fast build up;Forward runs;71;3;3;3;;;;;;;;
378;/team/378/brest/240002;24;2;22.09.2023;Brest;16;Ligue 1;1;18;France;72;72;73;72;95212;Crown Lane;62;1;2.0;;92000000.0;27.0;25.35;215410;231612;231612;231612;231612;231612.0;231612.0;231612.0;Balanced;61;51;;;;;;Slow build up;Possession;71;7;3;3;;;;;;;;
393;/team/393/paok/240002;24;2;22.09.2023;PAOK;63;Super League;1;22;Greece;72;72;73;70;458545;Stadio Classico;278;4;9.0;;80000000.0;26.73;26.79;204688;220746;220746;220746;220746;204688.0;220746.0;220746.0;Pressure on heavy touch;51;61;;;;;;Slow build up;Possession;61;6;3;3;;;;;;;;
462;/team/462/real-valladolid/240002;24;2;22.09.2023;Real Valladolid;54;La Liga 2;2;45;Spain;72;71;72;72;186071;Estadio José Zorrilla;459;1;9.0;;11000000.0;27.18;24.72;199575;241933;241933;241933;241933;215639.0;241933.0;241933.0;Pressure on heavy touch;51;51;;;;;;Fast build up;Forward runs;51;5;3;3;;;;;;;;
463;/team/463/deportivo-alaves/240002;24;2;22.09.2023;Deportivo Alavés;53;La Liga;1;45;Spain;72;73;73;73;16111977;Estadio de Mendizorroza;448;1;2.0;;13000000.0;27.0;24.04;226637;224415;224415;224415;224415;224415.0;224415.0;224415.0;Balanced;51;41;;;;;;Long ball;Direct passing;61;3;3;3;;;;;;;;
468;/team/468/elche/240002;24;2;22.09.2023;Elche;54;La Liga 2;2;45;Spain;72;73;71;71;453012;Estadio Martínez Valero;1853;1;9.0;;5000000.0;28.91;26.92;189172;189172;189172;189172;189172;189172.0;189172.0;189172.0;Balanced;51;51;;;;;;Long ball;Direct passing;51;3;3;3;;;;;;;;
567;/team/567/fluminense/240002;24;2;22.09.2023;Fluminense;7;Serie A;1;54;Brazil;72;74;72;72;459133;O Dromo;1043;4;9.0;;30000000.0;28.82;28.6;230271;230337;230271;230337;230337;230278.0;230337.0;230337.0;Balanced;51;51;;;;;;Slow build up;Possession;51;4;3;3;;;;;;;;
674;/team/674/gent/240002;24;2;22.09.2023;Gent;4;Jupiler Pro League;1;7;Belgium;72;73;72;70;896519;Stadion Neder;231;5;9.0;;147000000.0;25.73;24.48;176009;176009;176009;176009;176009;236947.0;176009.0;176009.0;Pressure on heavy touch;51;61;;;;;;Slow build up;Possession;61;6;3;3;;;;;;;;
819;/team/819/kobenhavn/240002;24;2;22.09.2023;K?benhavn;1;Superliga;1;13;Denmark;72;70;73;72;117955;Eastpoint Arena (Football Ground);269;4;10.0;;70300000.0;25.82;24.57;207554;231390;231390;231390;231390;231390.0;231390.0;231390.0;Press after possession loss;61;61;;;;;;Slow build up;Possession;71;6;3;3;;;;;;;;
1013;/team/1013/san-lorenzo/240002;24;2;22.09.2023;San Lorenzo;353;Liga Profesional;1;52;Argentina;72;71;72;73;34492065;El Libertador (La Bombastico);111711;7;9.0;;107500000.0;26.09;25.29;231360;237994;231360;237994;246690;246690.0;237994.0;237994.0;Balanced;51;51;;;;;;Long ball;Direct passing;51;3;3;3;;;;;;;;
1792;/team/1792/norwich-city/240002;24;2;22.09.2023;Norwich City;14;Championship;2;14;England;72;70;72;71;524257;Carrow Road;94;1;8.0;;145000000.0;27.36;25.6;201368;270571;270571;270571;270571;201368.0;270571.0;270571.0;Press after possession loss;41;51;;;;;;Slow build up;Possession;71;4;3;3;;;;;;;;
1815;/team/1815/clermont/240002;24;2;22.09.2023;Clermont;16;Ligue 1;1;18;France;72;71;72;71;530329;Euro Park;1819;1;2.0;;75000000.0;27.91;25.84;193116;198731;208861;208861;198731;222636.0;198731.0;198731.0;Pressure on heavy touch;61;51;;;;;;Slow build up;Possession;61;4;3;3;;;;;;;;
1842;/team/1842/cagliari/240002;24;2;22.09.2023;Cagliari;31;Serie A;1;27;Italy;72;72;72;71;128311;Stadio Classico;48;1;2.0;;65000000.0;25.0;26.5;230965;240100;240100;240100;240100;259011.0;240100.0;240100.0;Pressure on heavy touch;51;61;;;;;;Long ball;Direct passing;61;4;3;3;;;;;;;;
1923;/team/1923/luton-town/240002;24;2;22.09.2023;Luton Town;13;Premier League;1;14;England;72;72;72;72;562;Court Lane;1795;1;1.0;;107500000.0;26.55;26.8;211363;252483;211363;252483;199189;229375.0;199189.0;252483.0;Pressure on heavy touch;51;51;;;;;;Balanced;Balanced;71;4;3;3;;;;;;;;
101016;/team/101016/adana-demirspor/240002;24;2;22.09.2023;Adana Demirspor;68;Super Lig;1;48;Turkey;72;71;74;73;23836;Stadion Europa (Generic Europe 2);741;1;2.0;;34000000.0;29.0;26.55;198200;193738;193738;193738;193738;204077.0;193738.0;193738.0;Balanced;51;51;;;;;;Balanced;Balanced;51;5;3;3;;;;;;;;
101083;/team/101083/estudiantes/240002;24;2;22.09.2023;Estudiantes;353;Liga Profesional;1;52;Argentina;72;73;72;72;213970;Stadio Classico;101084;8;8.0;;90500000.0;28.55;26.79;173857;215155;215155;252114;215155;161938.0;252114.0;215155.0;Pressure on heavy touch;51;51;;;;;;Fast build up;Forward runs;51;6;3;3;;;;;;;;
112670;/team/112670/talleres-cordoba/240002;24;2;22.09.2023;Talleres Córdoba;353;Liga Profesional;1;52;Argentina;72;71;72;71;252450;O Dromo;111022;3;6.0;;20000000.0;25.36;22.86;215251;267629;267629;267629;267629;238194.0;267629.0;267629.0;Balanced;71;51;;;;;;Balanced;Balanced;71;3;3;3;;;;;;;;
112996;/team/112996/los-angeles-fc/240002;24;2;22.09.2023;Los Angeles FC;39;Major League Soccer;1;95;United States;72;75;71;72;29838;BMO Stadium;697;5;8.0;;427500000.0;29.09;25.47;169416;169416;169416;169416;169416;169416.0;169416.0;169416.0;Press after possession loss;41;61;;;;;;Balanced;Balanced;51;6;3;3;;;;;;;;
12;/team/12/middlesbrough/240002;24;2;22.09.2023;Middlesbrough;14;Championship;2;14;England;71;69;70;71;645;Riverside Stadium;13;1;8.0;;84000000.0;25.45;24.5;183422;183422;183422;183422;183422;213697.0;183422.0;183422.0;Balanced;61;41;;;;;;Balanced;Balanced;71;5;3;3;;;;;;;;
28;/team/28/hamburger-sv/240002;24;2;22.09.2023;Hamburger SV;20;2. Bundesliga;2;21;Germany;71;71;71;70;1552477;Volksparkstadion;110329;2;9.0;;156400000.0;25.91;23.72;214948;234728;234728;224970;234728;234728.0;224970.0;234728.0;Pressure on heavy touch;61;71;;;;;;Slow build up;Possession;71;6;3;3;;;;;;;;
34;/team/34/schalke-04/240002;24;2;22.09.2023;Schalke 04;20;2. Bundesliga;2;21;Germany;71;71;70;71;896514;Veltins-Arena;22;4;10.0;;319100000.0;26.64;26.33;183714;229155;229155;229155;229155;183714.0;229155.0;229155.0;Pressure on heavy touch;51;61;;;;;;Balanced;Balanced;61;7;3;3;;;;;;;;
109;/team/109/west-bromwich-albion/240002;24;2;22.09.2023;West Bromwich Albion;14;Championship;2;14;England;71;70;72;70;37453069;The Hawthorns;110;1;7.0;;141000000.0;27.55;26.22;205970;211506;211506;211506;211506;211506.0;223877.0;211506.0;Press after possession loss;51;71;;;;;;Slow build up;Possession;61;4;3;3;;;;;;;;
166;/team/166/hertha-bsc/240002;24;2;22.09.2023;Hertha BSC;20;2. Bundesliga;2;21;Germany;71;70;70;72;29582;Olympiastadion;1831;3;10.0;;260500000.0;24.64;24.07;204776;206463;206463;259522;206463;212002.0;206463.0;206463.0;Balanced;51;61;;;;;;Long ball;Direct passing;61;4;3;3;;;;;;;;
211;/team/211/dinamo-zagreb/240002;24;2;22.09.2023;Dinamo Zagreb;317;1. HNL;1;10;Croatia;71;70;72;71;74546;Euro Arena;263;5;10.0;;98000000.0;25.18;24.61;215455;231007;231007;231007;231007;215455.0;261143.0;261143.0;Balanced;51;51;;;;;;Balanced;Balanced;61;5;3;3;;;;;;;;
263;/team/263/hajduk-split/240002;24;2;22.09.2023;Hajduk Split;317;1. HNL;1;10;Croatia;71;77;70;70;60303;Stadion Hanguk;211;3;9.0;;45000000.0;25.73;24.85;205855;205855;230988;205855;205855;205855.0;230988.0;230988.0;Balanced;51;61;;;;;;Fast build up;Forward runs;51;3;3;3;;;;;;;;
467;/team/467/sd-eibar/240002;24;2;22.09.2023;SD Eibar;54;La Liga 2;2;45;Spain;71;71;72;71;185262;Municipal de Ipurua;457;1;8.0;;29000000.0;27.18;26.54;199986;213937;213937;199986;213937;189857.0;213937.0;213937.0;Press after possession loss;51;71;;;;;;Slow build up;Possession;61;7;3;3;;;;;;;;
517;/team/517/botafogo/240002;24;2;22.09.2023;Botafogo;7;Serie A;1;54;Brazil;71;71;72;70;21412795;O Dromo;567;4;6.0;;22000000.0;29.18;28.8;230397;230397;230468;230468;230397;230516.0;230417.0;230397.0;Balanced;61;51;;;;;;Long ball;Direct passing;61;4;3;3;;;;;;;;
900;/team/900/young-boys/240002;24;2;22.09.2023;Young Boys;189;Super League;1;47;Switzerland;71;74;69;69;37577611;Waldstadion (Fussballstadion);896;5;9.0;;85000000.0;24.82;24.18;244401;236657;236657;236657;236657;;236657.0;236657.0;Press after possession loss;51;61;;;;;;Fast build up;Forward runs;71;4;3;3;;;;;;;;
1516;/team/1516/midtjylland/240002;24;2;22.09.2023;Midtjylland;1;Superliga;1;13;Denmark;71;69;70;72;457649;Stadion Neder;1443;3;9.0;;42500000.0;26.45;25.23;190633;206114;231104;206114;206114;247686.0;206114.0;206114.0;Pressure on heavy touch;71;51;;;;;;Fast build up;Forward runs;51;5;3;3;;;;;;;;
1809;/team/1809/toulouse/240002;24;2;22.09.2023;Toulouse;16;Ligue 1;1;18;France;71;75;71;72;37700640;Stadion Europa (Generic Europe 2);59;1;3.0;;98000000.0;23.73;22.55;228593;242534;242534;242534;229649;252021.0;242534.0;242534.0;Balanced;61;51;;;;;;Slow build up;Possession;61;4;3;3;;;;;;;;
1819;/team/1819/saint-etienne/240002;24;2;22.09.2023;Saint-Étienne;17;Ligue 2;2;18;France;71;70;70;71;94064;Ivy Lane;66;1;9.0;;60000000.0;26.18;24.97;223138;245855;256902;256902;245855;244022.0;245855.0;245855.0;Balanced;41;41;;;;;;Fast build up;Forward runs;61;4;3;3;;;;;;;;
1853;/team/1853/levante/240002;24;2;22.09.2023;Levante;54;La Liga 2;2;45;Spain;71;70;70;71;185346;Estadio Ciutat de Val?ncia;461;1;9.0;;49000000.0;26.18;24.1;214639;243312;243312;243312;243312;262081.0;252598.0;252598.0;Balanced;61;61;;;;;;Balanced;Balanced;71;4;3;3;;;;;;;;
1874;/team/1874/ferencvaros/240002;24;2;22.09.2023;Ferencváros;64;NB I.;1;23;Hungary;71;71;71;70;127597;Stadion Neder;254;4;10.0;;43000000.0;26.18;26.61;221610;205207;237566;275976;205207;245694.0;205207.0;275976.0;Balanced;51;51;;;;;;Fast build up;Forward runs;51;5;3;3;;;;;;;;
1887;/team/1887/vitoria-sc/240002;24;2;22.09.2023;Vitória SC;308;Liga Portugal;1;38;Portugal;71;70;72;69;37675108;Stade Municipal;1896;2;7.0;;40500000.0;26.18;24.48;219754;212474;212474;212474;212474;212474.0;212474.0;212474.0;Balanced;51;61;;;;;;Fast build up;Forward runs;71;3;3;3;;;;;;;;
1908;/team/1908/fc-twente/240002;24;2;22.09.2023;FC Twente;10;Eredivisie;1;34;Netherlands;71;70;70;73;22158402;Waldstadion (Fussballstadion);100634;2;7.0;;69600000.0;24.73;23.44;208462;257502;245209;229435;257502;229435.0;245209.0;245209.0;Press after possession loss;51;61;;;;;;Long ball;Direct passing;61;4;3;3;;;;;;;;
101014;/team/101014/istanbul-basaksehir/240002;24;2;22.09.2023;?stanbul Baºakºehir;68;Super Lig;1;48;Turkey;71;73;71;71;30462;Stadion Neder;325;5;8.0;;49500000.0;28.09;26.85;190593;208053;207924;208053;208053;223113.0;208053.0;208053.0;Balanced;61;61;;;;;;Slow build up;Possession;61;5;3;3;;;;;;;;
101047;/team/101047/dynamo-kyiv/240002;24;2;22.09.2023;Dynamo Kyiv;332;Premier League;1;49;Ukraine;71;69;71;70;459149;Stadion Olympik;101059;6;10.0;;100000000.0;26.18;23.61;244373;244374;244374;244374;244374;244373.0;244374.0;244374.0;Pressure on heavy touch;61;51;;;;;;Balanced;Balanced;71;6;3;3;;;;;;;;
101059;/team/101059/shakhtar-donetsk/240002;24;2;22.09.2023;Shakhtar Donetsk;332;Premier League;1;49;Ukraine;71;74;71;70;37553752;Donbass Arena;101047;7;10.0;;160000000.0;25.36;23.54;206413;237055;206413;195861;237055;247122.0;277456.0;237055.0;Pressure on heavy touch;41;61;;;;;;Slow build up;Possession;51;7;3;3;;;;;;;;
101105;/team/101105/millonarios/240002;24;2;22.09.2023;Millonarios;336;Liga BetPlay;1;56;Colombia;71;72;70;71;3526244;O Dromo;101104;5;9.0;;44500000.0;29.91;26.03;214378;214378;245256;214378;214378;231862.0;214378.0;214378.0;Balanced;51;51;;;;;;Slow build up;Possession;51;5;3;3;;;;;;;;
110093;/team/110093/independiente/240002;24;2;22.09.2023;Independiente;353;Liga Profesional;1;52;Argentina;71;71;72;71;252;Estadio Libertadores de América;101085;8;9.0;;182300000.0;29.73;26.57;215057;215292;215057;215292;215292;215057.0;215057.0;215057.0;Balanced;51;41;;;;;;Long ball;Direct passing;71;4;3;3;;;;;;;;
110395;/team/110395/lanus/240002;24;2;22.09.2023;Lanús;353;Liga Profesional;1;52;Argentina;71;71;71;71;468196;Stadio Classico;110404;5;6.0;;54700000.0;28.82;25.96;215050;265766;265766;265766;265766;214777.0;265766.0;265766.0;Balanced;61;61;;;;;;Balanced;Balanced;61;6;3;3;;;;;;;;
110406;/team/110406/colon/240002;24;2;22.09.2023;Colón;353;Liga Profesional;1;52;Argentina;71;69;71;71;468236;Stadio Classico;111716;3;5.0;;23500000.0;29.73;27.93;214763;215199;215199;215199;215199;226378.0;215199.0;215199.0;Balanced;41;41;;;;;;Fast build up;Forward runs;51;4;3;3;;;;;;;;
110502;/team/110502/darmstadt-98/240002;24;2;22.09.2023;Darmstadt 98;19;Bundesliga;1;21;Germany;71;69;71;71;460255;Forest Park Stadium (Square Ground);1824;1;1.0;;50000000.0;26.18;25.43;208470;251287;251287;251287;251287;251287.0;251287.0;251287.0;Pressure on heavy touch;51;61;;;;;;Balanced;Balanced;61;3;3;3;;;;;;;;
110981;/team/110981/barcelona-guayaquil/240002;24;2;22.09.2023;Barcelona Guayaquil;2018;Liga Pro;1;57;Ecuador;71;73;71;70;127886;Stadion Hanguk;110984;7;10.0;;35500000.0;29.91;28.0;215048;241992;241992;241992;241992;222585.0;241992.0;241992.0;Press after possession loss;51;61;;;;;;Balanced;Balanced;51;3;3;3;;;;;;;;
111008;/team/111008/libertad/240002;24;2;22.09.2023;Libertad;337;Primera División;1;58;Paraguay;71;71;68;70;472575;Arena del Centenario (Estadio del Pueblo);101108;7;9.0;;45500000.0;30.45;28.59;198653;204699;204699;204699;204699;179752.0;204977.0;204977.0;Balanced;51;37;;;;;;Slow build up;Possession;61;6;3;3;;;;;;;;
111019;/team/111019/argentinos-juniors/240002;24;2;22.09.2023;Argentinos Juniors;353;Liga Profesional;1;52;Argentina;71;72;71;71;465797;Arena del Centenario (Estadio del Pueblo);112689;6;6.0;;16500000.0;26.45;25.54;176920;246770;269622;176920;246770;176920.0;224317.0;224317.0;Press after possession loss;41;61;;;;;;Balanced;Balanced;61;5;3;3;;;;;;;;
111052;/team/111052/fortaleza/240002;24;2;22.09.2023;Fortaleza;7;Serie A;1;54;Brazil;71;71;71;72;212007;O Dromo;1043;1;2.0;;4400000.0;27.36;27.0;230227;230227;230227;230227;230227;230433.0;230340.0;230340.0;Pressure on heavy touch;51;61;;;;;;Fast build up;Forward runs;61;3;3;3;;;;;;;;
111235;/team/111235/heidenheim/240002;24;2;22.09.2023;Heidenheim;19;Bundesliga;1;21;Germany;71;72;70;71;458978;Molton Road (Sheldon Stadium);110178;1;1.0;;34400000.0;25.64;25.03;216199;240451;240451;240451;240451;240451.0;240451.0;224980.0;Balanced;61;41;;;;;;Long ball;Direct passing;61;3;3;3;;;;;;;;
111434;/team/111434/cremonese/240002;24;2;22.09.2023;Cremonese;32;Serie B;2;27;Italy;71;72;72;70;1553204;Stadio Classico;1745;1;8.0;;50000000.0;27.82;26.29;178475;207471;258714;207471;207471;178475.0;258714.0;258714.0;Balanced;51;51;;;;;;Long ball;Direct passing;51;6;3;3;;;;;;;;
111674;/team/111674/al-shabab/240002;24;2;22.09.2023;Al Shabab;350;Pro League;1;183;Saudi Arabia;71;74;70;70;185336;Stade Kokoto (Generic Africa 2);112139;4;7.0;;75500000.0;29.36;26.68;178562;178562;178562;178562;178562;208418.0;178562.0;178562.0;Balanced;51;51;;;;;;Fast build up;Forward runs;61;4;3;3;;;;;;;;
111710;/team/111710/defensa-y-justicia/240002;24;2;22.09.2023;Defensa y Justicia;353;Liga Profesional;1;52;Argentina;71;72;71;70;37625768;Arena del Centenario (Estadio del Pueblo);110394;5;6.0;;18100000.0;27.45;26.43;229537;224403;224403;224403;241833;225289.0;224403.0;224403.0;Press after possession loss;51;71;;;;;;Balanced;Balanced;61;8;3;3;;;;;;;;
112134;/team/112134/philadelphia-union/240002;24;2;22.09.2023;Philadelphia Union;39;Major League Soccer;1;95;United States;71;71;71;71;524291;Forest Park Stadium (Square Ground);112828;3;7.0;;266000000.0;27.55;25.24;191173;191173;191173;191173;191173;191173.0;191173.0;239704.0;Press after possession loss;41;51;;;;;;Slow build up;Possession;41;3;3;3;;;;;;;;
112908;/team/112908/independiente-del-valle/240002;24;2;22.09.2023;Independiente del Valle;2018;Liga Pro;1;57;Ecuador;71;71;73;69;37614914;Stade Municipal;110986;7;9.0;;45000000.0;27.45;26.08;220739;220739;220739;220739;220739;220739.0;220739.0;220739.0;Press after possession loss;51;71;;;;;;Fast build up;Forward runs;61;4;3;3;;;;;;;;
50;/team/50/parma/240002;24;2;22.09.2023;Parma;32;Serie B;2;27;Italy;70;68;69;65;130528;Arena d'Oro;189;3;9.0;;71000000.0;24.09;24.68;237297;252794;225475;252794;243154;243154.0;252794.0;243154.0;Balanced;41;41;;;;;;Long ball;Direct passing;61;5;3;3;;;;;;;;
68;/team/68/metz/240002;24;2;22.09.2023;Metz;16;Ligue 1;1;18;France;70;69;68;71;2158433;Forest Park Stadium (Square Ground);76;1;1.0;;70000000.0;27.27;24.52;229236;239740;229236;239740;239740;256856.0;239740.0;239740.0;Balanced;51;61;;;;;;Fast build up;Forward runs;51;5;3;3;;;;;;;;
80;/team/80/hearts/240002;24;2;22.09.2023;Hearts;50;Premiership;1;42;Scotland;70;71;67;69;912;Ivy Lane;81;4;8.0;;8200000.0;25.82;25.86;216218;223747;255157;223747;223747;216218.0;266756.0;223747.0;Press after possession loss;41;61;;;;;;Fast build up;Forward runs;61;5;3;3;;;;;;;;
97;/team/97/millwall/240002;24;2;22.09.2023;Millwall;14;Championship;2;14;England;70;72;71;70;455453;Ivy Lane;19;1;5.0;;22000000.0;26.91;26.26;193549;225317;239373;225317;225317;225317.0;251560.0;251560.0;Balanced;51;41;;;;;;Long ball;Direct passing;51;4;3;3;;;;;;;;
209;/team/209/sturm-graz/240002;24;2;22.09.2023;Sturm Graz;80;Bundesliga;1;4;Austria;70;69;71;70;1452203;Stadion Neder;254;4;7.0;;62000000.0;24.55;22.75;190589;259101;259101;259101;259101;257340.0;259101.0;259101.0;Press after possession loss;71;71;;;;;;Fast build up;Forward runs;61;3;3;3;;;;;;;;
232;/team/232/standard-liege/240002;24;2;22.09.2023;Standard Li?ge;4;Jupiler Pro League;1;7;Belgium;70;69;68;68;121;Waldstadion (Fussballstadion);229;5;8.0;;82000000.0;22.91;23.64;241103;268630;239589;268630;268630;241103.0;268630.0;268630.0;Pressure on heavy touch;51;51;;;;;;Balanced;Balanced;51;4;3;3;;;;;;;;
244;/team/244/real-zaragoza/240002;24;2;22.09.2023;Real Zaragoza;54;La Liga 2;2;45;Spain;70;70;70;70;460096;El Libertador (La Bombastico);110839;2;7.0;;7000000.0;27.09;24.48;188938;241588;256341;241588;256341;230623.0;241588.0;241588.0;Pressure on heavy touch;61;51;;;;;;Slow build up;Possession;61;6;3;3;;;;;;;;
260;/team/260/tenerife/240002;24;2;22.09.2023;Tenerife;54;La Liga 2;2;45;Spain;70;72;70;70;456258;Stadio Classico;472;1;8.0;;7000000.0;27.45;26.3;243993;277069;246169;231414;277069;243993.0;246169.0;246169.0;Pressure on heavy touch;71;61;;;;;;Balanced;Balanced;71;3;3;3;;;;;;;;
271;/team/271/agf/240002;24;2;22.09.2023;AGF;1;Superliga;1;13;Denmark;70;71;68;69;524374;Euro Arena;269;1;7.0;;12700000.0;26.36;24.11;191083;236883;225931;236883;236883;191083.0;225931.0;225931.0;Press after possession loss;51;51;;;;;;Fast build up;Forward runs;61;4;3;3;;;;;;;;
320;/team/320/malmo-ff/240002;24;2;22.09.2023;Malmö FF;56;Allsvenskan;1;46;Sweden;70;71;70;70;37646925;Stade Municipal;319;4;10.0;;57500000.0;26.82;26.96;194201;273694;273694;256782;273694;205985.0;236259.0;273694.0;Press after possession loss;51;61;;;;;;Slow build up;Possession;31;8;3;3;;;;;;;;
459;/team/459/sporting-gijon/240002;24;2;22.09.2023;Sporting Gijón;54;La Liga 2;2;45;Spain;70;69;69;71;36083600;Stade Municipal;110827;1;7.0;;17000000.0;26.09;25.13;221430;229991;229991;229991;229991;221430.0;229991.0;229991.0;Balanced;41;41;;;;;;Fast build up;Forward runs;61;3;3;3;;;;;;;;
485;/team/485/hannover-96/240002;24;2;22.09.2023;Hannover 96;20;2. Bundesliga;2;21;Germany;70;67;70;70;33182;HDI-Arena;110500;1;7.0;;90100000.0;25.82;24.48;186148;250941;210665;210489;250941;226050.0;250941.0;226167.0;Balanced;41;51;;;;;;Fast build up;Forward runs;81;6;3;3;;;;;;;;
670;/team/670/sporting-charleroi/240002;24;2;22.09.2023;Sporting Charleroi;4;Jupiler Pro League;1;7;Belgium;70;69;71;67;1030184;Ivy Lane;232;4;5.0;;37000000.0;23.64;24.21;220782;220782;220782;220782;220782;262925.0;220782.0;220782.0;Balanced;41;37;;;;;;Fast build up;Forward runs;51;4;3;3;;;;;;;;
691;/team/691/new-england/240002;24;2;22.09.2023;New England;39;Major League Soccer;1;95;United States;70;70;71;69;37460590;Stadion Hanguk;689;3;5.0;;220500000.0;28.36;26.47;210930;210930;210930;210930;210930;210930.0;210930.0;210930.0;Press after possession loss;41;61;;;;;;Slow build up;Possession;61;5;3;3;;;;;;;;
697;/team/697/la-galaxy/240002;24;2;22.09.2023;LA Galaxy;39;Major League Soccer;1;95;United States;70;70;69;68;516577;Dignity Health Sports Park;112996;6;9.0;;432000000.0;27.09;26.83;204677;242816;201895;201895;242816;251105.0;242816.0;242816.0;Balanced;71;51;;;;;;Slow build up;Possession;81;6;3;3;;;;;;;;
744;/team/744/rio-ave/240002;24;2;22.09.2023;Rio Ave;308;Liga Portugal;1;38;Portugal;70;69;70;70;1553235;Stadion 23. Maj;1896;2;3.0;;16500000.0;27.73;26.92;186748;251294;251294;251294;251294;251294.0;251294.0;251294.0;Pressure on heavy touch;51;51;;;;;;Balanced;Balanced;51;5;3;3;;;;;;;;
748;/team/748/samsunspor/240002;24;2;22.09.2023;Samsunspor;68;Super Lig;1;48;Turkey;70;70;71;67;460980;Stadion Europa (Generic Europe 2);436;3;4.0;;15000000.0;27.91;26.88;211287;218745;218745;223134;218745;218745.0;218745.0;218745.0;Balanced;61;51;;;;;;Slow build up;Possession;51;3;3;3;;;;;;;;
918;/team/918/bodo-glimt/240002;24;2;22.09.2023;Bod? / Glimt;41;Eliteserien;1;36;Norway;70;69;71;71;452732;Town Park;418;4;9.0;;27100000.0;26.09;24.54;222227;224874;224874;224874;224874;224874.0;222227.0;222227.0;Press after possession loss;61;81;;;;;;Fast build up;Forward runs;71;5;3;3;;;;;;;;
1473;/team/1473/ulsan/240002;24;2;22.09.2023;Ulsan;83;K League 1;1;167;Korea Republic;70;72;69;69;452818;Waldstadion (Fussballstadion);1474;7;10.0;;19500000.0;28.82;28.82;227790;205401;205401;205401;205401;213189.0;205401.0;205401.0;Balanced;51;51;;;;;;Slow build up;Possession;61;6;3;3;;;;;;;;
1477;/team/1477/jeonbuk-motors/240002;24;2;22.09.2023;Jeonbuk Motors;83;K League 1;1;167;Korea Republic;70;69;70;70;319820;Ivy Lane;983;7;9.0;;20000000.0;27.09;27.96;200588;237424;237424;237424;237424;237424.0;237424.0;237424.0;Press after possession loss;61;61;;;;;;Slow build up;Possession;61;8;3;3;;;;;;;;
1738;/team/1738/le-havre/240002;24;2;22.09.2023;Le Havre;16;Ligue 1;1;18;France;70;70;70;71;3187813;Waldstadion (Fussballstadion);210;1;2.0;;65000000.0;25.73;23.75;262237;245364;245364;245364;245364;245364.0;245364.0;245364.0;Balanced;61;41;;;;;;Balanced;Balanced;61;3;3;3;;;;;;;;
1745;/team/1745/como/240002;24;2;22.09.2023;Como;32;Serie B;2;27;Italy;70;71;70;68;462195;Town Park;111811;1;5.0;;18000000.0;25.36;26.28;220933;254579;220933;254579;254579;237715.0;254579.0;238474.0;Balanced;41;51;;;;;;Balanced;Balanced;41;3;3;3;;;;;;;;
1795;/team/1795/watford/240002;24;2;22.09.2023;Watford;14;Championship;2;14;England;70;70;71;69;896570;Vicarage Road;1923;2;8.0;;152500000.0;24.64;24.27;209532;242794;242794;242794;242794;242794.0;242794.0;242794.0;Press after possession loss;51;51;;;;;;Fast build up;Forward runs;61;4;3;3;;;;;;;;
1800;/team/1800/coventry-city/240002;24;2;22.09.2023;Coventry City;14;Championship;2;14;England;70;71;71;70;455489;Molton Road (Sheldon Stadium);95;1;6.0;;16500000.0;26.18;24.13;173671;225441;225441;225441;225441;187157.0;225441.0;251555.0;Press after possession loss;51;61;;;;;;Fast build up;Forward runs;71;4;3;3;;;;;;;;
1801;/team/1801/preston-north-end/240002;24;2;22.09.2023;Preston North End;14;Championship;2;14;England;70;69;70;68;8170;Molton Road (Sheldon Stadium);1926;1;5.0;;20000000.0;25.73;24.83;216464;216464;216464;216464;216464;201911.0;216464.0;216464.0;Balanced;51;51;;;;;;Fast build up;Forward runs;61;3;3;3;;;;;;;;
1806;/team/1806/stoke-city/240002;24;2;22.09.2023;Stoke City;14;Championship;2;14;England;70;71;70;69;173023;Stoke City FC Stadium;1928;1;6.0;;55000000.0;25.45;24.72;217826;201887;201887;201887;201887;201887.0;201887.0;201887.0;Press after possession loss;61;61;;;;;;Fast build up;Forward runs;61;4;3;3;;;;;;;;
1843;/team/1843/palermo/240002;24;2;22.09.2023;Palermo;32;Serie B;2;27;Italy;70;72;70;70;127492;Stadio Classico;111657;2;8.0;;24000000.0;27.91;25.96;253019;212381;212381;212381;212381;253019.0;220517.0;212381.0;Balanced;41;51;;;;;;Slow build up;Possession;61;5;3;3;;;;;;;;
1903;/team/1903/fc-utrecht/240002;24;2;22.09.2023;FC Utrecht;10;Eredivisie;1;34;Netherlands;70;67;70;70;456555;Ivy Lane;245;2;6.0;;60800000.0;25.73;24.32;207725;256890;198006;198006;256890;198006.0;198006.0;256890.0;Balanced;41;41;;;;;;Balanced;Balanced;61;3;3;3;;;;;;;;
1952;/team/1952/hull-city/240002;24;2;22.09.2023;Hull City;14;Championship;2;14;England;70;69;71;70;126;MKM Stadium;8;1;3.0;;15300000.0;25.45;23.6;224099;237619;237619;237619;225151;223154.0;237619.0;237619.0;Balanced;41;51;;;;;;Slow build up;Possession;61;4;3;3;;;;;;;;
1961;/team/1961/cardiff-city/240002;24;2;22.09.2023;Cardiff City;14;Championship;2;50;Wales;70;70;71;68;465167;Cardiff City Stadium;1960;1;4.0;;70000000.0;26.91;24.97;204464;204464;204464;204464;204464;204464.0;204464.0;204464.0;Balanced;51;41;;;;;;Balanced;Balanced;61;4;3;3;;;;;;;;
2014;/team/2014/union-saint-gilloise/240002;24;2;22.09.2023;Union Saint-Gilloise;4;Jupiler Pro League;1;7;Belgium;70;68;70;71;35571;Town Park;229;2;8.0;;55000000.0;25.91;24.36;184167;256688;210044;256688;256688;239323.0;244318.0;244318.0;Press after possession loss;51;51;;;;;;Long ball;Direct passing;61;4;3;3;;;;;;;;
101007;/team/101007/ankaragucu/240002;24;2;22.09.2023;Ankaragücü;68;Super Lig;1;48;Turkey;70;71;70;68;37468495;Molton Road (Sheldon Stadium);101033;2;4.0;;24700000.0;27.27;26.22;200754;243914;273997;243914;243914;200754.0;243914.0;243914.0;Balanced;51;51;;;;;;Balanced;Balanced;61;3;3;3;;;;;;;;
101033;/team/101033/konyaspor/240002;24;2;22.09.2023;Konyaspor;68;Super Lig;1;48;Turkey;70;68;70;70;893669;Stadion Europa (Generic Europe 2);101020;3;6.0;;24800000.0;28.64;26.62;224885;224885;224885;224885;224885;224885.0;224885.0;224885.0;Balanced;61;51;;;;;;Balanced;Balanced;61;5;3;3;;;;;;;;
101088;/team/101088/velez-sarsfield/240002;24;2;22.09.2023;Vélez Sarsfield;353;Liga Profesional;1;52;Argentina;70;73;70;71;37686837;Estadio Nacional (El Medio);1013;6;8.0;;70000000.0;26.82;25.07;215147;269292;221053;269292;224510;224510.0;269292.0;221053.0;Press after possession loss;51;61;;;;;;Balanced;Balanced;51;3;3;3;;;;;;;;
101100;/team/101100/atletico-nacional/240002;24;2;22.09.2023;Atlético Nacional;336;Liga BetPlay;1;56;Colombia;70;69;70;70;37703266;El Libertador (La Bombastico);101103;7;10.0;;47500000.0;28.27;24.32;177983;196143;196143;196143;196143;196143.0;267430.0;241020.0;Press after possession loss;41;51;;;;;;Slow build up;Possession;71;6;3;3;;;;;;;;
101103;/team/101103/independiente-medellin/240002;24;2;22.09.2023;Independiente Medellín;336;Liga BetPlay;1;56;Colombia;70;71;70;68;468683;El Libertador (La Bombastico);101100;5;7.0;;32000000.0;27.82;25.88;214332;242426;242426;242426;242426;244947.0;242426.0;242426.0;Balanced;51;51;;;;;;Slow build up;Possession;51;6;3;3;;;;;;;;
101108;/team/101108/olimpia/240002;24;2;22.09.2023;Olimpia;337;Primera División;1;58;Paraguay;70;69;69;69;37686419;Arena d'Oro;112716;7;10.0;;52500000.0;26.64;25.9;216385;218868;218868;218868;218868;218868.0;218868.0;218868.0;Balanced;61;51;;;;;;Slow build up;Possession;61;4;3;3;;;;;;;;
101110;/team/101110/penarol/240002;24;2;22.09.2023;Pe?arol;338;Primera Division;1;60;Uruguay;70;72;70;69;468683;El Libertador (La Bombastico);111325;7;9.0;;43200000.0;28.55;24.92;253271;205119;205119;205119;205119;205119.0;205119.0;205119.0;Press after possession loss;61;61;;;;;;Fast build up;Forward runs;71;5;3;3;;;;;;;;
110580;/team/110580/rosario-central/240002;24;2;22.09.2023;Rosario Central;353;Liga Profesional;1;52;Argentina;70;64;71;70;465612;Stadio Classico;110396;4;7.0;;30000000.0;27.55;24.82;216033;226797;226797;226797;226797;226797.0;226797.0;226797.0;Pressure on heavy touch;71;51;;;;;;Balanced;Balanced;71;7;3;3;;;;;;;;
110636;/team/110636/fortuna-dusseldorf/240002;24;2;22.09.2023;Fortuna Düsseldorf;20;2. Bundesliga;2;21;Germany;70;69;70;70;33212;Düsseldorf-Arena;31;1;7.0;;54300000.0;27.73;24.58;199779;236764;252903;236764;236764;192445.0;252903.0;202088.0;Balanced;41;37;;;;;;Fast build up;Forward runs;51;3;3;3;;;;;;;;
110738;/team/110738/pisa/240002;24;2;22.09.2023;Pisa;32;Serie B;2;27;Italy;70;66;70;67;727;Stadion 23. Maj;110374;1;7.0;;36000000.0;27.36;26.8;252313;178007;178007;178007;178007;205089.0;178007.0;178007.0;Balanced;61;51;;;;;;Fast build up;Forward runs;51;3;3;3;;;;;;;;
110741;/team/110741/spezia/240002;24;2;22.09.2023;Spezia;32;Serie B;2;27;Italy;70;69;72;70;1553203;;110556;1;8.0;;76000000.0;25.09;23.96;234760;252290;252290;252290;252290;225844.0;252290.0;252290.0;Pressure on heavy touch;51;61;;;;;;Fast build up;Forward runs;61;5;3;3;;;;;;;;
110827;/team/110827/real-oviedo/240002;24;2;22.09.2023;Real Oviedo;54;La Liga 2;2;45;Spain;70;69;71;70;456409;Stadion Europa (Generic Europe 2);459;1;6.0;;3900000.0;26.64;25.1;194996;219571;219571;219571;219571;219571.0;219571.0;219571.0;Pressure on heavy touch;41;51;;;;;;Long ball;Direct passing;81;3;3;3;;;;;;;;
110980;/team/110980/colo-colo/240002;24;2;22.09.2023;Colo-Colo;335;Primera Division;1;55;Chile;70;68;72;68;474441;Estadio Nacional (El Medio);110975;6;10.0;;44200000.0;26.27;25.93;214294;242971;242971;242971;242971;242971.0;242971.0;242971.0;Balanced;61;41;;;;;;Balanced;Balanced;71;5;3;3;;;;;;;;
110986;/team/110986/ldu-quito/240002;24;2;22.09.2023;LDU Quito;2018;Liga Pro;1;57;Ecuador;70;71;71;70;524431;Estadio de las Artes (Generic Stadium NG);110981;6;9.0;;28900000.0;30.36;27.52;251132;254206;254206;254206;254206;254206.0;254206.0;254206.0;Balanced;51;71;;;;;;Balanced;Balanced;61;4;3;3;;;;;;;;
111010;/team/111010/alianza-lima/240002;24;2;22.09.2023;Alianza Lima;2020;Primera Division;1;59;Peru;70;72;70;71;258416;Estadio de las Artes (Generic Stadium NG);111013;4;10.0;;30000000.0;29.0;27.32;196434;264796;233078;264796;264796;233078.0;259776.0;264796.0;Balanced;61;41;;;;;;Fast build up;Forward runs;51;3;3;3;;;;;;;;
111117;/team/111117/fatih-karagumruk/240002;24;2;22.09.2023;Fatih Karagümrük;68;Super Lig;1;48;Turkey;70;71;69;70;35468;Stadion Neder;111339;1;1.0;;18200000.0;28.55;26.0;252544;194847;184881;194847;194847;224933.0;194847.0;184881.0;Balanced;61;51;;;;;;Balanced;Balanced;61;4;3;3;;;;;;;;
111138;/team/111138/minnesota-united/240002;24;2;22.09.2023;Minnesota United;39;Major League Soccer;1;95;United States;70;75;70;67;429940;Stadion Hanguk;696;1;3.0;;250000000.0;27.45;26.3;234468;234468;234468;234468;234468;234468.0;234468.0;234468.0;Balanced;41;37;;;;;;Balanced;Balanced;61;4;3;3;;;;;;;;
111140;/team/111140/portland-timbers/240002;24;2;22.09.2023;Portland Timbers;39;Major League Soccer;1;95;United States;70;68;71;67;37715426;Providence Park;111144;3;7.0;;351000000.0;28.73;26.87;203067;234505;234505;234505;234505;234505.0;234505.0;234505.0;Pressure on heavy touch;51;51;;;;;;Fast build up;Forward runs;61;4;3;3;;;;;;;;
111144;/team/111144/seattle-sounders/240002;24;2;22.09.2023;Seattle Sounders;39;Major League Soccer;1;95;United States;70;71;73;69;429937;Lumen Field;111140;7;7.0;;364500000.0;29.64;26.14;197225;197225;197225;197225;197225;197225.0;197225.0;197225.0;Balanced;41;51;;;;;;Balanced;Balanced;51;3;3;3;;;;;;;;
111325;/team/111325/nacional/240002;24;2;22.09.2023;Nacional;338;Primera Division;1;60;Uruguay;70;70;70;69;896664;El Libertador (La Bombastico);101110;8;10.0;;47000000.0;30.36;26.42;188485;253268;232546;253268;253268;253718.0;253268.0;253268.0;Balanced;61;61;;;;;;Fast build up;Forward runs;61;4;3;3;;;;;;;;
111657;/team/111657/frosinone/240002;24;2;22.09.2023;Frosinone;31;Serie A;1;27;Italy;70;70;70;67;458783;Stadion Neder;189;1;1.0;;30000000.0;25.18;24.48;221331;221331;221331;221331;221331;231050.0;231050.0;231050.0;Balanced;61;51;;;;;;Fast build up;Forward runs;71;4;3;3;;;;;;;;
111708;/team/111708/atletico-tucuman/240002;24;2;22.09.2023;Atlético Tucumán;353;Liga Profesional;1;52;Argentina;70;69;71;69;7690084;Estadio Nacional (El Medio);111716;2;4.0;;10000000.0;25.64;25.46;259273;233092;233092;233092;233092;269619.0;233092.0;233092.0;Balanced;51;41;;;;;;Long ball;Direct passing;41;3;3;3;;;;;;;;
111711;/team/111711/huracan/240002;24;2;22.09.2023;Huracán;353;Liga Profesional;1;52;Argentina;70;70;71;69;109688;El Libertador (La Bombastico);1013;2;3.0;;18300000.0;27.27;25.68;213433;235719;222693;235719;235719;259977.0;235719.0;222693.0;Balanced;51;37;;;;;;Fast build up;Forward runs;61;3;3;3;;;;;;;;
111715;/team/111715/tigre/240002;24;2;22.09.2023;Tigre;353;Liga Profesional;1;52;Argentina;70;70;71;70;438064;Crown Lane;112689;3;4.0;;12000000.0;28.09;25.54;188968;228179;228179;228179;228179;228179.0;256502.0;228179.0;Balanced;51;51;;;;;;Fast build up;Forward runs;51;4;3;3;;;;;;;;
111928;/team/111928/san-jose-earthquakes/240002;24;2;22.09.2023;San Jose Earthquakes;39;Major League Soccer;1;95;United States;70;72;71;68;31238816;Crown Lane;697;2;4.0;;240000000.0;26.91;25.13;237257;231150;237257;231150;231150;237256.0;226385.0;226385.0;Press after possession loss;81;61;;;;;;Slow build up;Possession;81;3;3;3;;;;;;;;
112001;/team/112001/america-mineiro/240002;24;2;22.09.2023;América Mineiro;7;Serie A;1;54;Brazil;70;67;69;71;893783;Estadio Nacional (El Medio);1035;2;2.0;;3300000.0;30.64;30.8;230208;236071;230393;236071;236071;230300.0;236071.0;230422.0;Balanced;51;51;;;;;;Fast build up;Forward runs;51;3;3;3;;;;;;;;
112096;/team/112096/al-ettifaq/240002;24;2;22.09.2023;Al Ettifaq;350;Pro League;1;183;Saudi Arabia;70;73;73;64;37685707;Stade Kokoto (Generic Africa 2);112883;3;6.0;;25500000.0;28.91;25.62;183711;208008;224962;224962;208008;211591.0;224962.0;208008.0;Pressure on heavy touch;51;51;;;;;;Slow build up;Possession;51;3;3;3;;;;;;;;
112513;/team/112513/arouca/240002;24;2;22.09.2023;Arouca;308;Liga Portugal;1;38;Portugal;70;70;69;70;463146;Aloha Park (Generic Oceania 2);111539;1;2.0;;5700000.0;27.18;25.25;192636;192636;192636;192636;192636;192636.0;192636.0;192636.0;Balanced;41;51;;;;;;Balanced;Balanced;51;3;3;3;;;;;;;;
112809;/team/112809/famalicao/240002;24;2;22.09.2023;Famalic?o;308;Liga Portugal;1;38;Portugal;70;71;69;70;37257773;_Longville Stadium;1888;1;4.0;;15000000.0;23.27;22.82;252095;237378;236830;251615;237378;229319.0;251615.0;237378.0;Pressure on heavy touch;51;51;;;;;;Balanced;Balanced;51;4;3;3;;;;;;;;
113149;/team/113149/cincinnati/240002;24;2;22.09.2023;Cincinnati;39;Major League Soccer;1;95;United States;70;70;72;67;261421;Stadion Europa (Generic Europe 2);687;4;5.0;;226500000.0;26.45;25.04;221634;221634;221634;221634;221634;221634.0;221634.0;221634.0;Balanced;41;41;;;;;;Balanced;Balanced;41;3;3;3;;;;;;;;
3;/team/3/blackburn-rovers/240002;24;2;22.09.2023;Blackburn Rovers;14;Championship;2;14;England;69;70;69;70;23174;Ivy Lane;1796;1;7.0;;39000000.0;24.09;22.67;234319;257063;257063;257063;218343;220139.0;234319.0;218343.0;Balanced;51;61;;;;;;Fast build up;Forward runs;61;3;3;3;;;;;;;;
15;/team/15/queens-park-rangers/240002;24;2;22.09.2023;Queens Park Rangers;14;Championship;2;14;England;69;67;68;69;1819;Kiyan Prince Foundation;144;1;4.0;;28000000.0;27.27;24.5;172723;238490;238490;238490;238490;238490.0;238490.0;228120.0;Balanced;61;51;;;;;;Balanced;Balanced;61;3;3;3;;;;;;;;
29;/team/29/kaiserslautern/240002;24;2;22.09.2023;Kaiserslautern;20;2. Bundesliga;2;21;Germany;69;70;68;69;896509;Stadion Europa (Generic Europe 2);110532;1;4.0;;15200000.0;26.73;26.3;216381;223755;223755;223755;223755;201925.0;238662.0;223755.0;Balanced;61;51;;;;;;Long ball;Direct passing;61;5;3;3;;;;;;;;
59;/team/59/bordeaux/240002;24;2;22.09.2023;Bordeaux;17;Ligue 2;2;18;France;69;70;68;70;529830;Waldstadion (Fussballstadion);219;1;9.0;;70000000.0;25.64;22.5;224189;224189;224189;237132;224189;237132.0;230019.0;237132.0;Balanced;51;51;;;;;;Balanced;Balanced;51;4;3;3;;;;;;;;
88;/team/88/birmingham-city/240002;24;2;22.09.2023;Birmingham City;14;Championship;2;14;England;69;69;69;69;2146;Ivy Lane;2;1;4.0;;22000000.0;26.82;24.63;243612;227686;227686;227686;227686;227686.0;227686.0;227686.0;Balanced;51;41;;;;;;Long ball;Direct passing;81;4;3;3;;;;;;;;
94;/team/94/ipswich-town/240002;24;2;22.09.2023;Ipswich Town;14;Championship;2;14;England;69;68;69;69;37524146;Ivy Lane;1792;1;2.0;;9000000.0;27.18;25.55;197975;225667;225667;225667;225667;225667.0;232545.0;225667.0;Press after possession loss;61;61;;;;;;Slow build up;Possession;61;5;3;3;;;;;;;;
106;/team/106/sunderland/240002;24;2;22.09.2023;Sunderland;14;Championship;2;14;England;69;57;68;69;455344;Stadium of Light;13;2;5.0;;19500000.0;22.0;22.0;215700;242908;258483;242908;242908;276425.0;242908.0;221982.0;Balanced;51;51;;;;;;Slow build up;Possession;61;5;3;3;;;;;;;;
171;/team/171/nurnberg/240002;24;2;22.09.2023;Nürnberg;20;2. Bundesliga;2;21;Germany;69;65;67;67;29842;Max-Morlock-Stadion;165;1;7.0;;56400000.0;24.91;25.37;208730;202087;202087;202087;202087;275328.0;245020.0;202087.0;Balanced;51;61;;;;;;Balanced;Balanced;51;4;3;3;;;;;;;;
205;/team/205/venezia/240002;24;2;22.09.2023;Venezia;32;Serie B;2;27;Italy;69;70;68;69;127811;Town Park;206;1;7.0;;43000000.0;25.64;25.37;209637;237502;252315;237502;237502;220165.0;252315.0;252315.0;Press after possession loss;61;51;;;;;;Slow build up;Possession;61;5;3;3;;;;;;;;
252;/team/252/lask-linz/240002;24;2;22.09.2023;LASK Linz;80;Bundesliga;1;4;Austria;69;69;70;69;12789649;Stadion Neder;110720;5;9.0;;37500000.0;25.91;25.64;221944;201290;221944;201290;201290;201290.0;201290.0;201290.0;Press after possession loss;41;61;;;;;;Fast build up;Forward runs;61;6;3;3;;;;;;;;
269;/team/269/brondby/240002;24;2;22.09.2023;Br?ndby;1;Superliga;1;13;Denmark;69;71;71;68;459118;Waldstadion (Fussballstadion);819;2;8.0;;28500000.0;26.36;25.08;215684;172522;172522;172522;172522;172522.0;172522.0;172522.0;Press after possession loss;51;51;;;;;;Balanced;Balanced;51;3;3;3;;;;;;;;
456;/team/456/racing-santander/240002;24;2;22.09.2023;Racing Santander;54;La Liga 2;2;45;Spain;69;67;69;68;9950240;Stade Municipal;448;1;5.0;;4400000.0;27.64;24.8;254005;228144;228144;228144;228144;228144.0;228144.0;228144.0;Balanced;41;41;;;;;;Fast build up;Forward runs;51;3;3;3;;;;;;;;
489;/team/489/farense/240002;24;2;22.09.2023;Farense;308;Liga Portugal;1;38;Portugal;69;68;69;67;1452584;Court Lane;10031;1;2.0;;5100000.0;28.36;27.31;240316;209621;216776;216776;209621;240316.0;257266.0;257266.0;Balanced;41;51;;;;;;Fast build up;Forward runs;61;3;3;3;;;;;;;;
518;/team/518/chaves/240002;24;2;22.09.2023;Chaves;308;Liga Portugal;1;38;Portugal;69;68;69;70;5159;Stadion 23. Maj;111539;1;2.0;;5600000.0;26.36;25.32;192528;192528;192528;213557;192528;192528.0;213557.0;213557.0;Pressure on heavy touch;61;61;;;;;;Balanced;Balanced;61;8;3;3;;;;;;;;
681;/team/681/westerlo/240002;24;2;22.09.2023;Westerlo;4;Jupiler Pro League;1;7;Belgium;69;68;69;68;31205;Molton Road (Sheldon Stadium);110724;1;3.0;;15000000.0;26.27;24.54;162220;200529;243223;200529;200529;255586.0;261661.0;243223.0;Balanced;41;41;;;;;;Slow build up;Possession;51;3;3;3;;;;;;;;
695;/team/695/dallas/240002;24;2;22.09.2023;Dallas;39;Major League Soccer;1;95;United States;69;73;71;65;37608726;Crown Lane;698;2;6.0;;178000000.0;25.36;24.73;241487;252238;252238;252238;252238;241487.0;217714.0;217714.0;Pressure on heavy touch;41;71;;;;;;Balanced;Balanced;71;7;3;3;;;;;;;;
696;/team/696/sporting-kansas-city/240002;24;2;22.09.2023;Sporting Kansas City;39;Major League Soccer;1;95;United States;69;72;70;66;524398;Stadion Neder;698;2;7.0;;292500000.0;29.27;27.0;185068;185068;185068;185068;185068;185068.0;221797.0;221797.0;Press after possession loss;71;71;;;;;;Slow build up;Possession;71;7;3;3;;;;;;;;
711;/team/711/hacken/240002;24;2;22.09.2023;Häcken;56;Allsvenskan;1;46;Sweden;69;66;70;68;896740;Molton Road (Sheldon Stadium);319;1;7.0;;17600000.0;28.09;25.11;213614;234488;234488;213614;234488;234488.0;234488.0;213614.0;Press after possession loss;61;51;;;;;;Fast build up;Forward runs;61;6;3;3;;;;;;;;
741;/team/741/antalyaspor/240002;24;2;22.09.2023;Antalyaspor;68;Super Lig;1;48;Turkey;69;71;69;69;4115;Stadion Olympik;113142;3;5.0;;31200000.0;28.64;25.5;194077;186651;186651;209782;186651;186651.0;186651.0;209782.0;Pressure on heavy touch;61;51;;;;;;Balanced;Balanced;61;4;3;3;;;;;;;;
873;/team/873/lech-poznan/240002;24;2;22.09.2023;Lech Poznañ;66;Ekstraklasa;1;37;Poland;69;73;69;68;523929;Sanderson Park (FIFA 13 NEW generic);1871;4;10.0;;14000000.0;27.0;25.0;206626;226518;213959;226518;213959;206626.0;238303.0;213959.0;Balanced;61;61;;;;;;Balanced;Balanced;61;5;3;3;;;;;;;;
896;/team/896/basel/240002;24;2;22.09.2023;Basel;189;Super League;1;47;Switzerland;69;68;69;67;11298706;Waldstadion (Fussballstadion);900;6;8.0;;65000000.0;25.36;23.25;183346;183346;183346;183346;183346;183346.0;183346.0;183346.0;Press after possession loss;61;61;;;;;;Slow build up;Possession;61;6;3;3;;;;;;;;
1530;/team/1530/angers-sco/240002;24;2;22.09.2023;Angers SCO;17;Ligue 2;2;18;France;69;70;70;69;97031;Forest Park Stadium (Square Ground);1814;1;9.0;;70000000.0;28.55;24.64;209781;209781;209781;209781;209781;239025.0;209781.0;209781.0;Balanced;41;51;;;;;;Balanced;Balanced;61;4;3;3;;;;;;;;
1832;/team/1832/karlsruher-sc/240002;24;2;22.09.2023;Karlsruher SC;20;2. Bundesliga;2;21;Germany;69;74;70;68;30044;Euro Arena;29;1;5.0;;9900000.0;29.82;26.48;211907;228245;228245;228245;228245;228245.0;228245.0;211872.0;Balanced;41;51;;;;;;Balanced;Balanced;71;4;3;3;;;;;;;;
1837;/team/1837/sampdoria/240002;24;2;22.09.2023;Sampdoria;32;Serie B;2;27;Italy;69;70;68;68;127989;Stadion Europa (Generic Europe 2);110556;3;9.0;;80000000.0;24.45;24.07;205934;205531;205531;205531;205531;228378.0;205531.0;205531.0;Balanced;51;51;;;;;;Long ball;Direct passing;51;5;3;3;;;;;;;;
1848;/team/1848/bari-1908/240002;24;2;22.09.2023;Bari 1908;32;Serie B;2;27;Italy;69;63;69;68;130912;Stadion Olympik;347;2;8.0;;28000000.0;27.09;26.92;137786;203782;198223;203782;203782;203782.0;198223.0;198223.0;Balanced;41;61;;;;;;Long ball;Direct passing;41;3;3;3;;;;;;;;
1854;/team/1854/albacete/240002;24;2;22.09.2023;Albacete;54;La Liga 2;2;45;Spain;69;69;69;69;533871;Estadio Nacional (El Medio);1853;1;4.0;;2500000.0;27.55;26.44;228221;252079;252079;252079;252079;252079.0;252079.0;252079.0;Balanced;51;41;;;;;;Fast build up;Forward runs;51;4;3;3;;;;;;;;
1898;/team/1898/boavista/240002;24;2;22.09.2023;Boavista;308;Liga Portugal;1;38;Portugal;69;67;70;70;6971228;Stade Municipal;1887;1;5.0;;9500000.0;26.36;23.4;214606;204737;204737;204737;204737;271291.0;204737.0;204737.0;Pressure on heavy touch;41;51;;;;;;Long ball;Direct passing;51;3;3;3;;;;;;;;
1910;/team/1910/nec/240002;24;2;22.09.2023;NEC;10;Eredivisie;1;34;Netherlands;69;70;68;68;23707;Molton Road (Sheldon Stadium);1909;1;4.0;;27500000.0;26.09;23.39;172143;172143;172143;172143;172143;172143.0;172143.0;172143.0;Balanced;61;51;;;;;;Balanced;Balanced;61;3;3;3;;;;;;;;
1913;/team/1913/sc-heerenveen/240002;24;2;22.09.2023;SC Heerenveen;10;Eredivisie;1;34;Netherlands;69;70;69;68;32031640;Waldstadion (Fussballstadion);1909;1;5.0;;41500000.0;25.55;23.38;213000;209316;209316;209316;209316;277558.0;209316.0;209316.0;Balanced;41;41;;;;;;Fast build up;Forward runs;61;4;3;3;;;;;;;;
1919;/team/1919/bristol-city/240002;24;2;22.09.2023;Bristol City;14;Championship;2;14;England;69;67;70;69;896553;Stade Municipal;1962;1;6.0;;60000000.0;26.18;23.93;186139;186139;186139;186139;186139;202686.0;186139.0;186139.0;Balanced;71;41;;;;;;Fast build up;Forward runs;71;4;3;3;;;;;;;;
1960;/team/1960/swansea-city/240002;24;2;22.09.2023;Swansea City;14;Championship;2;50;Wales;69;70;70;67;1458;Swansea.com Stadium;1961;1;7.0;;98500000.0;23.36;23.93;212118;221890;212118;212118;221890;226507.0;212118.0;212118.0;Balanced;41;51;;;;;;Slow build up;Possession;61;5;3;3;;;;;;;;
10020;/team/10020/estoril/240002;24;2;22.09.2023;Estoril;308;Liga Portugal;1;38;Portugal;69;69;66;69;23386218;_Oktigann Park;114510;1;4.0;;6800000.0;23.55;23.7;262417;243270;274465;243270;243270;211561.0;274465.0;274465.0;Balanced;51;51;;;;;;Fast build up;Forward runs;61;4;3;3;;;;;;;;
10030;/team/10030/paderborn/240002;24;2;22.09.2023;Paderborn;20;2. Bundesliga;2;21;Germany;69;71;67;69;896619;Benteler-Arena;159;1;6.0;;29300000.0;26.09;24.73;229692;239696;239696;239696;183574;183574.0;239696.0;183574.0;Pressure on heavy touch;51;71;;;;;;Fast build up;Forward runs;61;5;3;3;;;;;;;;
10031;/team/10031/portimonense/240002;24;2;22.09.2023;Portimonense;308;Liga Portugal;1;38;Portugal;69;69;69;67;20694532;_Oktigann Park;489;1;3.0;;17600000.0;25.45;23.57;184999;184999;184999;184999;184999;184999.0;209828.0;184999.0;Balanced;51;41;;;;;;Long ball;Direct passing;61;3;3;3;;;;;;;;
10846;/team/10846/burgos/240002;24;2;22.09.2023;Burgos;54;La Liga 2;2;45;Spain;69;69;70;69;524834;Court Lane;110069;1;1.0;;2500000.0;27.91;26.43;233588;231733;231733;231733;231733;231733.0;231733.0;231733.0;Balanced;41;41;;;;;;Long ball;Direct passing;61;4;3;3;;;;;;;;
100087;/team/100087/oh-leuven/240002;24;2;22.09.2023;OH Leuven;4;Jupiler Pro League;1;7;Belgium;69;65;69;67;1533127;Court Lane;110724;1;4.0;;23000000.0;23.82;24.26;220847;241474;241474;241474;241474;274359.0;241474.0;241474.0;Balanced;51;41;;;;;;Long ball;Direct passing;41;3;3;3;;;;;;;;
100135;/team/100135/apoel/240002;24;2;22.09.2023;APOEL;318;1. Division;1;11;Cyprus;69;70;68;66;459237;Crown Lane;1884;3;10.0;;35000000.0;27.27;27.93;193336;197117;226866;197117;197117;235812.0;226866.0;226866.0;Pressure on heavy touch;51;51;;;;;;Slow build up;Possession;51;4;3;3;;;;;;;;
100851;/team/100851/fc-cartagena/240002;24;2;22.09.2023;FC Cartagena;54;La Liga 2;2;45;Spain;69;68;69;70;455788;Stadio Classico;468;1;4.0;;3000000.0;32.55;27.0;200502;205212;205212;205212;205212;190747.0;205212.0;205212.0;Balanced;51;51;;;;;;Balanced;Balanced;51;3;3;3;;;;;;;;
101041;/team/101041/sivasspor/240002;24;2;22.09.2023;Sivasspor;68;Super Lig;1;48;Turkey;69;72;69;66;200010;Stadion Europa (Generic Europe 2);101020;2;5.0;;20000000.0;30.36;28.15;223313;198143;198143;198143;198143;198143.0;198143.0;198143.0;Balanced;61;51;;;;;;Long ball;Direct passing;71;3;3;3;;;;;;;;
101101;/team/101101/junior/240002;24;2;22.09.2023;Junior;336;Liga BetPlay;1;56;Colombia;69;74;69;69;1030277;O Dromo;101100;6;8.0;;41500000.0;28.91;27.33;214343;236747;236747;236747;236747;207664.0;236747.0;236747.0;Press after possession loss;51;51;;;;;;Balanced;Balanced;51;7;3;3;;;;;;;;
110329;/team/110329/st-pauli/240002;24;2;22.09.2023;St. Pauli;20;2. Bundesliga;2;21;Germany;69;69;69;70;37679;Millerntor-Stadion;28;1;8.0;;34200000.0;27.18;25.5;211378;233125;233125;233125;233125;211378.0;233125.0;233125.0;Balanced;61;41;;;;;;Slow build up;Possession;51;4;3;3;;;;;;;;
110396;/team/110396/newells-old-boys/240002;24;2;22.09.2023;Newell's Old Boys;353;Liga Profesional;1;52;Argentina;69;68;70;70;3804;Estadio Nacional (El Medio);110580;4;7.0;;24000000.0;27.18;25.11;215079;241568;241568;241568;258289;255169.0;241568.0;258289.0;Balanced;51;51;;;;;;Slow build up;Possession;61;6;3;3;;;;;;;;
110404;/team/110404/banfield/240002;24;2;22.09.2023;Banfield;353;Liga Profesional;1;52;Argentina;69;70;69;68;765710;Estadio Nacional (El Medio);110395;3;5.0;;15300000.0;26.91;26.5;232645;215018;215018;215018;215018;215018.0;215018.0;215018.0;Balanced;61;51;;;;;;Fast build up;Forward runs;71;5;3;3;;;;;;;;
110776;/team/110776/gaziantep-fk/240002;24;2;22.09.2023;Gaziantep F.K.;68;Super Lig;1;48;Turkey;69;68;70;68;456665;Stade Municipal;101028;1;3.0;;16200000.0;28.18;26.43;197937;211061;211061;211061;211061;211061.0;211061.0;211061.0;Balanced;51;41;;;;;;Fast build up;Forward runs;61;3;3;3;;;;;;;;
110839;/team/110839/huesca/240002;24;2;22.09.2023;Huesca;54;La Liga 2;2;45;Spain;69;68;68;69;533879;El Alcoraz;244;1;6.0;;4500000.0;26.36;24.1;200519;190199;190199;190199;190199;190199.0;190199.0;229654.0;Balanced;51;41;;;;;;Fast build up;Forward runs;61;4;3;3;;;;;;;;
110953;/team/110953/instituto/240002;24;2;22.09.2023;Instituto;353;Liga Profesional;1;52;Argentina;69;71;68;67;212163;Estadio Nacional (El Medio);111022;1;1.0;;6000000.0;27.27;28.32;228959;215351;215351;215351;215351;215351.0;215351.0;215351.0;Balanced;51;51;;;;;;Slow build up;Possession;51;3;3;3;;;;;;;;
110975;/team/110975/universidad-catolica/240002;24;2;22.09.2023;Universidad Católica;335;Primera Division;1;55;Chile;69;72;69;70;233202;Arena del Centenario (Estadio del Pueblo);110980;6;9.0;;36500000.0;27.91;24.93;232670;225812;225812;225812;225812;232670.0;209744.0;247856.0;Press after possession loss;61;41;;;;;;Slow build up;Possession;81;4;3;3;;;;;;;;
110984;/team/110984/emelec/240002;24;2;22.09.2023;Emelec;2018;Liga Pro;1;57;Ecuador;69;70;68;68;467441;Eastpoint Arena (Football Ground);110981;6;8.0;;30000000.0;26.55;25.39;250797;212944;212944;225681;212944;212944.0;212944.0;212944.0;Pressure on heavy touch;61;61;;;;;;Fast build up;Forward runs;61;3;3;3;;;;;;;;
111013;/team/111013/sporting-cristal/240002;24;2;22.09.2023;Sporting Cristal;2020;Primera Division;1;59;Peru;69;69;70;70;526182;Arena del Centenario (Estadio del Pueblo);111010;5;9.0;;31300000.0;26.82;24.24;204542;234180;204542;234180;234180;204542.0;234180.0;234180.0;Pressure on heavy touch;51;71;;;;;;Slow build up;Possession;61;3;3;3;;;;;;;;
111014;/team/111014/universitario/240002;24;2;22.09.2023;Universitario;2020;Primera Division;1;59;Peru;69;69;70;69;474327;El Libertador (La Bombastico);111010;4;9.0;;27500000.0;29.09;27.5;186655;211274;211274;211274;253902;259251.0;253902.0;211274.0;Balanced;51;51;;;;;;Fast build up;Forward runs;51;4;3;3;;;;;;;;
111022;/team/111022/belgrano/240002;24;2;22.09.2023;Belgrano;353;Liga Profesional;1;52;Argentina;69;69;69;68;211391;Stadio Classico;112670;1;3.0;;10500000.0;27.18;27.93;273768;273764;273764;273764;211265;224854.0;273764.0;273764.0;Balanced;61;41;;;;;;Long ball;Direct passing;71;3;3;3;;;;;;;;
111042;/team/111042/goias/240002;24;2;22.09.2023;Goiás;7;Serie A;1;54;Brazil;69;70;68;69;532733;O Dromo;1035;3;4.0;;12500000.0;29.91;29.0;230400;230257;230334;230334;230257;230356.0;230473.0;230473.0;Balanced;51;41;;;;;;Balanced;Balanced;51;3;3;3;;;;;;;;
111065;/team/111065/real-salt-lake/240002;24;2;22.09.2023;Real Salt Lake;39;Major League Soccer;1;95;United States;69;72;69;66;524071;Crown Lane;694;4;6.0;;211500000.0;26.09;25.47;215886;215886;215886;215886;215886;215886.0;215886.0;215886.0;Balanced;61;51;;;;;;Fast build up;Forward runs;61;4;3;3;;;;;;;;
111701;/team/111701/al-ain/240002;24;2;22.09.2023;Al Ain;2013;Pro League;1;190;United Arab Emirates;69;78;70;68;335781;Estadio de las Artes (Generic Stadium NG);605;6;9.0;;76000000.0;27.55;25.48;247671;226376;226376;226376;226376;251353.0;226376.0;226376.0;Balanced;51;51;;;;;;Balanced;Balanced;61;4;3;3;;;;;;;;
111706;/team/111706/godoy-cruz/240002;24;2;22.09.2023;Godoy Cruz;353;Liga Profesional;1;52;Argentina;69;69;69;70;31264237;El Libertador (La Bombastico);111708;1;2.0;;22000000.0;26.36;24.0;214933;259579;259579;259579;259579;259579.0;253304.0;248231.0;Balanced;61;61;;;;;;Slow build up;Possession;51;6;3;3;;;;;;;;
111722;/team/111722/deportes-tolima/240002;24;2;22.09.2023;Deportes Tolima;336;Liga BetPlay;1;56;Colombia;69;69;69;68;37324872;Arena d'Oro;101101;4;6.0;;35700000.0;27.09;26.03;214135;237982;232195;252990;237982;229842.0;237982.0;237982.0;Balanced;71;51;;;;;;Fast build up;Forward runs;71;3;3;3;;;;;;;;
112390;/team/112390/al-fateh/240002;24;2;22.09.2023;Al Fateh;350;Pro League;1;183;Saudi Arabia;69;73;69;66;2511114;Stade Kokoto (Generic Africa 2);112096;3;6.0;;18000000.0;31.36;27.4;259265;215270;215270;215270;215270;259265.0;259265.0;259265.0;Balanced;51;51;;;;;;Fast build up;Forward runs;61;4;3;3;;;;;;;;
112606;/team/112606/orlando-city/240002;24;2;22.09.2023;Orlando City;39;Major League Soccer;1;95;United States;69;65;71;64;429917;Ivy Lane;112885;5;6.0;;275500000.0;26.36;24.7;203137;256136;259874;256136;256136;204691.0;256136.0;256136.0;Balanced;61;51;;;;;;Balanced;Balanced;61;5;3;3;;;;;;;;
112689;/team/112689/platense/240002;24;2;22.09.2023;Platense;353;Liga Profesional;1;52;Argentina;69;68;69;69;468348;Crown Lane;111019;1;1.0;;5500000.0;28.09;26.43;235004;200826;258325;200826;200826;200826.0;258325.0;258325.0;Balanced;61;41;;;;;;Long ball;Direct passing;61;3;3;3;;;;;;;;
112744;/team/112744/deportivo-pereira/240002;24;2;22.09.2023;Deportivo Pereira;336;Liga BetPlay;1;56;Colombia;69;70;69;70;36084458;Arena d'Oro;111722;1;4.0;;18000000.0;29.0;26.56;214488;214200;221378;221378;214200;226576.0;214200.0;214200.0;Balanced;51;51;;;;;;Balanced;Balanced;51;3;3;3;;;;;;;;
112828;/team/112828/new-york-city/240002;24;2;22.09.2023;New York City;39;Major League Soccer;1;95;United States;69;67;69;69;32431130;Stadion Europa (Generic Europe 2);689;5;9.0;;326500000.0;24.73;23.96;183895;183895;183895;183895;183895;183895.0;183895.0;183895.0;Pressure on heavy touch;41;61;;;;;;Slow build up;Possession;41;5;3;3;;;;;;;;
112885;/team/112885/atlanta-united/240002;24;2;22.09.2023;Atlanta United;39;Major League Soccer;1;95;United States;69;74;69;68;252596;Mercedes-Benz Stadium;112606;4;7.0;;40000000.0;26.45;25.75;164505;245371;245371;245371;245371;245371.0;237662.0;245371.0;Pressure on heavy touch;51;61;;;;;;Fast build up;Forward runs;61;7;3;3;;;;;;;;
112965;/team/112965/central-cordoba-sde/240002;24;2;22.09.2023;Central Cordoba SdE;353;Liga Profesional;1;52;Argentina;69;71;68;69;467951;Sanderson Park (FIFA 13 NEW generic);111708;1;1.0;;7300000.0;29.55;27.46;263204;223241;223241;223241;223241;226765.0;254222.0;254222.0;Balanced;61;41;;;;;;Long ball;Direct passing;61;3;3;3;;;;;;;;
114162;/team/114162/nashville-sc/240002;24;2;22.09.2023;Nashville SC;39;Major League Soccer;1;95;United States;69;71;70;69;12562146;Stadio Classico;112885;2;6.0;;210000000.0;28.36;27.11;210021;210021;210021;210021;210021;210021.0;210021.0;210021.0;Balanced;51;41;;;;;;Fast build up;Forward runs;41;3;3;3;;;;;;;;
114326;/team/114326/rakow-czestochowa/240002;24;2;22.09.2023;Raków Czêstochowa;66;Ekstraklasa;1;37;Poland;69;69;69;67;37700791;_Longville Stadium;301;3;9.0;;11000000.0;26.91;25.25;254822;235471;254822;254822;235471;209456.0;235471.0;235471.0;Pressure on heavy touch;51;81;;;;;;Balanced;Balanced;61;4;3;3;;;;;;;;
114510;/team/114510/casa-pia/240002;24;2;22.09.2023;Casa Pia;308;Liga Portugal;1;38;Portugal;69;69;66;70;1552127;Euro Arena;10020;1;1.0;;5500000.0;28.0;25.95;185200;246316;246316;246316;246316;270983.0;251025.0;269420.0;Balanced;51;51;;;;;;Long ball;Direct passing;51;3;3;3;;;;;;;;
131389;/team/131389/pendikspor/240002;24;2;22.09.2023;Pendikspor;68;Super Lig;1;48;Turkey;69;70;70;68;452761;_Longville Stadium;111117;1;1.0;;11200000.0;27.82;28.14;212551;220334;217546;220334;220334;220334.0;220334.0;220334.0;Balanced;51;51;;;;;;Long ball;Direct passing;51;3;3;3;;;;;;;;
27;/team/27/hansa-rostock/240002;24;2;22.09.2023;Hansa Rostock;20;2. Bundesliga;2;21;Germany;68;69;68;67;896531;Stade Municipal;110329;1;3.0;;12900000.0;26.91;25.43;211946;246845;211982;246845;246845;246845.0;211982.0;211982.0;Pressure on heavy touch;61;61;;;;;;Long ball;Direct passing;61;6;3;3;;;;;;;;
57;/team/57/auxerre/240002;24;2;22.09.2023;Auxerre;17;Ligue 2;2;18;France;68;68;68;69;456247;Forest Park Stadium (Square Ground);294;1;10.0;;60000000.0;26.09;24.35;217565;232360;232360;232360;232360;229448.0;232360.0;232360.0;Balanced;41;61;;;;;;Balanced;Balanced;61;4;3;3;;;;;;;;
165;/team/165/spvgg-greuther-furth/240002;24;2;22.09.2023;SpVgg Greuther Fürth;20;2. Bundesliga;2;21;Germany;68;67;68;67;524311;Sportpark Ronhof Thomas Sommer;171;1;6.0;;28600000.0;24.36;23.59;209504;212192;212192;212192;209504;209504.0;212192.0;212192.0;Pressure on heavy touch;61;81;;;;;;Balanced;Balanced;51;6;3;3;;;;;;;;
190;/team/190/brescia/240002;24;2;22.09.2023;Brescia;32;Serie B;2;27;Italy;68;67;67;68;128192;Euro Park;39;1;7.0;;30000000.0;25.82;24.44;202489;202489;202489;202489;202489;264402.0;202489.0;202489.0;Balanced;51;51;;;;;;Slow build up;Possession;51;5;3;3;;;;;;;;
210;/team/210/caen/240002;24;2;22.09.2023;Caen;17;Ligue 2;2;18;France;68;68;67;69;524286;Stade Municipal;1738;1;6.0;;34000000.0;28.09;25.0;184190;199419;199419;199419;199419;223510.0;199419.0;199419.0;Balanced;41;51;;;;;;Fast build up;Forward runs;61;3;3;3;;;;;;;;
254;/team/254/rapid-wien/240002;24;2;22.09.2023;Rapid Wien;80;Bundesliga;1;4;Austria;68;73;67;68;460566;Stadion Europa (Generic Europe 2);256;5;8.0;;56000000.0;24.91;24.25;193584;256548;256548;256548;256548;193584.0;244795.0;244795.0;Press after possession loss;71;51;;;;;;Slow build up;Possession;61;5;3;3;;;;;;;;
256;/team/256/austria-wien/240002;24;2;22.09.2023;Austria Wien;80;Bundesliga;1;4;Austria;68;63;68;67;37666625;Stade Municipal;254;5;6.0;;42000000.0;25.36;24.25;244941;242815;242815;242815;242815;242815.0;242815.0;242815.0;Balanced;61;51;;;;;;Fast build up;Forward runs;61;4;3;3;;;;;;;;
294;/team/294/troyes/240002;24;2;22.09.2023;Troyes;17;Ligue 2;2;18;France;68;67;68;67;1631;Stadion Neder;379;1;8.0;;65000000.0;23.09;22.59;193683;193683;193683;193683;193683;201073.0;270886.0;193683.0;Balanced;41;51;;;;;;Balanced;Balanced;61;5;3;3;;;;;;;;
324;/team/324/servette/240002;24;2;22.09.2023;Servette;189;Super League;1;47;Switzerland;68;69;70;67;896511;Stadion Neder;1862;3;5.0;;26300000.0;28.09;25.54;224821;206254;206254;206254;206254;206254.0;206254.0;244399.0;Balanced;51;41;;;;;;Fast build up;Forward runs;81;4;3;3;;;;;;;;
417;/team/417/molde/240002;24;2;22.09.2023;Molde;41;Eliteserien;1;36;Norway;68;69;68;68;32396043;Stadion Neder;298;3;9.0;;21000000.0;27.73;25.28;153048;153048;153048;153048;153048;153048.0;153048.0;153048.0;Balanced;41;41;;;;;;Balanced;Balanced;61;5;3;3;;;;;;;;
576;/team/576/holstein-kiel/240002;24;2;22.09.2023;Holstein Kiel;20;2. Bundesliga;2;21;Germany;68;68;68;67;35399;Crown Lane;110329;1;6.0;;16900000.0;24.82;24.64;243354;245622;268116;245622;268116;245622.0;268116.0;229472.0;Balanced;61;41;;;;;;Balanced;Balanced;71;4;3;3;;;;;;;;
614;/team/614/ajaccio/240002;24;2;22.09.2023;Ajaccio;17;Ligue 2;2;18;France;68;67;69;67;455815;Crown Lane;58;1;7.0;;50000000.0;28.36;26.65;228774;193001;193001;193001;193001;178160.0;193001.0;193001.0;Balanced;61;51;;;;;;Fast build up;Forward runs;61;4;3;3;;;;;;;;
634;/team/634/fortuna-sittard/240002;24;2;22.09.2023;Fortuna Sittard;10;Eredivisie;1;34;Netherlands;68;67;68;68;23316;Molton Road (Sheldon Stadium);1905;1;3.0;;18000000.0;26.27;24.67;197860;216349;216349;216349;216349;264257.0;216349.0;216349.0;Balanced;51;51;;;;;;Fast build up;Forward runs;51;3;3;3;;;;;;;;
687;/team/687/columbus-crew/240002;24;2;22.09.2023;Columbus Crew;39;Major League Soccer;1;95;United States;68;71;69;66;37563973;Stadion Neder;113149;2;6.0;;185000000.0;26.91;26.15;202078;237034;202078;237034;237034;237034.0;237223.0;237223.0;Press after possession loss;51;71;;;;;;Fast build up;Forward runs;51;6;3;3;;;;;;;;
688;/team/688/dc-united/240002;24;2;22.09.2023;DC United;39;Major League Soccer;1;95;United States;68;69;70;67;579;Crown Lane;689;3;4.0;;277000000.0;29.82;27.38;221621;211119;192955;211119;211119;229658.0;211119.0;211119.0;Pressure on heavy touch;51;61;;;;;;Long ball;Direct passing;51;4;3;3;;;;;;;;
689;/team/689/new-york-rb/240002;24;2;22.09.2023;New York RB;39;Major League Soccer;1;95;United States;68;67;67;68;32013107;Red Bull Arena (New Jersey);112828;4;7.0;;261000000.0;23.09;22.73;247459;244186;244186;244186;244186;234905.0;244186.0;244186.0;Press after possession loss;61;61;;;;;;Long ball;Direct passing;61;5;3;3;;;;;;;;
693;/team/693/chicago-fire/240002;24;2;22.09.2023;Chicago Fire;39;Major League Soccer;1;95;United States;68;68;69;68;37604884;El Monumento (Estadio Latino);691;1;4.0;;285500000.0;26.91;25.27;211826;193348;193348;193348;193348;193348.0;227772.0;193348.0;Balanced;51;41;;;;;;Balanced;Balanced;61;7;3;3;;;;;;;;
694;/team/694/colorado-rapids/240002;24;2;22.09.2023;Colorado Rapids;39;Major League Soccer;1;95;United States;68;67;65;67;20326070;Euro Arena;111065;1;4.0;;179000000.0;26.0;24.93;212287;204709;228408;204709;204709;204709.0;231985.0;228408.0;Balanced;41;41;;;;;;Long ball;Direct passing;61;4;3;3;;;;;;;;
698;/team/698/houston-dynamo/240002;24;2;22.09.2023;Houston Dynamo;39;Major League Soccer;1;95;United States;68;64;68;66;524083;Stadion Neder;695;2;4.0;;248000000.0;27.82;25.54;156519;156519;243544;156519;156519;238504.0;156519.0;156519.0;Pressure on heavy touch;51;51;;;;;;Slow build up;Possession;71;4;3;3;;;;;;;;
718;/team/718/estrela-amadora/240002;24;2;22.09.2023;Estrela Amadora;308;Liga Portugal;1;38;Portugal;68;68;67;69;463840;Town Park;10020;1;1.0;;5000000.0;28.18;26.07;188840;235872;188840;235872;235872;239953.0;245250.0;235872.0;Balanced;51;51;;;;;;Slow build up;Possession;51;3;3;3;;;;;;;;
898;/team/898/st-gallen/240002;24;2;22.09.2023;St. Gallen;189;Super League;1;47;Switzerland;68;66;69;67;455701;Stadion Neder;897;4;6.0;;33000000.0;24.09;24.39;228645;210619;210619;210619;210619;228645.0;228645.0;210619.0;Press after possession loss;51;51;;;;;;Balanced;Balanced;51;5;3;3;;;;;;;;
1788;/team/1788/nordsjaelland/240002;24;2;22.09.2023;Nordsj?lland;1;Superliga;1;13;Denmark;68;69;68;68;37680707;Stadion Neder;15001;1;6.0;;12600000.0;24.09;21.89;190942;262721;215247;262721;262721;215247.0;262721.0;262721.0;Balanced;51;61;;;;;;Slow build up;Possession;61;6;3;3;;;;;;;;
1807;/team/1807/sheffield-wednesday/240002;24;2;22.09.2023;Sheffield Wednesday;14;Championship;2;14;England;68;68;69;67;106189;Ivy Lane;1794;1;2.0;;10500000.0;28.36;26.47;183540;183540;183540;219216;183540;183540.0;219216.0;183540.0;Press after possession loss;61;51;;;;;;Balanced;Balanced;81;4;3;3;;;;;;;;
1816;/team/1816/amiens-sc/240002;24;2;22.09.2023;Amiens SC;17;Ligue 2;2;18;France;68;67;68;65;95070;Stadion Neder;65;1;4.0;;26000000.0;26.91;25.0;176994;186197;186197;186197;186197;186197.0;186197.0;186197.0;Balanced;71;37;;;;;;Fast build up;Forward runs;61;3;3;3;;;;;;;;
1847;/team/1847/ascoli/240002;24;2;22.09.2023;Ascoli;32;Serie B;2;27;Italy;68;67;67;68;130460;Arena d'Oro;206;1;7.0;;15000000.0;26.73;25.86;203888;243527;243527;243527;243527;254824.0;243527.0;243527.0;Balanced;61;41;;;;;;Balanced;Balanced;51;3;3;3;;;;;;;;
1871;/team/1871/legia-warszawa/240002;24;2;22.09.2023;Legia Warszawa;66;Ekstraklasa;1;37;Poland;68;68;69;67;896549;Waldstadion (Fussballstadion);873;4;10.0;;15000000.0;27.73;25.79;177790;199739;199739;199739;199739;199739.0;199739.0;199739.0;Press after possession loss;51;71;;;;;;Balanced;Balanced;71;5;3;3;;;;;;;;
1888;/team/1888/gil-vicente/240002;24;2;22.09.2023;Gil Vicente;308;Liga Portugal;1;38;Portugal;68;66;69;66;1552838;Court Lane;112809;1;4.0;;7000000.0;25.73;23.97;18115;257899;257899;257899;257899;264427.0;225696.0;225696.0;Balanced;41;51;;;;;;Fast build up;Forward runs;71;4;3;3;;;;;;;;
1900;/team/1900/moreirense/240002;24;2;22.09.2023;Moreirense;308;Liga Portugal;1;38;Portugal;68;68;68;68;1552520;_Longville Stadium;1887;1;4.0;;7300000.0;25.45;24.23;246093;213705;246093;213705;213705;246093.0;213705.0;213705.0;Balanced;51;41;;;;;;Long ball;Direct passing;61;3;3;3;;;;;;;;
1909;/team/1909/vitesse/240002;24;2;22.09.2023;Vitesse;10;Eredivisie;1;34;Netherlands;68;67;69;67;23029;Stade Municipal;1910;2;5.0;;37600000.0;25.55;22.96;199767;199767;199767;199767;199767;199767.0;199767.0;199767.0;Balanced;61;51;;;;;;Balanced;Balanced;61;4;3;3;;;;;;;;
1939;/team/1939/huddersfield-town/240002;24;2;22.09.2023;Huddersfield Town;14;Championship;2;14;England;68;68;66;67;384;Kirklees Stadium;8;1;3.0;;43000000.0;26.73;25.15;183546;251690;251690;251690;251690;233565.0;251690.0;251690.0;Balanced;61;61;;;;;;Fast build up;Forward runs;61;4;3;3;;;;;;;;
8001;/team/8001/rwdm/240002;24;2;22.09.2023;RWDM;4;Jupiler Pro League;1;7;Belgium;68;69;66;67;60374;Crown Lane;229;1;4.0;;11000000.0;27.45;24.71;208214;204320;204320;204320;204320;245652.0;204320.0;204320.0;Balanced;51;61;;;;;;Fast build up;Forward runs;41;4;3;3;;;;;;;;
100081;/team/100081/kortrijk/240002;24;2;22.09.2023;Kortrijk;4;Jupiler Pro League;1;7;Belgium;68;70;67;66;37575018;Court Lane;674;2;4.0;;27000000.0;24.73;24.54;264201;203633;262024;203633;264201;219988.0;264201.0;264201.0;Balanced;51;41;;;;;;Balanced;Balanced;51;3;3;3;;;;;;;;
100761;/team/100761/fcsb/240002;24;2;22.09.2023;FCSB;330;Liga 1;1;39;Romania;68;70;69;68;126283;Waldstadion (Fussballstadion);310;4;10.0;;13000000.0;26.91;25.42;247972;247972;247972;247972;247972;262447.0;238274.0;238274.0;Balanced;51;51;;;;;;Fast build up;Forward runs;51;5;3;3;;;;;;;;
100888;/team/100888/leganes/240002;24;2;22.09.2023;Leganés;54;La Liga 2;2;45;Spain;68;69;68;69;526440;Municipal de Butarque;1860;1;7.0;;10800000.0;28.09;25.44;221652;229361;229361;229361;229361;241463.0;229361.0;229361.0;Balanced;51;61;;;;;;Balanced;Balanced;51;3;3;3;;;;;;;;
101084;/team/101084/gimnasia-la-plata/240002;24;2;22.09.2023;Gimnasia La Plata;353;Liga Profesional;1;52;Argentina;68;69;68;68;896665;Arena del Centenario (Estadio del Pueblo);101083;1;2.0;;10000000.0;26.0;24.61;240640;210950;210950;210950;210950;232729.0;210950.0;210950.0;Balanced;51;51;;;;;;Fast build up;Forward runs;61;5;3;3;;;;;;;;
101112;/team/101112/vancouver-whitecaps/240002;24;2;22.09.2023;Vancouver Whitecaps;39;Major League Soccer;1;70;Canada;68;70;68;68;37590075;BC Place Stadium;111144;2;4.0;;193500000.0;25.64;24.32;208919;208919;208919;208919;208919;208919.0;208919.0;208919.0;Pressure on heavy touch;31;37;;;;;;Fast build up;Forward runs;51;3;3;3;;;;;;;;
110588;/team/110588/magdeburg/240002;24;2;22.09.2023;Magdeburg;20;2. Bundesliga;2;21;Germany;68;68;68;68;2206526;Stadion Neder;110482;1;2.0;;9600000.0;26.18;24.93;234860;233520;233520;233520;233520;233520.0;233520.0;233520.0;Balanced;61;71;;;;;;Slow build up;Possession;71;8;3;3;;;;;;;;
110724;/team/110724/mechelen/240002;24;2;22.09.2023;Mechelen;4;Jupiler Pro League;1;7;Belgium;68;67;69;68;4665;Stadion Europa (Generic Europe 2);100087;4;5.0;;33000000.0;26.27;23.81;205369;205369;205369;205369;205369;205369.0;205369.0;205369.0;Balanced;61;41;;;;;;Balanced;Balanced;61;4;3;3;;;;;;;;
110746;/team/110746/pogon-szczecin/240002;24;2;22.09.2023;Pogoñ Szczecin;66;Ekstraklasa;1;37;Poland;68;68;67;67;460391;Stadion Neder;110747;3;7.0;;7900000.0;27.27;26.04;177922;177922;199215;177922;177922;177922.0;177922.0;177922.0;Pressure on heavy touch;51;61;;;;;;Slow build up;Possession;81;6;3;3;;;;;;;;
111334;/team/111334/melgar/240002;24;2;22.09.2023;Melgar;2020;Primera Division;1;59;Peru;68;69;68;68;468645;El Monumento (Estadio Latino);111011;4;8.0;;22800000.0;27.64;25.5;237031;212747;215074;212747;212747;237031.0;212747.0;212747.0;Press after possession loss;51;51;;;;;;Fast build up;Forward runs;61;4;3;3;;;;;;;;
111539;/team/111539/vizela/240002;24;2;22.09.2023;Vizela;308;Liga Portugal;1;38;Portugal;68;67;69;69;37600730;_Longville Stadium;112513;1;2.0;;5600000.0;25.0;24.42;223302;223302;223302;223302;223302;223302.0;223302.0;223302.0;Balanced;51;61;;;;;;Slow build up;Possession;61;3;3;3;;;;;;;;
111651;/team/111651/toronto/240002;24;2;22.09.2023;Toronto;39;Major League Soccer;1;70;Canada;68;73;67;65;9054;Crown Lane;111139;4;7.0;;350000000.0;27.55;25.93;155887;198219;212404;198219;198219;212404.0;212404.0;198219.0;Balanced;51;51;;;;;;Balanced;Balanced;61;3;3;3;;;;;;;;
111716;/team/111716/union-santa-fe/240002;24;2;22.09.2023;Unión Santa Fe;353;Liga Profesional;1;52;Argentina;68;67;68;68;212873;Estadio Nacional (El Medio);110406;1;3.0;;11000000.0;24.0;23.29;211272;259789;259789;259789;259789;253908.0;259789.0;259789.0;Balanced;61;61;;;;;;Balanced;Balanced;61;3;3;3;;;;;;;;
111724;/team/111724/shandong-taishan/240002;24;2;22.09.2023;Shandong Taishan;2012;Super League;1;155;China PR;68;73;67;68;1452433;Stadion Hanguk;111768;3;9.0;;10500000.0;30.55;28.79;176944;195412;195412;195412;195412;176944.0;211108.0;211108.0;Balanced;51;51;;;;;;Balanced;Balanced;51;6;3;3;;;;;;;;
112408;/team/112408/al-wahda/240002;24;2;22.09.2023;Al Wahda;350;Pro League;1;183;Saudi Arabia;68;74;68;67;455743;Stade Kokoto (Generic Africa 2);607;3;5.0;;15200000.0;30.27;27.97;210028;205083;205083;205083;205083;205083.0;205083.0;205083.0;Balanced;51;51;;;;;;Fast build up;Forward runs;71;3;3;3;;;;;;;;
112540;/team/112540/shanghai-port/240002;24;2;22.09.2023;Shanghai Port;2012;Super League;1;155;China PR;68;69;69;68;37675694;Stadion Olympik;110955;5;9.0;;22900000.0;31.36;28.68;188152;188152;188152;188152;188152;221445.0;188152.0;188152.0;Press after possession loss;51;71;;;;;;Slow build up;Possession;61;5;3;3;;;;;;;;
112578;/team/112578/rionegro-aguilas/240002;24;2;22.09.2023;Rionegro Águilas;336;Liga BetPlay;1;56;Colombia;68;68;69;69;531488;Arena del Centenario (Estadio del Pueblo);101100;1;5.0;;19000000.0;26.45;24.55;245781;226228;226228;226228;226228;199964.0;226228.0;226228.0;Balanced;61;41;;;;;;Fast build up;Forward runs;71;3;3;3;;;;;;;;
112713;/team/112713/sarmiento/240002;24;2;22.09.2023;Sarmiento;353;Liga Profesional;1;52;Argentina;68;69;65;69;37709521;Arena d'Oro;112689;1;1.0;;5000000.0;29.64;27.61;142707;215162;215162;215162;215162;142707.0;223240.0;269132.0;Pressure on heavy touch;51;51;;;;;;Fast build up;Forward runs;61;4;3;3;;;;;;;;
113018;/team/113018/saint-louis-city/240002;24;2;22.09.2023;Saint Louis City;39;Major League Soccer;1;95;United States;68;71;69;67;30333;Stadion Neder;696;1;2.0;;185000000.0;26.27;24.66;189117;238072;238072;238072;238072;238072.0;238072.0;238072.0;Press after possession loss;61;71;;;;;;Fast build up;Forward runs;51;5;3;3;;;;;;;;
113044;/team/113044/barracas-central/240002;24;2;22.09.2023;Barracas Central;353;Liga Profesional;1;52;Argentina;68;69;69;68;470859;_Longville Stadium;111711;1;1.0;;6000000.0;26.36;26.14;266867;266867;266867;266867;266867;266867.0;266867.0;266867.0;Pressure on heavy touch;61;41;;;;;;Balanced;Balanced;61;5;3;3;;;;;;;;
113057;/team/113057/al-fayha/240002;24;2;22.09.2023;Al Fayha;350;Pro League;1;183;Saudi Arabia;68;72;69;65;1552604;Stade Kokoto (Generic Africa 2);112392;2;4.0;;13100000.0;29.91;27.59;238902;230850;230850;230850;230850;241771.0;241771.0;241771.0;Balanced;41;41;;;;;;Balanced;Balanced;51;4;3;3;;;;;;;;
113142;/team/113142/alanyaspor/240002;24;2;22.09.2023;Alanyaspor;68;Super Lig;1;48;Turkey;68;69;70;66;199825;Stadion Neder;741;1;2.0;;36100000.0;26.91;25.39;234870;229406;229406;229406;229406;234870.0;229406.0;229406.0;Balanced;51;51;;;;;;Slow build up;Possession;61;6;3;3;;;;;;;;
113217;/team/113217/damac/240002;24;2;22.09.2023;Damac;350;Pro League;1;183;Saudi Arabia;68;67;71;65;456580;Stade Kokoto (Generic Africa 2);113058;1;3.0;;11900000.0;30.45;27.87;254895;216351;216351;216351;216351;220306.0;216351.0;216351.0;Balanced;41;41;;;;;;Balanced;Balanced;51;3;3;3;;;;;;;;
114161;/team/114161/austin/240002;24;2;22.09.2023;Austin;39;Major League Soccer;1;95;United States;68;68;70;65;261512;Molton Road (Sheldon Stadium);698;1;4.0;;200000000.0;28.36;26.62;221125;215259;215259;215259;215259;221125.0;215259.0;215259.0;Balanced;71;81;;;;;;Slow build up;Possession;81;5;3;3;;;;;;;;
114554;/team/114554/fc-andorra/240002;24;2;22.09.2023;FC Andorra;54;La Liga 2;2;45;Spain;68;65;67;67;10293491;Town Park;110062;1;1.0;;2500000.0;25.0;24.1;204887;204887;204887;204887;204887;254507.0;204887.0;204887.0;Balanced;61;41;;;;;;Slow build up;Possession;51;3;3;3;;;;;;;;
114640;/team/114640/charlotte/240002;24;2;22.09.2023;Charlotte;39;Major League Soccer;1;95;United States;68;73;69;67;37639917;Stadio Classico;112885;1;2.0;;190000000.0;28.27;25.83;189280;189280;189280;189280;189280;224301.0;189280.0;189280.0;Balanced;41;41;;;;;;Fast build up;Forward runs;51;4;3;3;;;;;;;;
116361;/team/116361/wuhan-three-towns/240002;24;2;22.09.2023;Wuhan Three Towns;2012;Super League;1;155;China PR;68;74;67;68;37694861;Euro Arena;111724;1;3.0;;17000000.0;28.91;27.61;237135;237135;237135;237135;237135;238224.0;222350.0;222350.0;Balanced;51;51;;;;;;Balanced;Balanced;51;3;3;3;;;;;;;;
131110;/team/131110/eldense/240002;24;2;22.09.2023;Eldense;54;La Liga 2;2;45;Spain;68;68;66;67;2823359;Town Park;468;1;1.0;;1700000.0;28.27;26.64;276085;199829;199829;199829;199829;225018.0;199829.0;199829.0;Balanced;61;51;;;;;;Slow build up;Possession;61;3;3;3;;;;;;;;
62;/team/62/guingamp/240002;24;2;22.09.2023;Guingamp;17;Ligue 2;2;18;France;67;67;66;66;94341;Court Lane;378;1;6.0;;40000000.0;25.64;25.66;212735;225174;225174;225174;225174;213839.0;225174.0;225174.0;Balanced;51;61;;;;;;Fast build up;Forward runs;61;3;3;3;;;;;;;;
77;/team/77/aberdeen/240002;24;2;22.09.2023;Aberdeen;50;Premiership;1;42;Scotland;67;70;66;66;2508;Ivy Lane;86;3;8.0;;8500000.0;26.55;24.07;200302;252134;252134;252134;270611;269953.0;252134.0;252134.0;Balanced;61;51;;;;;;Balanced;Balanced;71;5;3;3;;;;;;;;
81;/team/81/hibernian/240002;24;2;22.09.2023;Hibernian;50;Premiership;1;42;Scotland;67;66;68;65;5125;Ivy Lane;80;2;7.0;;8000000.0;28.0;25.56;189110;202771;202771;202771;202771;211221.0;240603.0;202771.0;Balanced;51;61;;;;;;Fast build up;Forward runs;61;4;3;3;;;;;;;;
91;/team/91/derby-county/240002;24;2;22.09.2023;Derby County;60;League One;3;14;England;67;66;66;67;3311;Molton Road (Sheldon Stadium);14;1;10.0;;10000000.0;29.45;26.04;193849;193849;193849;193849;193849;193849.0;193849.0;193849.0;Balanced;51;51;;;;;;Fast build up;Forward runs;71;5;3;3;;;;;;;;
298;/team/298/rosenborg/240002;24;2;22.09.2023;Rosenborg;41;Eliteserien;1;36;Norway;67;66;67;66;456524;Forest Park Stadium (Square Ground);417;3;9.0;;20500000.0;24.73;24.17;230836;241726;241726;244724;241726;260567.0;244724.0;241726.0;Balanced;61;71;;;;;;Balanced;Balanced;71;4;3;3;;;;;;;;
300;/team/300/viking/240002;24;2;22.09.2023;Viking;41;Eliteserien;1;36;Norway;67;69;65;66;153005;Molton Road (Sheldon Stadium);1463;1;6.0;;10200000.0;24.73;24.11;205214;205214;205214;205214;205214;205214.0;205214.0;205214.0;Press after possession loss;51;51;;;;;;Fast build up;Forward runs;61;4;3;3;;;;;;;;
308;/team/308/universitatea-craiova/240002;24;2;22.09.2023;Universitatea Craiova;330;Liga 1;1;39;Romania;67;68;68;65;460024;Sanderson Park (FIFA 13 NEW generic);115716;3;9.0;;7000000.0;25.27;24.67;231726;229804;243000;231726;229804;231726.0;243000.0;243000.0;Balanced;61;51;;;;;;Fast build up;Forward runs;61;4;3;3;;;;;;;;
433;/team/433/aik/240002;24;2;22.09.2023;AIK;56;Allsvenskan;1;46;Sweden;67;65;64;67;184993;Waldstadion (Fussballstadion);710;2;9.0;;25300000.0;26.91;25.78;202605;219951;219951;219951;219951;219951.0;219951.0;219951.0;Balanced;51;51;;;;;;Balanced;Balanced;61;4;3;3;;;;;;;;
487;/team/487/osnabruck/240002;24;2;22.09.2023;Osnabrück;20;2. Bundesliga;2;21;Germany;67;66;68;66;35472;Court Lane;531;1;1.0;;8400000.0;26.18;24.93;250993;263089;263089;263089;263089;250763.0;263089.0;263089.0;Balanced;41;61;;;;;;Long ball;Direct passing;61;7;3;3;;;;;;;;
570;/team/570/ternana/240002;24;2;22.09.2023;Ternana;32;Serie B;2;27;Italy;67;70;65;68;1553030;Stadion 23. Maj;1847;1;5.0;;13500000.0;26.36;25.52;220084;220084;220084;220084;220084;220084.0;220084.0;220084.0;Press after possession loss;41;61;;;;;;Slow build up;Possession;61;3;3;3;;;;;;;;
894;/team/894/zurich/240002;24;2;22.09.2023;Zürich;189;Super League;1;47;Switzerland;67;66;69;67;37663443;Euro Arena;322;3;6.0;;24700000.0;26.09;24.74;204842;245586;245586;245586;233735;233735.0;233735.0;233735.0;Balanced;61;51;;;;;;Slow build up;Possession;81;4;3;3;;;;;;;;
897;/team/897/luzern/240002;24;2;22.09.2023;Luzern;189;Super League;1;47;Switzerland;67;64;70;66;127536;Molton Road (Sheldon Stadium);898;3;6.0;;34000000.0;24.18;23.63;257186;231077;231077;231077;231077;212150.0;231077.0;231077.0;Pressure on heavy touch;51;51;;;;;;Balanced;Balanced;61;4;3;3;;;;;;;;
982;/team/982/seoul/240002;24;2;22.09.2023;Seoul;83;K League 1;1;167;Korea Republic;67;60;68;67;37523318;Sanderson Park (FIFA 13 NEW generic);983;6;7.0;;20300000.0;26.45;27.21;193847;180283;180283;180283;180283;244582.0;238097.0;244582.0;Press after possession loss;51;61;;;;;;Fast build up;Forward runs;51;8;3;3;;;;;;;;
1474;/team/1474/pohang-steelers/240002;24;2;22.09.2023;Pohang Steelers;83;K League 1;1;167;Korea Republic;67;71;67;69;319508;Stadion Hanguk;1473;5;7.0;;10300000.0;27.55;26.71;212791;207730;207730;207730;207730;268313.0;207730.0;207730.0;Balanced;41;51;;;;;;Balanced;Balanced;61;3;3;3;;;;;;;;
1478;/team/1478/jeju-united/240002;24;2;22.09.2023;Jeju United;83;K League 1;1;167;Korea Republic;67;67;64;67;942499;Estadio de las Artes (Generic Stadium NG);982;2;7.0;;11700000.0;28.55;27.25;212439;211786;211786;211786;211786;211786.0;211786.0;211786.0;Pressure on heavy touch;41;51;;;;;;Fast build up;Forward runs;51;3;3;3;;;;;;;;
1744;/team/1744/modena/240002;24;2;22.09.2023;Modena;32;Serie B;2;27;Italy;67;67;67;68;127755;Crown Lane;189;1;5.0;;16500000.0;28.27;25.26;268923;200930;225428;200930;200930;200930.0;200930.0;200930.0;Balanced;61;51;;;;;;Slow build up;Possession;61;3;3;3;;;;;;;;
1750;/team/1750/cercle-brugge/240002;24;2;22.09.2023;Cercle Brugge;4;Jupiler Pro League;1;7;Belgium;67;68;65;66;26328630;Waldstadion (Fussballstadion);231;2;4.0;;35000000.0;23.09;22.6;201438;259586;259586;259586;259586;237254.0;259586.0;259586.0;Press after possession loss;31;51;;;;;;Fast build up;Forward runs;61;6;3;3;;;;;;;;
1786;/team/1786/randers/240002;24;2;22.09.2023;Randers;1;Superliga;1;13;Denmark;67;66;64;66;12036309;Court Lane;271;1;5.0;;10500000.0;25.0;24.63;180174;255464;255464;255464;180174;241659.0;180174.0;180174.0;Balanced;61;51;;;;;;Balanced;Balanced;61;3;3;3;;;;;;;;
1797;/team/1797/rotherham-united/240002;24;2;22.09.2023;Rotherham United;14;Championship;2;14;England;67;67;68;65;2733;Molton Road (Sheldon Stadium);1807;1;1.0;;4700000.0;25.91;25.85;235496;218623;218623;218623;218623;218623.0;218623.0;218623.0;Balanced;41;41;;;;;;Long ball;Direct passing;61;3;3;3;;;;;;;;
1805;/team/1805/grenoble-foot-38/240002;24;2;22.09.2023;Grenoble Foot 38;17;Ligue 2;2;18;France;67;65;67;67;94233;Stadion Neder;66;1;3.0;;20000000.0;25.73;25.28;196316;224590;224590;224590;224590;224590.0;224590.0;224590.0;Balanced;51;51;;;;;;Fast build up;Forward runs;61;3;3;3;;;;;;;;
1814;/team/1814/laval/240002;24;2;22.09.2023;Laval;17;Ligue 2;2;18;France;67;67;67;66;456483;Town Park;1530;1;2.0;;18000000.0;29.0;26.9;208865;208865;208865;208865;208865;240133.0;254996.0;254996.0;Balanced;51;41;;;;;;Fast build up;Forward runs;61;3;3;3;;;;;;;;
1862;/team/1862/lausanne-sport/240002;24;2;22.09.2023;Lausanne Sport;189;Super League;1;47;Switzerland;67;67;68;65;29608;Stadion Neder;115201;2;6.0;;15000000.0;24.82;25.69;218887;218887;218887;218887;218887;218887.0;218887.0;218887.0;Balanced;61;41;;;;;;Fast build up;Forward runs;61;3;3;3;;;;;;;;
1929;/team/1929/plymouth-argyle/240002;24;2;22.09.2023;Plymouth Argyle;14;Championship;2;14;England;67;67;67;67;7101;Molton Road (Sheldon Stadium);143;1;1.0;;4400000.0;24.27;23.32;192231;252796;243353;252796;252796;226084.0;252796.0;252796.0;Balanced;61;41;;;;;;Balanced;Balanced;51;6;3;3;;;;;;;;
10032;/team/10032/lugano/240002;24;2;22.09.2023;Lugano;189;Super League;1;47;Switzerland;67;69;69;64;198883;Euro Park;900;2;4.0;;28500000.0;25.91;24.39;229845;210537;229845;229845;210537;240317.0;229845.0;229845.0;Pressure on heavy touch;51;51;;;;;;Fast build up;Forward runs;61;4;3;3;;;;;;;;
100634;/team/100634/heracles-almelo/240002;24;2;22.09.2023;Heracles Almelo;10;Eredivisie;1;34;Netherlands;67;67;66;66;2510291;Stadion Neder;1908;1;3.0;;25500000.0;26.55;23.43;231823;222165;222165;222165;222165;223370.0;224859.0;224859.0;Balanced;51;61;;;;;;Balanced;Balanced;51;4;3;3;;;;;;;;
100646;/team/100646/sparta-rotterdam/240002;24;2;22.09.2023;Sparta Rotterdam;10;Eredivisie;1;34;Netherlands;67;67;68;66;1552387;Stadion Neder;246;1;4.0;;26300000.0;25.82;23.77;216193;177569;177569;177569;177569;242531.0;276712.0;276712.0;Balanced;41;51;;;;;;Fast build up;Forward runs;51;5;3;3;;;;;;;;
100831;/team/100831/alcorcon/240002;24;2;22.09.2023;Alcorcón;54;La Liga 2;2;45;Spain;67;69;67;67;896662;Town Park;480;1;5.0;;2500000.0;29.82;26.84;176693;193421;193421;193421;193421;224116.0;193421.0;193421.0;Balanced;61;41;;;;;;Balanced;Balanced;51;3;3;3;;;;;;;;
101028;/team/101028/hatayspor/240002;24;2;22.09.2023;Hatayspor;68;Super Lig;1;48;Turkey;67;69;67;67;200291;Molton Road (Sheldon Stadium);110776;1;1.0;;20600000.0;26.36;25.24;199683;229176;229176;232090;229176;215965.0;229176.0;229176.0;Balanced;51;51;;;;;;Fast build up;Forward runs;51;5;3;3;;;;;;;;
101037;/team/101037/rizespor/240002;24;2;22.09.2023;Rizespor;68;Super Lig;1;48;Turkey;67;69;66;64;3568847;Stadion Neder;436;2;3.0;;13800000.0;24.55;24.28;229637;212045;212045;212045;212045;277626.0;275693.0;275693.0;Balanced;61;41;;;;;;Balanced;Balanced;51;3;3;3;;;;;;;;
101104;/team/101104/santa-fe/240002;24;2;22.09.2023;Santa Fe;336;Liga BetPlay;1;56;Colombia;67;73;67;68;470494;Stadio Classico;101105;5;7.0;;25500000.0;28.36;27.11;168565;226419;168565;226419;226419;168565.0;226419.0;226419.0;Balanced;41;51;;;;;;Fast build up;Forward runs;61;4;3;3;;;;;;;;
110075;/team/110075/ssc-farul/240002;24;2;22.09.2023;SSC Farul;330;Liga 1;1;39;Romania;67;65;69;65;524523;_Oktigann Park;113182;4;9.0;;6200000.0;24.91;24.96;247963;243019;248111;264633;243019;247963.0;264633.0;270867.0;Pressure on heavy touch;51;61;;;;;;Balanced;Balanced;71;5;3;3;;;;;;;;
110242;/team/110242/racing-ferrol/240002;24;2;22.09.2023;Racing Ferrol;54;La Liga 2;2;45;Spain;67;68;68;65;3510275;Town Park;450;1;1.0;;2000000.0;27.36;27.88;172716;172716;172716;172716;172716;227990.0;172716.0;172716.0;Balanced;61;41;;;;;;Fast build up;Forward runs;61;3;3;3;;;;;;;;
110321;/team/110321/pau/240002;24;2;22.09.2023;Pau;17;Ligue 2;2;18;France;67;67;66;66;464864;_Longville Stadium;1809;1;3.0;;17000000.0;29.36;24.97;198517;183256;244736;183256;183256;244736.0;244736.0;244736.0;Balanced;61;51;;;;;;Fast build up;Forward runs;61;5;3;3;;;;;;;;
110500;/team/110500/eintracht-braunschweig/240002;24;2;22.09.2023;Eintracht Braunschweig;20;2. Bundesliga;2;21;Germany;67;67;68;67;460205;Euro Arena;485;1;2.0;;9400000.0;27.73;25.33;238619;229175;229175;229175;229175;198554.0;229175.0;229175.0;Balanced;51;37;;;;;;Long ball;Direct passing;71;3;3;3;;;;;;;;
110740;/team/110740/reggiana/240002;24;2;22.09.2023;Reggiana;32;Serie B;2;27;Italy;67;66;67;64;128120;Forest Park Stadium (Square Ground);50;1;2.0;;5800000.0;27.0;25.55;173146;173146;173146;173146;173146;173146.0;173146.0;173146.0;Balanced;41;37;;;;;;Slow build up;Possession;51;3;3;3;;;;;;;;
110765;/team/110765/incheon-united/240002;24;2;22.09.2023;Incheon United;83;K League 1;1;167;Korea Republic;67;68;70;66;465969;Estadio de las Artes (Generic Stadium NG);982;2;4.0;;11400000.0;30.36;27.54;207753;187858;187858;187858;208636;223994.0;208636.0;187858.0;Balanced;71;41;;;;;;Balanced;Balanced;61;3;3;3;;;;;;;;
110816;/team/110816/cfr-cluj/240002;24;2;22.09.2023;CFR Cluj;330;Liga 1;1;39;Romania;67;66;68;66;896647;;110751;4;10.0;;7200000.0;27.64;26.73;191058;191058;191058;250952;191058;266728.0;191058.0;191058.0;Balanced;41;51;;;;;;Balanced;Balanced;51;5;3;3;;;;;;;;
110968;/team/110968/bolivar/240002;24;2;22.09.2023;Bolívar;2017;Liga De Futbol Prof;1;53;Bolivia;67;68;66;66;527267;Estadio Nacional (El Medio);110969;5;10.0;;16400000.0;28.82;26.46;216751;241131;241131;241131;241131;214835.0;216751.0;216751.0;Balanced;61;51;;;;;;Fast build up;Forward runs;51;5;3;3;;;;;;;;
110969;/team/110969/the-strongest/240002;24;2;22.09.2023;The Strongest;2017;Liga De Futbol Prof;1;53;Bolivia;67;69;66;65;471459;El Monumento (Estadio Latino);110968;4;9.0;;14600000.0;28.45;26.76;236241;259961;259961;259961;259961;217201.0;200120.0;200120.0;Balanced;51;41;;;;;;Fast build up;Forward runs;51;4;3;3;;;;;;;;
110978;/team/110978/cobresal/240002;24;2;22.09.2023;Cobresal;335;Primera Division;1;55;Chile;67;71;67;65;5666333;Arena d'Oro;110980;2;4.0;;15000000.0;29.82;27.36;229201;214429;214429;214429;214429;220409.0;214429.0;214429.0;Balanced;51;41;;;;;;Fast build up;Forward runs;61;3;3;3;;;;;;;;
110982;/team/110982/deportivo-cuenca/240002;24;2;22.09.2023;Deportivo Cuenca;2018;Liga Pro;1;57;Ecuador;67;67;67;66;7690603;Arena d'Oro;110986;1;4.0;;11500000.0;29.45;27.26;219678;219678;219678;219678;219678;219678.0;219678.0;219678.0;Balanced;41;41;;;;;;Balanced;Balanced;51;3;3;3;;;;;;;;
110987;/team/110987/aucas/240002;24;2;22.09.2023;Aucas;2018;Liga Pro;1;57;Ecuador;67;68;66;66;466572;Arena del Centenario (Estadio del Pueblo);110986;2;6.0;;19000000.0;29.55;27.44;253354;217097;225679;217097;217097;246404.0;217097.0;217097.0;Balanced;51;51;;;;;;Fast build up;Forward runs;61;4;3;3;;;;;;;;
110998;/team/110998/danubio/240002;24;2;22.09.2023;Danubio;338;Primera Division;1;60;Uruguay;67;67;66;67;232710;Arena del Centenario (Estadio del Pueblo);101109;2;6.0;;16200000.0;27.36;25.26;235111;235111;235111;235111;235111;186408.0;235111.0;235111.0;Press after possession loss;51;51;;;;;;Slow build up;Possession;61;3;3;3;;;;;;;;
111011;/team/111011/cienciano/240002;24;2;22.09.2023;Cienciano;2020;Primera Division;1;59;Peru;67;69;68;66;1477253;Estadio de las Artes (Generic Stadium NG);111334;2;6.0;;17000000.0;29.09;27.8;253584;253653;253653;253653;253653;241499.0;253653.0;253653.0;Balanced;51;51;;;;;;Fast build up;Forward runs;51;3;3;3;;;;;;;;
111139;/team/111139/cf-montreal/240002;24;2;22.09.2023;CF Montréal;39;Major League Soccer;1;70;Canada;67;67;67;66;24118;Molton Road (Sheldon Stadium);111651;4;4.0;;199000000.0;23.36;23.89;213092;255411;255411;255411;255411;259288.0;255411.0;255411.0;Balanced;51;51;;;;;;Slow build up;Possession;71;3;3;3;;;;;;;;
111326;/team/111326/liverpool/240002;24;2;22.09.2023;Liverpool;338;Primera Division;1;60;Uruguay;67;69;68;66;212901;Arena del Centenario (Estadio del Pueblo);112184;2;8.0;;25200000.0;24.55;22.9;255882;253259;253259;253259;253259;253259.0;253259.0;253259.0;Balanced;51;51;;;;;;Slow build up;Possession;81;8;3;3;;;;;;;;
111328;/team/111328/palestino/240002;24;2;22.09.2023;Palestino;335;Primera Division;1;55;Chile;67;70;66;68;471810;Arena d'Oro;110975;4;6.0;;16500000.0;30.82;26.23;207641;215129;215129;215129;215129;207641.0;215129.0;215129.0;Balanced;61;51;;;;;;Fast build up;Forward runs;51;3;3;3;;;;;;;;
111329;/team/111329/guarani/240002;24;2;22.09.2023;Guaraní;337;Primera División;1;58;Paraguay;67;71;65;64;257693;Aloha Park (Generic Oceania 2);101108;4;7.0;;19500000.0;28.55;26.44;218867;219835;219835;219835;219835;219835.0;219835.0;219835.0;Balanced;51;51;;;;;;Fast build up;Forward runs;61;5;3;3;;;;;;;;
111339;/team/111339/kasimpasa/240002;24;2;22.09.2023;Kas?mpaºa;68;Super Lig;1;48;Turkey;67;69;67;66;456648;Stadio Classico;101014;3;4.0;;20200000.0;26.82;25.46;226517;226517;226517;226517;226517;226517.0;226517.0;226517.0;Balanced;41;51;;;;;;Balanced;Balanced;61;4;3;3;;;;;;;;
111817;/team/111817/paris/240002;24;2;22.09.2023;Paris;17;Ligue 2;2;18;France;67;68;68;67;37524603;Euro Arena;73;1;5.0;;38000000.0;27.73;24.15;240057;257118;211240;211240;257118;257118.0;211240.0;211240.0;Balanced;61;51;;;;;;Slow build up;Possession;61;5;3;3;;;;;;;;
112168;/team/112168/cosenza/240002;24;2;22.09.2023;Cosenza;32;Serie B;2;27;Italy;67;69;67;67;127840;Euro Arena;110908;1;2.0;;9500000.0;26.45;24.11;229750;220528;220528;220528;220528;220528.0;220528.0;220528.0;Balanced;51;51;;;;;;Long ball;Direct passing;61;5;3;3;;;;;;;;
112184;/team/112184/river-plate/240002;24;2;22.09.2023;River Plate;338;Primera Division;1;60;Uruguay;67;66;67;67;2876007;Arena del Centenario (Estadio del Pueblo);111326;3;5.0;;15500000.0;24.09;24.81;259322;257189;257189;257189;257189;257189.0;257189.0;257189.0;Balanced;61;51;;;;;;Balanced;Balanced;71;4;3;3;;;;;;;;
112499;/team/112499/feralpisalo/240002;24;2;22.09.2023;FeralpiSal?;32;Serie B;2;27;Italy;67;64;66;67;608328;Euro Arena;111434;1;2.0;;5000000.0;27.0;26.25;197690;197690;197690;197690;197690;197690.0;197690.0;197690.0;Balanced;51;51;;;;;;Long ball;Direct passing;51;3;3;3;;;;;;;;
112558;/team/112558/suwon/240002;24;2;22.09.2023;Suwon;83;K League 1;1;167;Korea Republic;67;68;67;65;37476493;Stadion 23. Maj;983;1;6.0;;9800000.0;30.55;29.5;228007;200601;200601;200601;200601;200601.0;200601.0;200601.0;Balanced;51;51;;;;;;Fast build up;Forward runs;61;5;3;3;;;;;;;;
112585;/team/112585/nublense/240002;24;2;22.09.2023;?ublense;335;Primera Division;1;55;Chile;67;70;66;66;233380;Stadion Neder;110980;1;6.0;;17500000.0;29.64;27.5;263526;228672;214717;228672;228672;214685.0;228672.0;228672.0;Balanced;41;37;;;;;;Fast build up;Forward runs;61;3;3;3;;;;;;;;
113058;/team/113058/abha/240002;24;2;22.09.2023;Abha;350;Pro League;1;183;Saudi Arabia;67;66;69;64;37621959;Stade Kokoto (Generic Africa 2);113217;1;2.0;;11600000.0;30.55;27.73;241750;241750;241750;241750;241750;224069.0;241750.0;241750.0;Balanced;51;51;;;;;;Balanced;Balanced;51;4;3;3;;;;;;;;
114611;/team/114611/academia-puerto-cabello/240002;24;2;22.09.2023;Academia Puerto Cabello;2019;Primera Division;1;61;Venezuela;67;68;66;67;470310;Arena d'Oro;110990;1;7.0;;14000000.0;27.91;25.4;209072;259856;259856;259856;259856;244209.0;260336.0;260336.0;Balanced;61;51;;;;;;Long ball;Direct passing;41;3;3;3;;;;;;;;
4;/team/4/bolton-wanderers/240002;24;2;22.09.2023;Bolton Wanderers;60;League One;3;14;England;66;67;65;65;491;Sanderson Park (FIFA 13 NEW generic);1917;1;10.0;;6000000.0;26.27;25.68;212090;235807;235807;235807;221705;220039.0;231951.0;235807.0;Press after possession loss;51;51;;;;;;Slow build up;Possession;71;5;3;3;;;;;;;;
58;/team/58/bastia/240002;24;2;22.09.2023;Bastia;17;Ligue 2;2;18;France;66;65;69;64;1677031;Town Park;614;1;4.0;;20000000.0;27.09;25.15;206243;235042;235042;235042;235042;235042.0;235042.0;235042.0;Balanced;51;51;;;;;;Balanced;Balanced;61;3;3;3;;;;;;;;
89;/team/89/charlton-athletic/240002;24;2;22.09.2023;Charlton Athletic;60;League One;3;14;England;66;62;66;65;37559807;Forest Park Stadium (Square Ground);97;1;9.0;;6500000.0;23.45;23.43;225769;237332;225769;237332;237332;237332.0;240331.0;230864.0;Balanced;61;51;;;;;;Slow build up;Possession;61;3;3;3;;;;;;;;
270;/team/270/silkeborg/240002;24;2;22.09.2023;Silkeborg;1;Superliga;1;13;Denmark;66;65;66;65;457779;Court Lane;1516;1;3.0;;10000000.0;24.0;23.0;200209;243666;231233;243666;243666;271320.0;257259.0;257259.0;Balanced;51;61;;;;;;Fast build up;Forward runs;61;4;3;3;;;;;;;;
310;/team/310/rapid-bucuresti/240002;24;2;22.09.2023;Rapid Bucuresti;330;Liga 1;1;39;Romania;66;67;65;66;25567014;Molton Road (Sheldon Stadium);100761;3;7.0;;5000000.0;25.91;25.32;156221;156221;156221;156221;248049;156221.0;248049.0;248049.0;Balanced;51;41;;;;;;Fast build up;Forward runs;61;4;3;3;;;;;;;;
319;/team/319/ifk-goteborg/240002;24;2;22.09.2023;IFK Göteborg;56;Allsvenskan;1;46;Sweden;66;68;63;66;16845924;Stadion Neder;320;1;7.0;;14100000.0;28.18;25.16;176733;144429;144429;243788;144429;176733.0;243788.0;144429.0;Balanced;51;51;;;;;;Long ball;Direct passing;61;7;3;3;;;;;;;;
492;/team/492/wehen-wiesbaden/240002;24;2;22.09.2023;Wehen Wiesbaden;20;2. Bundesliga;2;21;Germany;66;65;64;66;896508;Stadion Neder;169;1;1.0;;9000000.0;26.18;24.97;218656;269604;269604;269604;269604;225545.0;269604.0;269604.0;Pressure on heavy touch;51;61;;;;;;Balanced;Balanced;51;5;3;3;;;;;;;;
523;/team/523/saarbrucken/240002;24;2;22.09.2023;Saarbrücken;2076;3. Liga;3;21;Germany;66;65;66;66;33148;Stadion Neder;29;1;8.0;;4700000.0;28.45;25.5;203754;224424;224424;224424;224424;256282.0;224424.0;224424.0;Balanced;41;51;;;;;;Long ball;Direct passing;71;4;3;3;;;;;;;;
580;/team/580/elversberg/240002;24;2;22.09.2023;Elversberg;20;2. Bundesliga;2;21;Germany;66;66;66;66;1548455;Town Park;523;1;1.0;;7000000.0;25.45;26.44;269305;238793;238793;250946;238793;257399.0;250946.0;238793.0;Pressure on heavy touch;51;71;;;;;;Fast build up;Forward runs;51;4;3;3;;;;;;;;
700;/team/700/elfsborg/240002;24;2;22.09.2023;Elfsborg;56;Allsvenskan;1;46;Sweden;66;66;63;67;457107;Stade Municipal;319;1;6.0;;8600000.0;25.45;23.7;198455;198455;198455;198455;198455;234522.0;198455.0;198455.0;Balanced;51;51;;;;;;Long ball;Direct passing;51;5;3;3;;;;;;;;
710;/team/710/djurgarden/240002;24;2;22.09.2023;Djurg?rden;56;Allsvenskan;1;46;Sweden;66;66;68;66;458730;Sanderson Park (FIFA 13 NEW generic);433;1;9.0;;29300000.0;28.27;26.7;208437;208437;208437;208437;201967;242062.0;208437.0;201967.0;Press after possession loss;51;61;;;;;;Fast build up;Forward runs;61;5;3;3;;;;;;;;
746;/team/746/istanbulspor/240002;24;2;22.09.2023;?stanbulspor;68;Super Lig;1;48;Turkey;66;64;65;66;201088;_Oktigann Park;111117;1;2.0;;10800000.0;26.64;25.46;269860;269862;269862;269862;269862;269862.0;269862.0;269862.0;Balanced;51;51;;;;;;Fast build up;Forward runs;51;4;3;3;;;;;;;;
920;/team/920/valerenga/240002;24;2;22.09.2023;V?lerenga;41;Eliteserien;1;36;Norway;66;65;67;66;37457571;Ivy Lane;299;2;7.0;;14900000.0;26.09;23.58;190697;222215;222215;222215;222215;214877.0;232655.0;232655.0;Pressure on heavy touch;51;61;;;;;;Slow build up;Possession;61;6;3;3;;;;;;;;
980;/team/980/daejeon-citizen/240002;24;2;22.09.2023;Daejeon Citizen;83;K League 1;1;167;Korea Republic;66;66;67;65;37563984;Waldstadion (Fussballstadion);983;2;6.0;;12100000.0;28.0;26.36;208063;238578;238578;238578;238578;267825.0;238578.0;238578.0;Balanced;51;61;;;;;;Slow build up;Possession;41;3;3;3;;;;;;;;
983;/team/983/suwon-bluewings/240002;24;2;22.09.2023;Suwon Bluewings;83;K League 1;1;167;Korea Republic;66;64;69;65;22536116;Estadio de las Artes (Generic Stadium NG);982;3;3.0;;14100000.0;28.18;28.29;212066;212066;212066;212066;212066;198080.0;212066.0;212066.0;Balanced;51;51;;;;;;Fast build up;Forward runs;61;3;3;3;;;;;;;;
1443;/team/1443/viborg/240002;24;2;22.09.2023;Viborg;1;Superliga;1;13;Denmark;66;64;67;66;27440829;Court Lane;1516;1;2.0;;8100000.0;24.45;22.31;215686;256741;256741;256741;256741;256741.0;256741.0;256741.0;Balanced;51;51;;;;;;Balanced;Balanced;71;3;3;3;;;;;;;;
1793;/team/1793/reading/240002;24;2;22.09.2023;Reading;60;League One;3;14;England;66;59;65;64;37684524;Molton Road (Sheldon Stadium);1951;1;6.0;;7000000.0;23.82;23.14;258522;265789;265789;265789;265789;263101.0;265789.0;265789.0;Balanced;41;41;;;;;;Long ball;Direct passing;51;3;3;3;;;;;;;;
1905;/team/1905/rkc-waalwijk/240002;24;2;22.09.2023;RKC Waalwijk;10;Eredivisie;1;34;Netherlands;66;66;64;67;523972;Molton Road (Sheldon Stadium);634;1;2.0;;15100000.0;25.91;24.74;184614;208790;208790;208790;208790;184614.0;208790.0;208790.0;Balanced;51;41;;;;;;Balanced;Balanced;61;4;3;3;;;;;;;;
1914;/team/1914/pec-zwolle/240002;24;2;22.09.2023;PEC Zwolle;10;Eredivisie;1;34;Netherlands;66;68;66;66;33968968;Molton Road (Sheldon Stadium);100632;1;3.0;;21200000.0;25.82;24.07;209371;226539;226539;226539;226539;242202.0;226539.0;226539.0;Balanced;51;51;;;;;;Balanced;Balanced;71;5;3;3;;;;;;;;
1926;/team/1926/blackpool/240002;24;2;22.09.2023;Blackpool;60;League One;3;14;England;66;66;65;66;2823538;Molton Road (Sheldon Stadium);1801;1;8.0;;8000000.0;25.27;24.71;250810;245761;245761;245761;245761;238990.0;245761.0;245761.0;Pressure on heavy touch;51;51;;;;;;Long ball;Direct passing;61;3;3;3;;;;;;;;
1932;/team/1932/barnsley/240002;24;2;22.09.2023;Barnsley;60;League One;3;14;England;66;64;67;63;1752;Forest Park Stadium (Square Ground);1794;1;8.0;;7200000.0;24.0;23.43;237415;243842;243842;243842;243842;206134.0;236247.0;243842.0;Pressure on heavy touch;51;51;;;;;;Fast build up;Forward runs;71;3;3;3;;;;;;;;
1971;/team/1971/excelsior/240002;24;2;22.09.2023;Excelsior;10;Eredivisie;1;34;Netherlands;66;65;65;65;4187834;Court Lane;100646;1;1.0;;11900000.0;22.82;22.54;269436;269471;269436;269471;269436;269472.0;269471.0;269471.0;Balanced;41;41;;;;;;Long ball;Direct passing;41;3;3;3;;;;;;;;
2013;/team/2013/as-eupen/240002;24;2;22.09.2023;AS Eupen;4;Jupiler Pro League;1;7;Belgium;66;67;67;65;460266;Court Lane;232;1;2.0;;22000000.0;25.27;24.04;251539;211818;197831;211818;211818;195586.0;211818.0;211818.0;Balanced;51;41;;;;;;Balanced;Balanced;71;3;3;3;;;;;;;;
2056;/team/2056/daegu/240002;24;2;22.09.2023;Daegu;83;K League 1;1;167;Korea Republic;66;69;65;65;37646004;Stadion Neder;1474;4;7.0;;10600000.0;29.09;25.68;225733;225733;225733;225733;225733;225733.0;225733.0;225733.0;Balanced;51;51;;;;;;Long ball;Direct passing;61;3;3;3;;;;;;;;
100632;/team/100632/go-ahead-eagles/240002;24;2;22.09.2023;Go Ahead Eagles;10;Eredivisie;1;34;Netherlands;66;67;66;67;455925;Molton Road (Sheldon Stadium);1914;1;2.0;;16100000.0;25.45;23.7;217585;270578;262403;270578;262403;270578.0;262403.0;270578.0;Balanced;41;41;;;;;;Fast build up;Forward runs;51;5;3;3;;;;;;;;
101020;/team/101020/kayserispor/240002;24;2;22.09.2023;Kayserispor;68;Super Lig;1;48;Turkey;66;66;68;66;7693712;Sanderson Park (FIFA 13 NEW generic);101041;2;4.0;;17000000.0;27.82;24.17;217007;224890;224890;224890;224890;217007.0;224890.0;224890.0;Press after possession loss;71;51;;;;;;Long ball;Direct passing;61;5;3;3;;;;;;;;
110069;/team/110069/mirandes/240002;24;2;22.09.2023;Mirandés;54;La Liga 2;2;45;Spain;66;64;66;66;37553756;Town Park;463;1;3.0;;2500000.0;21.91;22.33;270987;265396;265396;265396;265396;265396.0;265396.0;265396.0;Press after possession loss;51;51;;;;;;Balanced;Balanced;61;4;3;3;;;;;;;;
110394;/team/110394/arsenal-de-sarandi/240002;24;2;22.09.2023;Arsenal de Sarandi;353;Liga Profesional;1;52;Argentina;66;65;67;67;252491;Arena del Centenario (Estadio del Pueblo);111710;3;3.0;;7500000.0;26.82;24.71;261152;257549;223615;257549;257549;215020.0;223615.0;223615.0;Balanced;41;41;;;;;;Fast build up;Forward runs;51;3;3;3;;;;;;;;
110456;/team/110456/valenciennes/240002;24;2;22.09.2023;Valenciennes;17;Ligue 2;2;18;France;66;65;65;65;227933;Waldstadion (Fussballstadion);65;1;3.0;;21000000.0;24.64;23.27;238056;254784;254784;258679;254784;254784.0;254784.0;254784.0;Balanced;41;51;;;;;;Balanced;Balanced;61;4;3;3;;;;;;;;
110749;/team/110749/zaglebie-lubin/240002;24;2;22.09.2023;Zag³êbie Lubin;66;Ekstraklasa;1;37;Poland;66;66;66;65;4977578;Molton Road (Sheldon Stadium);111092;3;7.0;;6900000.0;25.82;25.75;201081;225445;198046;198046;225445;255779.0;225445.0;225445.0;Balanced;51;51;;;;;;Balanced;Balanced;71;4;3;3;;;;;;;;
110908;/team/110908/catanzaro/240002;24;2;22.09.2023;Catanzaro;32;Serie B;2;27;Italy;66;68;65;66;465900;Stadio Classico;112168;1;2.0;;10300000.0;27.27;25.48;209613;217338;217338;217338;217338;209613.0;217338.0;217338.0;Balanced;51;51;;;;;;Fast build up;Forward runs;51;3;3;3;;;;;;;;
110955;/team/110955/shanghai-shenhua/240002;24;2;22.09.2023;Shanghai Shenhua;2012;Super League;1;155;China PR;66;70;65;64;4916358;Stadion Olympik;112540;3;6.0;;13100000.0;28.36;26.11;222204;222204;222204;222204;222204;212601.0;222204.0;222204.0;Balanced;51;51;;;;;;Long ball;Direct passing;51;4;3;3;;;;;;;;
110989;/team/110989/caracas/240002;24;2;22.09.2023;Caracas;2019;Primera Division;1;61;Venezuela;66;67;66;66;467533;Euro Arena;110990;3;9.0;;13000000.0;26.27;22.86;209073;253867;253867;253867;253867;258290.0;253867.0;253867.0;Balanced;41;51;;;;;;Long ball;Direct passing;51;4;3;3;;;;;;;;
110990;/team/110990/deportivo-tachira/240002;24;2;22.09.2023;Deportivo Táchira;2019;Primera Division;1;61;Venezuela;66;67;66;66;1548557;El Monumento (Estadio Latino);110989;4;10.0;;13200000.0;27.64;25.71;261648;261648;261648;261648;261648;261648.0;261648.0;261648.0;Balanced;61;51;;;;;;Long ball;Direct passing;51;3;3;3;;;;;;;;
111086;/team/111086/piast-gliwice/240002;24;2;22.09.2023;Piast Gliwice;66;Ekstraklasa;1;37;Poland;66;67;65;65;108499;Molton Road (Sheldon Stadium);420;3;7.0;;6300000.0;26.73;25.89;214882;194059;234883;194059;194059;224062.0;257886.0;240501.0;Balanced;51;51;;;;;;Balanced;Balanced;51;4;3;3;;;;;;;;
111088;/team/111088/radomiak-radom/240002;24;2;22.09.2023;Radomiak Radom;66;Ekstraklasa;1;37;Poland;66;66;66;66;1565617;Euro Park;111083;1;5.0;;4500000.0;28.18;26.44;211622;203575;203575;203575;203575;203575.0;203575.0;203575.0;Balanced;51;51;;;;;;Balanced;Balanced;61;3;3;3;;;;;;;;
111768;/team/111768/beijing-guoan/240002;24;2;22.09.2023;Beijing Guoan;2012;Super League;1;155;China PR;66;71;65;67;1021678;Stadion Hanguk;110955;4;8.0;;11900000.0;29.82;27.46;183997;222734;222734;222734;222734;199088.0;222734.0;222734.0;Balanced;41;51;;;;;;Slow build up;Possession;51;3;3;3;;;;;;;;
111822;/team/111822/wolfsberger-ac/240002;24;2;22.09.2023;Wolfsberger AC;80;Bundesliga;1;4;Austria;66;67;66;67;37575021;Euro Park;209;4;5.0;;15000000.0;25.27;24.56;216182;216182;216182;216182;216182;267864.0;216182.0;216182.0;Pressure on heavy touch;41;51;;;;;;Fast build up;Forward runs;41;3;3;3;;;;;;;;
112115;/team/112115/gangwon/240002;24;2;22.09.2023;Gangwon;83;K League 1;1;167;Korea Republic;66;66;66;65;453032;Euro Arena;1474;1;5.0;;11200000.0;28.73;26.75;211004;233018;233018;233018;233018;233018.0;233018.0;191980.0;Pressure on heavy touch;71;51;;;;;;Long ball;Direct passing;61;4;3;3;;;;;;;;
112224;/team/112224/melbourne-city/240002;24;2;22.09.2023;Melbourne City;351;A-League;1;195;Australia;66;73;68;65;27814431;Stade Municipal;111397;5;10.0;;12900000.0;30.82;26.09;212232;190761;190761;190761;190761;212232.0;190761.0;190761.0;Balanced;61;61;;;;;;Slow build up;Possession;61;4;3;3;;;;;;;;
112392;/team/112392/al-raed/240002;24;2;22.09.2023;Al Raed;350;Pro League;1;183;Saudi Arabia;66;68;67;62;456680;Stade Kokoto (Generic Africa 2);112393;2;4.0;;18700000.0;27.73;25.13;210898;263893;240526;240526;263893;240526.0;240526.0;263893.0;Balanced;61;51;;;;;;Fast build up;Forward runs;71;3;3;3;;;;;;;;
112393;/team/112393/al-taawon/240002;24;2;22.09.2023;Al Taawon;350;Pro League;1;183;Saudi Arabia;66;68;71;61;24445026;Stade Kokoto (Generic Africa 2);112392;4;6.0;;32100000.0;26.0;24.5;234200;212476;212476;232787;212476;232787.0;212476.0;212476.0;Pressure on heavy touch;61;61;;;;;;Slow build up;Possession;61;4;3;3;;;;;;;;
112494;/team/112494/sudtirol/240002;24;2;22.09.2023;Südtirol;32;Serie B;2;27;Italy;66;68;65;64;896634;_Longville Stadium;55;1;4.0;;14000000.0;28.18;26.28;268753;268753;268753;268753;268753;268758.0;268753.0;169115.0;Pressure on heavy touch;51;41;;;;;;Long ball;Direct passing;61;3;3;3;;;;;;;;
112552;/team/112552/quevilly-rouen/240002;24;2;22.09.2023;Quevilly Rouen;17;Ligue 2;2;18;France;66;64;66;65;94389;Town Park;1738;1;2.0;;14000000.0;25.18;24.88;173040;173040;256843;173040;173040;257978.0;256843.0;256843.0;Balanced;41;41;;;;;;Long ball;Direct passing;61;3;3;3;;;;;;;;
112707;/team/112707/magallanes/240002;24;2;22.09.2023;Magallanes;335;Primera Division;1;55;Chile;66;66;67;65;233202;Aloha Park (Generic Oceania 2);110980;1;2.0;;14000000.0;27.45;28.13;273862;273862;273862;273862;273862;273862.0;273862.0;273862.0;Balanced;61;61;;;;;;Fast build up;Forward runs;51;3;3;3;;;;;;;;
112716;/team/112716/cerro-porteno/240002;24;2;22.09.2023;Cerro Porte?o;337;Primera División;1;58;Paraguay;66;69;65;64;412537;Estadio Nacional (El Medio);101108;7;9.0;;44500000.0;27.18;23.7;223099;216055;216055;216055;216055;223099.0;216055.0;216055.0;Balanced;51;51;;;;;;Fast build up;Forward runs;61;4;3;3;;;;;;;;
112883;/team/112883/al-khaleej/240002;24;2;22.09.2023;Al Khaleej;350;Pro League;1;183;Saudi Arabia;66;65;66;66;1533122;Stade Kokoto (Generic Africa 2);112096;2;3.0;;9100000.0;28.64;26.37;224394;226877;234930;226877;226877;224394.0;226877.0;226877.0;Balanced;61;51;;;;;;Long ball;Direct passing;61;3;3;3;;;;;;;;
113029;/team/113029/cesar-vallejo/240002;24;2;22.09.2023;César Vallejo;2020;Primera Division;1;59;Peru;66;68;66;67;107528;Euro Arena;111014;3;5.0;;18000000.0;31.55;26.87;161635;222065;222065;222065;222065;221569.0;222065.0;222065.0;Balanced;51;51;;;;;;Fast build up;Forward runs;51;3;3;3;;;;;;;;
113060;/team/113060/al-okhdood/240002;24;2;22.09.2023;Al Okhdood;350;Pro League;1;183;Saudi Arabia;66;72;66;65;37709925;Stade Kokoto (Generic Africa 2);113217;1;1.0;;6500000.0;28.91;26.29;275557;242999;242999;242999;242999;223231.0;242999.0;242999.0;Balanced;51;51;;;;;;Long ball;Direct passing;51;3;3;3;;;;;;;;
113356;/team/113356/amorebieta/240002;24;2;22.09.2023;Amorebieta;54;La Liga 2;2;45;Spain;66;65;66;67;188253;Town Park;467;1;1.0;;2500000.0;27.0;25.38;262491;240529;240529;240529;240529;242333.0;240529.0;240529.0;Balanced;51;37;;;;;;Long ball;Direct passing;51;3;3;3;;;;;;;;
113378;/team/113378/sepsi/240002;24;2;22.09.2023;Sepsi;330;Liga 1;1;39;Romania;66;65;66;65;25567014;Stadion Neder;110750;3;7.0;;5800000.0;26.64;26.69;236963;220521;220521;220521;220521;240999.0;208739.0;251842.0;Balanced;51;51;;;;;;Balanced;Balanced;51;4;3;3;;;;;;;;
115716;/team/115716/u-craiova-1948/240002;24;2;22.09.2023;U Craiova 1948;330;Liga 1;1;39;Romania;66;65;66;65;37659678;Sanderson Park (FIFA 13 NEW generic);308;2;6.0;;3500000.0;26.73;24.85;225376;262443;225376;262443;262443;236633.0;228715.0;228715.0;Balanced;51;51;;;;;;Balanced;Balanced;61;6;3;3;;;;;;;;
33;/team/33/1860-munchen/240002;24;2;22.09.2023;1860 München;2076;3. Liga;3;21;Germany;65;66;65;64;458706;Town Park;111239;1;8.0;;5600000.0;25.64;24.21;238779;240027;240027;240027;240027;240027.0;240027.0;240027.0;Balanced;51;51;;;;;;Balanced;Balanced;51;4;3;3;;;;;;;;
159;/team/159/dsc-arminia-bielefeld/240002;24;2;22.09.2023;DSC Arminia Bielefeld;2076;3. Liga;3;21;Germany;65;66;65;63;39433;SchücoArena;10030;1;10.0;;16000000.0;25.55;22.88;192663;259453;235288;259453;239703;192663.0;259453.0;234901.0;Pressure on heavy touch;41;61;;;;;;Fast build up;Forward runs;41;5;3;3;;;;;;;;
272;/team/272/ob/240002;24;2;22.09.2023;OB;1;Superliga;1;13;Denmark;65;65;66;65;465296;Court Lane;271;1;5.0;;8900000.0;25.09;23.64;184040;201304;201304;201304;201304;201304.0;201304.0;201304.0;Balanced;71;51;;;;;;Fast build up;Forward runs;71;3;3;3;;;;;;;;
299;/team/299/lillestrom/240002;24;2;22.09.2023;Lillestr?m;41;Eliteserien;1;36;Norway;65;63;67;65;149978;Crown Lane;920;2;6.0;;11500000.0;26.0;23.88;197954;197954;197954;197954;197954;197954.0;246389.0;246389.0;Balanced;61;51;;;;;;Balanced;Balanced;61;4;3;3;;;;;;;;
322;/team/322/grasshopper/240002;24;2;22.09.2023;Grasshopper;189;Super League;1;47;Switzerland;65;64;65;65;3960;Euro Arena;894;4;8.0;;21000000.0;24.0;23.46;199282;258758;258758;258758;258758;240544.0;240544.0;240544.0;Balanced;71;51;;;;;;Fast build up;Forward runs;61;3;3;3;;;;;;;;
420;/team/420/gornik-zabrze/240002;24;2;22.09.2023;Górnik Zabrze;66;Ekstraklasa;1;37;Poland;65;63;65;65;586852;Waldstadion (Fussballstadion);1871;2;6.0;;5900000.0;27.91;25.35;150516;150516;150516;150516;150516;150516.0;276877.0;276877.0;Balanced;51;51;;;;;;Fast build up;Forward runs;61;4;3;3;;;;;;;;
503;/team/503/dynamo-dresden/240002;24;2;22.09.2023;Dynamo Dresden;2076;3. Liga;3;21;Germany;65;65;66;64;344426;Stadion Neder;506;1;9.0;;10300000.0;24.36;23.82;216377;234385;234385;234385;234385;216377.0;252320.0;257007.0;Balanced;61;41;;;;;;Long ball;Direct passing;71;5;3;3;;;;;;;;
680;/team/680/sint-truiden/240002;24;2;22.09.2023;Sint-Truiden;4;Jupiler Pro League;1;7;Belgium;65;64;65;66;460467;Forest Park Stadium (Square Ground);673;3;5.0;;40000000.0;23.55;23.87;210361;239028;266681;239028;239028;243445.0;255446.0;255446.0;Balanced;41;41;;;;;;Fast build up;Forward runs;51;4;3;3;;;;;;;;
702;/team/702/norrkoping/240002;24;2;22.09.2023;Norrköping;56;Allsvenskan;1;46;Sweden;65;64;65;63;37296110;Molton Road (Sheldon Stadium);320;1;8.0;;14700000.0;25.09;24.48;202905;211177;239170;211177;239170;202905.0;263761.0;263761.0;Press after possession loss;51;71;;;;;;Slow build up;Possession;61;5;3;3;;;;;;;;
708;/team/708/hammarby/240002;24;2;22.09.2023;Hammarby;56;Allsvenskan;1;46;Sweden;65;64;63;65;18932187;Sanderson Park (FIFA 13 NEW generic);710;1;8.0;;27900000.0;23.45;23.82;197240;197240;197240;197240;197240;197240.0;197240.0;197240.0;Pressure on heavy touch;61;51;;;;;;Slow build up;Possession;61;4;3;3;;;;;;;;
781;/team/781/austria-lustenau/240002;24;2;22.09.2023;Austria Lustenau;80;Bundesliga;1;4;Austria;65;66;64;63;1547985;Stadion 23. Maj;15009;1;2.0;;7800000.0;25.0;23.46;199770;266162;266162;266162;266162;267630.0;266162.0;266162.0;Balanced;51;41;;;;;;Fast build up;Forward runs;51;3;3;3;;;;;;;;
919;/team/919/brann/240002;24;2;22.09.2023;Brann;41;Eliteserien;1;36;Norway;65;65;64;65;152235;Molton Road (Sheldon Stadium);920;1;5.0;;9600000.0;26.18;25.04;221552;209264;209264;209264;209264;221552.0;209264.0;209264.0;Balanced;51;41;;;;;;Balanced;Balanced;61;3;3;3;;;;;;;;
1704;/team/1704/yverdon-sport/240002;24;2;22.09.2023;Yverdon Sport;189;Super League;1;47;Switzerland;65;63;65;64;458689;Town Park;1862;1;3.0;;6000000.0;26.45;25.11;244442;244442;189120;276871;244442;252386.0;189120.0;189120.0;Balanced;61;51;;;;;;Balanced;Balanced;61;4;3;3;;;;;;;;
1787;/team/1787/austria-klagenfurt/240002;24;2;22.09.2023;Austria Klagenfurt;80;Bundesliga;1;4;Austria;65;64;65;67;463195;Waldstadion (Fussballstadion);111822;2;2.0;;10800000.0;27.55;24.58;229507;242271;202518;242271;242271;242271.0;202518.0;202518.0;Balanced;51;41;;;;;;Balanced;Balanced;61;4;3;3;;;;;;;;
1790;/team/1790/portsmouth/240002;24;2;22.09.2023;Portsmouth;60;League One;3;14;England;65;70;64;66;3428;Fratton Park;17;1;9.0;;4500000.0;26.55;24.15;196916;196916;196916;196916;196916;221692.0;196916.0;240865.0;Pressure on heavy touch;51;61;;;;;;Balanced;Balanced;61;4;3;3;;;;;;;;
1846;/team/1846/lecco/240002;24;2;22.09.2023;Lecco;32;Serie B;2;27;Italy;65;65;66;65;14011820;Euro Arena;1745;1;1.0;;6100000.0;28.82;25.97;276802;235215;235215;235215;235215;192587.0;235215.0;235215.0;Balanced;41;51;;;;;;Balanced;Balanced;51;3;3;3;;;;;;;;
1917;/team/1917/wigan-athletic/240002;24;2;22.09.2023;Wigan Athletic;60;League One;3;14;England;65;67;63;64;1334;Ivy Lane;4;1;7.0;;9800000.0;24.0;23.73;240673;235347;247731;240673;235347;204217.0;247731.0;235347.0;Balanced;61;41;;;;;;Long ball;Direct passing;61;5;3;3;;;;;;;;
1933;/team/1933/wycombe-wanderers/240002;24;2;22.09.2023;Wycombe Wanderers;60;League One;3;14;England;65;64;65;64;7464;Court Lane;1935;1;7.0;;5500000.0;26.0;25.85;205015;239119;239119;239119;239119;179746.0;203138.0;239119.0;Press after possession loss;61;51;;;;;;Balanced;Balanced;71;5;3;3;;;;;;;;
1938;/team/1938/peterborough-united/240002;24;2;22.09.2023;Peterborough United;60;League One;3;14;England;65;71;65;65;455607;Court Lane;1944;1;8.0;;6800000.0;22.55;21.72;236784;200779;240605;200779;200779;200779.0;240605.0;240605.0;Balanced;61;61;;;;;;Balanced;Balanced;61;6;3;3;;;;;;;;
1947;/team/1947/wrexham/240002;24;2;22.09.2023;Wrexham;61;League Two;4;50;Wales;65;59;63;65;6983785;Crown Lane;127;1;10.0;;2500000.0;28.82;27.18;184843;210108;210108;210108;210108;219550.0;202698.0;202698.0;Balanced;51;61;;;;;;Slow build up;Possession;71;6;3;3;;;;;;;;
1951;/team/1951/oxford-united/240002;24;2;22.09.2023;Oxford United;60;League One;3;14;England;65;65;65;65;25187743;Court Lane;1934;1;7.0;;5300000.0;24.91;24.14;235263;220940;220940;220940;220940;220940.0;220940.0;220940.0;Pressure on heavy touch;61;61;;;;;;Slow build up;Possession;71;5;3;3;;;;;;;;
2017;/team/2017/hartberg/240002;24;2;22.09.2023;Hartberg;80;Bundesliga;1;4;Austria;65;64;65;64;1552672;Euro Park;209;1;2.0;;8400000.0;23.91;23.93;244435;203615;203615;203615;203615;263464.0;232843.0;263464.0;Pressure on heavy touch;51;41;;;;;;Long ball;Direct passing;51;3;3;3;;;;;;;;
15001;/team/15001/lyngby/240002;24;2;22.09.2023;Lyngby;1;Superliga;1;13;Denmark;65;63;66;64;37524040;Euro Park;1788;1;2.0;;3600000.0;25.27;24.71;198534;245270;245270;245270;245270;234489.0;245270.0;245270.0;Press after possession loss;51;61;;;;;;Fast build up;Forward runs;61;3;3;3;;;;;;;;
15040;/team/15040/wsg-tirol/240002;24;2;22.09.2023;WSG Tirol;80;Bundesliga;1;4;Austria;65;63;66;64;452862;_Longville Stadium;15009;1;1.0;;10400000.0;23.91;23.46;231840;263318;263318;266459;263318;271005.0;263318.0;263318.0;Balanced;51;41;;;;;;Long ball;Direct passing;61;3;3;3;;;;;;;;
100325;/team/100325/hjk/240002;24;2;22.09.2023;HJK;322;Veikkausliiga;1;17;Finland;65;63;65;64;459829;Court Lane;320;1;10.0;;6100000.0;27.45;27.25;254994;194163;194163;234293;194163;194163.0;194163.0;194163.0;Press after possession loss;61;51;;;;;;Slow build up;Possession;51;3;3;3;;;;;;;;
101097;/team/101097/audax-italiano/240002;24;2;22.09.2023;Audax Italiano;335;Primera Division;1;55;Chile;65;70;65;64;232735;Stadion Neder;110980;2;5.0;;12600000.0;26.27;26.18;213602;176930;176930;176930;176930;265641.0;176930.0;176930.0;Balanced;61;51;;;;;;Fast build up;Forward runs;81;3;3;3;;;;;;;;
110178;/team/110178/sandhausen/240002;24;2;22.09.2023;Sandhausen;2076;3. Liga;3;21;Germany;65;68;64;65;24073443;Court Lane;1832;1;9.0;;10200000.0;26.09;23.96;189388;179516;209485;209485;179516;179516.0;209485.0;209485.0;Balanced;51;41;;;;;;Long ball;Direct passing;51;3;3;3;;;;;;;;
110645;/team/110645/viktoria-koln/240002;24;2;22.09.2023;Viktoria Köln;2076;3. Liga;3;21;Germany;65;63;65;65;896532;Town Park;31;1;7.0;;4400000.0;25.55;24.54;239182;240156;240156;240156;240156;239182.0;259272.0;251500.0;Balanced;51;51;;;;;;Fast build up;Forward runs;61;4;3;3;;;;;;;;
110745;/team/110745/jagiellonia-bialystok/240002;24;2;22.09.2023;Jagiellonia Bia³ystok;66;Ekstraklasa;1;37;Poland;65;70;64;64;37691812;Waldstadion (Fussballstadion);1871;3;8.0;;6200000.0;25.82;24.67;224336;255760;255760;224146;255760;224146.0;223307.0;255760.0;Balanced;51;51;;;;;;Balanced;Balanced;71;5;3;3;;;;;;;;
110747;/team/110747/cracovia-krakow/240002;24;2;22.09.2023;Cracovia Kraków;66;Ekstraklasa;1;37;Poland;65;65;66;65;456647;Stade Municipal;110746;3;7.0;;6400000.0;26.09;25.39;248105;248568;245429;245429;248568;248568.0;270638.0;270638.0;Balanced;61;41;;;;;;Long ball;Direct passing;71;4;3;3;;;;;;;;
110751;/team/110751/universitatea-cluj/240002;24;2;22.09.2023;Universitatea Cluj;330;Liga 1;1;39;Romania;65;66;65;65;37468473;Stadion Hanguk;110816;1;4.0;;2400000.0;29.82;26.25;212048;212048;212048;247955;212048;212048.0;212048.0;212048.0;Balanced;51;51;;;;;;Long ball;Direct passing;51;3;3;3;;;;;;;;
110902;/team/110902/villarreal-ii/240002;24;2;22.09.2023;Villarreal II;54;La Liga 2;2;45;Spain;65;65;66;65;5967966;Estadio de la Cerámica;1853;1;1.0;;2500000.0;21.55;20.8;269638;231640;231640;231640;231640;231640.0;231640.0;231640.0;Balanced;51;51;;;;;;Balanced;Balanced;61;5;3;3;;;;;;;;
110967;/team/110967/blooming/240002;24;2;22.09.2023;Blooming;2017;Liga De Futbol Prof;1;53;Bolivia;65;67;65;62;10302689;Arena d'Oro;110970;2;3.0;;10400000.0;28.73;27.48;226148;175393;175393;175393;175393;253274.0;175393.0;175393.0;Balanced;51;51;;;;;;Balanced;Balanced;61;3;3;3;;;;;;;;
110993;/team/110993/monagas/240002;24;2;22.09.2023;Monagas;2019;Primera Division;1;61;Venezuela;65;65;65;66;468239;Stadion Neder;112914;1;6.0;;11200000.0;23.45;23.3;264769;253905;253905;253905;253905;253905.0;253905.0;253905.0;Balanced;51;51;;;;;;Balanced;Balanced;51;3;3;3;;;;;;;;
111239;/team/111239/ingolstadt/240002;24;2;22.09.2023;Ingolstadt;2076;3. Liga;3;21;Germany;65;64;64;66;456450;Stadion Neder;33;1;9.0;;12500000.0;25.64;23.64;227932;241967;241967;241967;241967;198019.0;241967.0;241967.0;Balanced;51;51;;;;;;Long ball;Direct passing;51;5;3;3;;;;;;;;
111332;/team/111332/estudiantes-merida/240002;24;2;22.09.2023;Estudiantes Mérida;2019;Primera Division;1;61;Venezuela;65;65;65;65;4192460;Estadio de las Artes (Generic Stadium NG);110990;1;5.0;;9100000.0;27.73;25.12;205205;205205;205205;205205;205205;205205.0;205205.0;205205.0;Balanced;71;51;;;;;;Long ball;Direct passing;71;4;3;3;;;;;;;;
111380;/team/111380/almere-city/240002;24;2;22.09.2023;Almere City;10;Eredivisie;1;34;Netherlands;65;65;65;65;456391;Court Lane;645;1;1.0;;15200000.0;25.18;24.07;223813;260076;216836;260076;188540;275858.0;188540.0;188540.0;Balanced;61;41;;;;;;Balanced;Balanced;51;4;3;3;;;;;;;;
111397;/team/111397/melbourne-victory/240002;24;2;22.09.2023;Melbourne Victory;351;A-League;1;195;Australia;65;67;65;64;896782;Stade Municipal;111400;4;6.0;;11500000.0;27.91;25.73;193143;228171;228171;228171;228171;189225.0;228171.0;228171.0;Balanced;41;41;;;;;;Balanced;Balanced;61;3;3;3;;;;;;;;
111659;/team/111659/rodez/240002;24;2;22.09.2023;Rodez;17;Ligue 2;2;18;France;65;65;64;65;456991;Molton Road (Sheldon Stadium);1809;1;2.0;;16000000.0;24.27;23.56;243412;240729;240729;240729;240729;243412.0;240729.0;240729.0;Balanced;41;51;;;;;;Long ball;Direct passing;71;3;3;3;;;;;;;;
111993;/team/111993/cittadella/240002;24;2;22.09.2023;Cittadella;32;Serie B;2;27;Italy;65;64;65;64;131125;Aloha Park (Generic Oceania 2);205;1;3.0;;14500000.0;27.0;25.27;244229;227223;227223;227223;227223;275912.0;227223.0;227223.0;Balanced;61;51;;;;;;Long ball;Direct passing;61;4;3;3;;;;;;;;
112199;/team/112199/sarpsborg-08/240002;24;2;22.09.2023;Sarpsborg 08;41;Eliteserien;1;36;Norway;65;60;66;62;10626699;Court Lane;920;1;5.0;;8100000.0;26.18;25.46;213864;222216;235670;235670;222216;222081.0;235670.0;235670.0;Balanced;41;61;;;;;;Slow build up;Possession;51;4;3;3;;;;;;;;
112258;/team/112258/gwangju/240002;24;2;22.09.2023;Gwangju;83;K League 1;1;167;Korea Republic;65;64;67;66;37620993;Town Park;1477;1;3.0;;10800000.0;27.36;26.61;208073;260492;260492;260492;260492;254886.0;260492.0;260492.0;Balanced;51;51;;;;;;Fast build up;Forward runs;61;5;3;3;;;;;;;;
112511;/team/112511/warta-poznan/240002;24;2;22.09.2023;Warta Poznañ;66;Ekstraklasa;1;37;Poland;65;66;64;65;37529254;_Oktigann Park;873;1;1.0;;2500000.0;26.45;23.92;219275;246309;256578;246309;257646;256578.0;256578.0;246309.0;Press after possession loss;51;51;;;;;;Fast build up;Forward runs;61;4;3;3;;;;;;;;
112572;/team/112572/al-tai/240002;24;2;22.09.2023;Al Tai;350;Pro League;1;183;Saudi Arabia;65;65;67;64;163743;Stade Kokoto (Generic Africa 2);112392;1;2.0;;7400000.0;27.91;26.38;239641;222457;222457;222457;222457;222457.0;222457.0;222457.0;Balanced;51;41;;;;;;Long ball;Direct passing;51;3;3;3;;;;;;;;
112914;/team/112914/metropolitanos/240002;24;2;22.09.2023;Metropolitanos;2019;Primera Division;1;61;Venezuela;65;65;66;64;282308;Aloha Park (Generic Oceania 2);110989;1;6.0;;12500000.0;27.09;26.44;245740;231597;253816;231597;231597;245740.0;231597.0;231597.0;Balanced;51;51;;;;;;Fast build up;Forward runs;51;4;3;3;;;;;;;;
113037;/team/113037/al-riyadh/240002;24;2;22.09.2023;Al Riyadh;350;Pro League;1;183;Saudi Arabia;65;70;69;62;37571970;Stade Kokoto (Generic Africa 2);605;1;4.0;;10500000.0;30.64;27.47;194171;194171;194171;194171;194171;194171.0;194171.0;194171.0;Balanced;51;51;;;;;;Long ball;Direct passing;51;3;3;3;;;;;;;;
113182;/team/113182/voluntari/240002;24;2;22.09.2023;Voluntari;330;Liga 1;1;39;Romania;65;64;64;65;16112171;_Longville Stadium;310;1;6.0;;3300000.0;29.18;26.68;190637;213106;213106;213106;251045;184433.0;251045.0;251045.0;Balanced;61;41;;;;;;Long ball;Direct passing;51;4;3;3;;;;;;;;
113222;/team/113222/al-hazem/240002;24;2;22.09.2023;Al Hazem;350;Pro League;1;183;Saudi Arabia;65;71;63;63;37621959;Stade Kokoto (Generic Africa 2);112392;1;1.0;;6700000.0;26.82;26.0;245574;212729;212729;212729;212729;212729.0;212729.0;212729.0;Balanced;51;51;;;;;;Fast build up;Forward runs;51;3;3;3;;;;;;;;
114147;/team/114147/hermannstadt/240002;24;2;22.09.2023;Hermannstadt;330;Liga 1;1;39;Romania;65;63;65;64;163560;Stadion 23. Maj;113378;2;4.0;;2700000.0;27.0;25.81;247978;235345;235318;235318;235345;262728.0;235345.0;235345.0;Balanced;61;51;;;;;;Fast build up;Forward runs;61;5;3;3;;;;;;;;
114580;/team/114580/delfin/240002;24;2;22.09.2023;Delfin;2018;Liga Pro;1;57;Ecuador;65;67;66;63;531536;Stadion Neder;110986;2;5.0;;13000000.0;25.36;25.67;268070;272990;265665;272990;272990;272990.0;272990.0;272990.0;Balanced;61;51;;;;;;Long ball;Direct passing;51;4;3;3;;;;;;;;
114582;/team/114582/deportivo-binacional/240002;24;2;22.09.2023;Deportivo Binacional;2020;Primera Division;1;59;Peru;65;64;67;64;459399;Stadio Classico;111010;1;1.0;;13000000.0;26.82;26.63;253603;253542;253542;253542;253542;242398.0;253542.0;253542.0;Balanced;51;41;;;;;;Fast build up;Forward runs;61;3;3;3;;;;;;;;
115494;/team/115494/annecy/240002;24;2;22.09.2023;Annecy;17;Ligue 2;2;18;France;65;66;65;63;1552334;Euro Arena;1805;1;1.0;;14000000.0;28.0;25.54;188825;188825;188825;188825;188825;207994.0;207994.0;207994.0;Balanced;51;51;;;;;;Balanced;Balanced;51;4;3;3;;;;;;;;
116360;/team/116360/chengdu-rongcheng/240002;24;2;22.09.2023;Chengdu Rongcheng;2012;Super League;1;155;China PR;65;70;63;66;896791;Crown Lane;116361;2;6.0;;9600000.0;30.45;29.14;218471;192598;192598;192598;192598;192598.0;232710.0;232710.0;Balanced;51;51;;;;;;Balanced;Balanced;51;3;3;3;;;;;;;;
127;/team/127/shrewsbury-town/240002;24;2;22.09.2023;Shrewsbury Town;60;League One;3;14;England;64;64;63;63;277;Court Lane;1803;1;4.0;;3000000.0;26.09;24.15;226102;244715;244715;244715;208812;233572.0;239553.0;208812.0;Balanced;61;41;;;;;;Balanced;Balanced;71;3;3;3;;;;;;;;
149;/team/149/lincoln-city/240002;24;2;22.09.2023;Lincoln City;60;League One;3;14;England;64;65;64;64;2198;Crown Lane;92;1;6.0;;3900000.0;23.73;23.08;228106;240978;240513;240978;237204;239799.0;240978.0;237204.0;Balanced;51;41;;;;;;Balanced;Balanced;51;4;3;3;;;;;;;;
301;/team/301/widzew-lodz/240002;24;2;22.09.2023;Widzew Lodz;66;Ekstraklasa;1;37;Poland;64;65;65;63;37556790;Stadion Neder;1871;2;3.0;;3500000.0;26.91;25.24;211667;201114;204111;201114;201114;243972.0;201114.0;201114.0;Balanced;71;51;;;;;;Balanced;Balanced;71;3;3;3;;;;;;;;
506;/team/506/erzgebirge-aue/240002;24;2;22.09.2023;Erzgebirge Aue;2076;3. Liga;3;21;Germany;64;66;64;63;120141;Stadion Neder;503;1;8.0;;9300000.0;27.0;24.44;182520;216255;216255;216255;216255;216255.0;216255.0;216255.0;Pressure on heavy touch;51;61;;;;;;Fast build up;Forward runs;71;6;3;3;;;;;;;;
526;/team/526/rot-weiss-essen/240002;24;2;22.09.2023;Rot-Weiss Essen;2076;3. Liga;3;21;Germany;64;64;64;64;29839;Stadion Neder;1825;1;4.0;;4100000.0;26.09;24.5;170159;208096;170159;208096;208096;170159.0;208096.0;208096.0;Pressure on heavy touch;51;51;;;;;;Long ball;Direct passing;61;6;3;3;;;;;;;;
543;/team/543/jahn-regensburg/240002;24;2;22.09.2023;Jahn Regensburg;2076;3. Liga;3;21;Germany;64;63;64;63;459010;Molton Road (Sheldon Stadium);111239;1;8.0;;7900000.0;24.73;23.42;213644;256634;256634;256634;256634;236553.0;213644.0;213644.0;Press after possession loss;61;61;;;;;;Fast build up;Forward runs;51;5;3;3;;;;;;;;
621;/team/621/livingston/240002;24;2;22.09.2023;Livingston;50;Premiership;1;42;Scotland;64;64;64;63;19256146;Molton Road (Sheldon Stadium);81;1;3.0;;2800000.0;28.18;27.42;223265;189186;189186;189186;189186;222932.0;189186.0;189186.0;Balanced;51;41;;;;;;Long ball;Direct passing;61;3;3;3;;;;;;;;
645;/team/645/fc-volendam/240002;24;2;22.09.2023;FC Volendam;10;Eredivisie;1;34;Netherlands;64;64;63;64;33203634;Court Lane;111380;1;1.0;;13800000.0;22.73;21.3;223814;225152;269258;225152;225152;225152.0;221907.0;269258.0;Balanced;51;51;;;;;;Balanced;Balanced;51;3;3;3;;;;;;;;
822;/team/822/vejle/240002;24;2;22.09.2023;Vejle;1;Superliga;1;13;Denmark;64;63;64;64;13980935;Molton Road (Sheldon Stadium);271;1;1.0;;3300000.0;26.73;24.65;207997;256716;192128;256716;256716;260896.0;256716.0;256716.0;Balanced;61;41;;;;;;Long ball;Direct passing;51;3;3;3;;;;;;;;
917;/team/917/stabaek/240002;24;2;22.09.2023;Stab?k;41;Eliteserien;1;36;Norway;64;66;64;64;896475;Euro Park;920;1;3.0;;4500000.0;27.36;23.89;189544;202322;202322;202322;202322;190981.0;202322.0;202322.0;Balanced;61;41;;;;;;Long ball;Direct passing;51;4;3;3;;;;;;;;
922;/team/922/stromsgodset/240002;24;2;22.09.2023;Str?msgodset;41;Eliteserien;1;36;Norway;64;62;64;65;368745;Court Lane;920;1;5.0;;6600000.0;25.91;23.76;203363;205291;205291;205291;205291;205291.0;205291.0;204626.0;Pressure on heavy touch;71;61;;;;;;Fast build up;Forward runs;61;4;3;3;;;;;;;;
1439;/team/1439/kalmar/240002;24;2;22.09.2023;Kalmar;56;Allsvenskan;1;46;Sweden;64;64;65;65;17177187;Molton Road (Sheldon Stadium);112072;1;3.0;;5000000.0;28.82;25.17;196972;193358;193358;193358;193358;193358.0;193358.0;254537.0;Pressure on heavy touch;51;61;;;;;;Slow build up;Possession;61;4;3;3;;;;;;;;
1713;/team/1713/winterthur/240002;24;2;22.09.2023;Winterthur;189;Super League;1;47;Switzerland;64;65;64;63;19616058;Town Park;894;1;3.0;;11400000.0;25.55;25.61;210538;256980;256980;256980;256980;230687.0;210538.0;210538.0;Balanced;61;37;;;;;;Fast build up;Forward runs;61;3;3;3;;;;;;;;
1756;/team/1756/hamkam/240002;24;2;22.09.2023;HamKam;41;Eliteserien;1;36;Norway;64;64;63;64;458446;Stadion Neder;920;1;2.0;;3200000.0;27.91;25.11;236937;236937;236937;236937;236937;227866.0;236937.0;236937.0;Balanced;51;41;;;;;;Fast build up;Forward runs;61;4;3;3;;;;;;;;
1798;/team/1798/milton-keynes-dons/240002;24;2;22.09.2023;Milton Keynes Dons;61;League Two;4;14;England;64;65;63;63;523983;Molton Road (Sheldon Stadium);1938;1;9.0;;2900000.0;26.18;24.79;208302;239611;230697;239611;239611;239611.0;230697.0;226514.0;Balanced;51;61;;;;;;Slow build up;Possession;71;4;3;3;;;;;;;;
1825;/team/1825/msv-duisburg/240002;24;2;22.09.2023;MSV Duisburg;2076;3. Liga;3;21;Germany;64;65;64;64;460646;Waldstadion (Fussballstadion);526;1;6.0;;10100000.0;25.91;24.64;238559;210237;203979;208589;210237;208589.0;210237.0;208589.0;Balanced;51;51;;;;;;Long ball;Direct passing;61;4;3;3;;;;;;;;
1829;/team/1829/vfb-lubeck/240002;24;2;22.09.2023;VfB Lübeck;2076;3. Liga;3;21;Germany;64;63;64;62;37581419;Town Park;576;1;1.0;;3200000.0;28.45;27.3;211875;189490;189490;189490;189490;189490.0;189490.0;189490.0;Balanced;41;41;;;;;;Fast build up;Forward runs;61;3;3;3;;;;;;;;
1931;/team/1931/stockport-county/240002;24;2;22.09.2023;Stockport County;61;League Two;4;14;England;64;63;65;63;1467959;Town Park;121;1;10.0;;2800000.0;26.73;24.96;189808;204979;246249;189808;204979;189808.0;228781.0;246249.0;Press after possession loss;51;81;;;;;;Slow build up;Possession;61;6;3;3;;;;;;;;
1958;/team/1958/leyton-orient/240002;24;2;22.09.2023;Leyton Orient;60;League One;3;14;England;64;64;64;63;2103;Court Lane;19;1;3.0;;3000000.0;25.45;24.11;194759;201446;201446;201446;201446;201446.0;201446.0;201446.0;Balanced;51;51;;;;;;Slow build up;Possession;51;3;3;3;;;;;;;;
1962;/team/1962/bristol-rovers/240002;24;2;22.09.2023;Bristol Rovers;60;League One;3;14;England;64;65;65;63;658;Court Lane;1919;1;5.0;;3200000.0;24.36;25.41;225509;231580;235059;225509;231580;195126.0;244054.0;231580.0;Pressure on heavy touch;51;71;;;;;;Balanced;Balanced;51;3;3;3;;;;;;;;
15009;/team/15009/rheindorf-altach/240002;24;2;22.09.2023;Rheindorf Altach;80;Bundesliga;1;4;Austria;64;64;64;64;51400;Molton Road (Sheldon Stadium);781;2;4.0;;9700000.0;26.73;24.33;223427;228058;228058;228058;228058;229477.0;243618.0;252254.0;Balanced;51;51;;;;;;Balanced;Balanced;61;3;3;3;;;;;;;;
15015;/team/15015/burton-albion/240002;24;2;22.09.2023;Burton Albion;60;League One;3;14;England;64;64;64;64;11018;Town Park;91;1;4.0;;5800000.0;27.64;25.54;190247;228153;228153;228153;228153;228153.0;228153.0;228153.0;Balanced;41;51;;;;;;Long ball;Direct passing;61;4;3;3;;;;;;;;
100757;/team/100757/dinamo-bucuresti/240002;24;2;22.09.2023;Dinamo Bucureºti;330;Liga 1;1;39;Romania;64;65;65;63;31312;Euro Park;100761;2;4.0;;2200000.0;27.73;25.22;251065;248099;262495;248834;248099;248834.0;247674.0;248099.0;Balanced;61;51;;;;;;Balanced;Balanced;61;4;3;3;;;;;;;;
100804;/team/100804/st-johnstone/240002;24;2;22.09.2023;St. Johnstone;50;Premiership;1;42;Scotland;64;63;63;62;4724;Court Lane;180;1;4.0;;4000000.0;26.18;25.93;232668;192451;192451;192451;192451;202526.0;192451.0;192451.0;Pressure on heavy touch;51;51;;;;;;Balanced;Balanced;61;3;3;3;;;;;;;;
100805;/team/100805/st-mirren/240002;24;2;22.09.2023;St. Mirren;50;Premiership;1;42;Scotland;64;62;68;64;524215;Town Park;80;1;3.0;;3200000.0;26.09;25.95;211536;241244;241244;241244;241244;211536.0;241244.0;241244.0;Balanced;51;51;;;;;;Long ball;Direct passing;61;4;3;3;;;;;;;;
110078;/team/110078/petrolul-52/240002;24;2;22.09.2023;Petrolul 52;330;Liga 1;1;39;Romania;64;63;65;64;37682967;Molton Road (Sheldon Stadium);310;2;5.0;;3200000.0;27.64;25.59;269412;260183;260183;260183;260183;273527.0;;;Balanced;51;41;;;;;;Balanced;Balanced;51;3;3;3;;;;;;;;
110482;/team/110482/hallescher-fc/240002;24;2;22.09.2023;Hallescher FC;2076;3. Liga;3;21;Germany;64;64;63;64;35513;Stadion Neder;110588;1;5.0;;4900000.0;25.82;24.5;238642;270014;270014;270014;270014;270014.0;270014.0;270014.0;Press after possession loss;51;71;;;;;;Slow build up;Possession;61;5;3;3;;;;;;;;
110501;/team/110501/verl/240002;24;2;22.09.2023;Verl;2076;3. Liga;3;21;Germany;64;64;64;64;417286;Town Park;487;1;2.0;;2300000.0;25.27;23.81;231897;238953;244091;244091;238953;258547.0;231897.0;231897.0;Press after possession loss;61;61;;;;;;Slow build up;Possession;51;3;3;3;;;;;;;;
110532;/team/110532/waldhof-mannheim/240002;24;2;22.09.2023;Waldhof Mannheim;2076;3. Liga;3;21;Germany;64;64;64;65;460156;Stadion Neder;29;1;8.0;;3800000.0;26.18;24.28;224395;224395;276606;224395;224395;224395.0;224395.0;276606.0;Balanced;51;51;;;;;;Fast build up;Forward runs;51;4;3;3;;;;;;;;
110750;/team/110750/uta-arad/240002;24;2;22.09.2023;UTA Arad;330;Liga 1;1;39;Romania;64;64;64;64;1030209;Stadion Neder;113378;1;5.0;;3600000.0;26.0;24.77;257794;276259;276699;276259;276259;276259.0;276259.0;276259.0;Balanced;51;51;;;;;;Balanced;Balanced;51;6;3;3;;;;;;;;
110970;/team/110970/oriente-petrolero/240002;24;2;22.09.2023;Oriente Petrolero;2017;Liga De Futbol Prof;1;53;Bolivia;64;67;64;64;16488543;Arena d'Oro;110967;2;6.0;;11200000.0;28.55;24.88;254375;211273;254375;211273;211273;220128.0;211273.0;211273.0;Balanced;51;51;;;;;;Slow build up;Possession;51;4;3;3;;;;;;;;
111083;/team/111083/korona-kielce/240002;24;2;22.09.2023;Korona Kielce;66;Ekstraklasa;1;37;Poland;64;64;64;63;154708;Stadion Neder;111088;1;2.0;;3400000.0;27.0;25.42;220616;252484;252484;252484;252484;252484.0;252484.0;252484.0;Balanced;51;41;;;;;;Long ball;Direct passing;61;5;3;3;;;;;;;;
111085;/team/111085/lks-lodz/240002;24;2;22.09.2023;£KS £ódŸ;66;Ekstraklasa;1;37;Poland;64;63;64;64;456170;Stadion 23. Maj;1871;1;3.0;;3000000.0;27.55;24.89;219702;251004;224358;251004;224358;251004.0;251004.0;224358.0;Balanced;51;51;;;;;;Balanced;Balanced;61;4;3;3;;;;;;;;
111092;/team/111092/slask-wroclaw/240002;24;2;22.09.2023;Œl¹sk Wroc³aw;66;Ekstraklasa;1;37;Poland;64;67;64;64;524496;Waldstadion (Fussballstadion);110749;3;7.0;;6200000.0;25.36;23.39;237438;237438;251026;251026;237438;237438.0;220479.0;220479.0;Press after possession loss;51;51;;;;;;Balanced;Balanced;61;4;3;3;;;;;;;;
111769;/team/111769/changchun-yatai/240002;24;2;22.09.2023;Changchun Yatai;2012;Super League;1;155;China PR;64;72;64;62;13225192;Euro Arena;112985;2;7.0;;11200000.0;29.64;27.25;202855;225478;225478;221931;225478;202855.0;225478.0;225478.0;Balanced;51;37;;;;;;Long ball;Direct passing;51;3;3;3;;;;;;;;
111779;/team/111779/henan/240002;24;2;22.09.2023;Henan;2012;Super League;1;155;China PR;64;68;65;63;37607674;Stadion Olympik;111768;2;4.0;;5200000.0;30.45;26.93;216736;162280;162280;162280;162280;216736.0;162280.0;162280.0;Balanced;41;41;;;;;;Fast build up;Forward runs;61;3;3;3;;;;;;;;
112163;/team/112163/zhejiang/240002;24;2;22.09.2023;Zhejiang;2012;Super League;1;155;China PR;64;72;64;62;13991808;Stadion Olympik;110955;1;4.0;;8100000.0;29.91;26.79;239148;239148;239148;239148;239148;211292.0;239148.0;239148.0;Balanced;61;41;;;;;;Balanced;Balanced;51;3;3;3;;;;;;;;
112260;/team/112260/fleetwood-town/240002;24;2;22.09.2023;Fleetwood Town;60;League One;3;14;England;64;63;63;65;1600;Town Park;1926;1;5.0;;5500000.0;26.18;23.57;203060;203060;203060;203060;203060;214876.0;203060.0;203060.0;Pressure on heavy touch;61;61;;;;;;Balanced;Balanced;61;3;3;3;;;;;;;;
112427;/team/112427/western-sydney-wanderers/240002;24;2;22.09.2023;Western Sydney Wanderers;351;A-League;1;195;Australia;64;69;63;63;197728;Waldstadion (Fussballstadion);111400;4;7.0;;6300000.0;28.27;24.48;180334;195088;203308;195088;195088;220708.0;195088.0;195088.0;Balanced;41;41;;;;;;Fast build up;Forward runs;61;4;3;3;;;;;;;;
113742;/team/113742/concarneau/240002;24;2;22.09.2023;Concarneau;17;Ligue 2;2;18;France;64;62;62;64;455827;Town Park;378;1;1.0;;9000000.0;25.18;25.96;276015;242116;242116;242116;242116;242116.0;242116.0;242116.0;Balanced;61;51;;;;;;Fast build up;Forward runs;51;4;3;3;;;;;;;;
114004;/team/114004/stal-mielec/240002;24;2;22.09.2023;Stal Mielec;66;Ekstraklasa;1;37;Poland;64;66;65;63;13185391;Euro Park;111083;1;1.0;;3200000.0;26.18;25.58;188062;251089;251089;251089;188062;251089.0;251089.0;251089.0;Balanced;61;41;;;;;;Long ball;Direct passing;71;5;3;3;;;;;;;;
114023;/team/114023/western-united/240002;24;2;22.09.2023;Western United;351;A-League;1;195;Australia;64;64;65;64;896783;Stade Municipal;112224;2;5.0;;6000000.0;26.55;24.95;202678;238360;242154;238360;238360;263844.0;242154.0;242154.0;Balanced;51;51;;;;;;Balanced;Balanced;61;4;3;3;;;;;;;;
114600;/team/114600/guabira/240002;24;2;22.09.2023;Guabirá;2017;Liga De Futbol Prof;1;53;Bolivia;64;61;64;64;785611;Arena del Centenario (Estadio del Pueblo);110970;1;2.0;;7000000.0;26.0;25.63;226447;260966;260966;260966;260966;260273.0;260966.0;260966.0;Balanced;51;51;;;;;;Balanced;Balanced;51;3;3;3;;;;;;;;
115201;/team/115201/stade-lausanne-ouchy/240002;24;2;22.09.2023;Stade Lausanne-Ouchy;189;Super League;1;47;Switzerland;64;65;64;63;198279;Euro Arena;1862;1;2.0;;8000000.0;26.27;24.89;275713;275732;275732;275732;275732;257692.0;275732.0;275732.0;Balanced;61;61;;;;;;Fast build up;Forward runs;61;4;3;3;;;;;;;;
116007;/team/116007/general-caballero-jlm/240002;24;2;22.09.2023;General Caballero JLM;337;Primera División;1;58;Paraguay;64;63;65;64;257375;Aloha Park (Generic Oceania 2);111008;1;2.0;;7500000.0;29.73;26.45;265472;221007;254958;254958;221007;221007.0;254958.0;221007.0;Balanced;51;51;;;;;;Fast build up;Forward runs;51;3;3;3;;;;;;;;
116295;/team/116295/sportivo-ameliano/240002;24;2;22.09.2023;Sportivo Ameliano;337;Primera División;1;58;Paraguay;64;61;65;63;37609245;Aloha Park (Generic Oceania 2);111004;1;2.0;;9500000.0;25.64;25.26;254711;256163;256163;256163;256163;242952.0;256163.0;256163.0;Balanced;41;41;;;;;;Balanced;Balanced;61;3;3;3;;;;;;;;
82;/team/82/kilmarnock/240002;24;2;22.09.2023;Kilmarnock;50;Premiership;1;42;Scotland;63;64;62;64;896462;Ivy Lane;100805;1;3.0;;3800000.0;24.64;24.58;246846;223871;223871;223871;223871;223871.0;223871.0;223871.0;Balanced;41;51;;;;;;Balanced;Balanced;61;4;3;3;;;;;;;;
83;/team/83/motherwell/240002;24;2;22.09.2023;Motherwell;50;Premiership;1;42;Scotland;63;61;63;62;172638;Ivy Lane;86;2;5.0;;4100000.0;26.73;24.85;225203;223663;223663;223663;223663;223663.0;223663.0;223663.0;Balanced;51;41;;;;;;Fast build up;Forward runs;51;3;3;3;;;;;;;;
143;/team/143/exeter-city/240002;24;2;22.09.2023;Exeter City;60;League One;3;14;England;63;63;63;63;10629;Town Park;1929;1;3.0;;3200000.0;24.55;23.07;218576;202491;202491;202491;202491;245553.0;202491.0;202491.0;Pressure on heavy touch;61;61;;;;;;Fast build up;Forward runs;81;3;3;3;;;;;;;;
306;/team/306/shamrock-rovers/240002;24;2;22.09.2023;Shamrock Rovers;65;Premier Division;1;25;Republic of Ireland;63;64;61;63;120775;Town Park;305;2;10.0;;1200000.0;26.64;26.61;202014;218744;218744;218744;218744;218744.0;218744.0;247001.0;Balanced;61;71;;;;;;Slow build up;Possession;71;5;3;3;;;;;;;;
321;/team/321/halmstad/240002;24;2;22.09.2023;Halmstad;56;Allsvenskan;1;46;Sweden;63;62;61;64;452677;Town Park;113743;1;3.0;;3200000.0;27.64;25.16;23823;261298;239278;239278;261298;273591.0;239278.0;259993.0;Balanced;41;41;;;;;;Slow build up;Possession;41;3;3;3;;;;;;;;
361;/team/361/stevenage/240002;24;2;22.09.2023;Stevenage;60;League One;3;14;England;63;62;64;64;524208;Town Park;1923;1;2.0;;3200000.0;26.64;25.07;200731;225310;225310;225310;206558;205255.0;209315.0;206558.0;Pressure on heavy touch;51;61;;;;;;Long ball;Direct passing;61;3;3;3;;;;;;;;
418;/team/418/tromso/240002;24;2;22.09.2023;Troms?;41;Eliteserien;1;36;Norway;63;61;64;62;469995;Town Park;918;1;4.0;;3900000.0;27.09;24.5;177279;245332;245332;245332;245332;245332.0;245332.0;245332.0;Pressure on heavy touch;61;61;;;;;;Slow build up;Possession;61;6;3;3;;;;;;;;
531;/team/531/preussen-munster/240002;24;2;22.09.2023;Preußen Münster;2076;3. Liga;3;21;Germany;63;64;64;61;1552555;Euro Park;159;1;3.0;;4200000.0;28.09;25.64;211742;211742;211742;211742;205433;209961.0;211742.0;211742.0;Pressure on heavy touch;61;61;;;;;;Long ball;Direct passing;61;3;3;3;;;;;;;;
561;/team/561/forest-green-rovers/240002;24;2;22.09.2023;Forest Green Rovers;61;League Two;4;14;England;63;62;61;63;37376822;Town Park;1936;1;5.0;;2800000.0;25.27;24.21;228226;237860;237860;237860;237860;229731.0;227961.0;227961.0;Balanced;51;37;;;;;;Balanced;Balanced;61;3;3;3;;;;;;;;
631;/team/631/ross-county/240002;24;2;22.09.2023;Ross County;50;Premiership;1;42;Scotland;63;63;64;62;6971069;Town Park;77;1;2.0;;3500000.0;26.82;24.93;205393;231863;231863;231863;231863;231863.0;231863.0;252067.0;Balanced;41;37;;;;;;Long ball;Direct passing;51;4;3;3;;;;;;;;
1463;/team/1463/haugesund/240002;24;2;22.09.2023;Haugesund;41;Eliteserien;1;36;Norway;63;63;64;62;6972209;Town Park;300;1;5.0;;3600000.0;24.45;23.22;246954;234365;234365;234365;234365;269414.0;234365.0;234365.0;Balanced;51;51;;;;;;Balanced;Balanced;61;6;3;3;;;;;;;;
1480;/team/1480/carlisle-united/240002;24;2;22.09.2023;Carlisle United;60;League One;3;14;England;63;62;64;63;37354684;Crown Lane;381;1;2.0;;2300000.0;25.64;24.5;170342;269156;269156;269156;227878;212223.0;269156.0;269156.0;Balanced;51;51;;;;;;Long ball;Direct passing;61;5;3;3;;;;;;;;
1755;/team/1755/aalesund/240002;24;2;22.09.2023;Aalesund;41;Eliteserien;1;36;Norway;63;62;62;63;1553165;Court Lane;417;1;2.0;;4000000.0;25.27;24.25;207618;228667;228667;228667;228667;231686.0;234207.0;234207.0;Balanced;71;51;;;;;;Fast build up;Forward runs;51;4;3;3;;;;;;;;
1802;/team/1802/gillingham/240002;24;2;22.09.2023;Gillingham;61;League Two;4;14;England;63;63;64;63;3038;Court Lane;1934;1;8.0;;2300000.0;28.18;25.5;181681;198776;198776;198776;198776;204007.0;198776.0;181681.0;Balanced;41;51;;;;;;Long ball;Direct passing;51;3;3;3;;;;;;;;
1804;/team/1804/bradford-city/240002;24;2;22.09.2023;Bradford City;61;League Two;4;14;England;63;63;63;61;455458;Ivy Lane;8;1;9.0;;2400000.0;25.64;26.36;200806;206565;200806;206565;206565;192450.0;200806.0;200806.0;Balanced;51;61;;;;;;Slow build up;Possession;61;5;3;3;;;;;;;;
1928;/team/1928/port-vale/240002;24;2;22.09.2023;Port Vale;60;League One;3;14;England;63;62;63;64;37533538;Court Lane;1806;1;2.0;;3300000.0;26.27;25.17;222625;258102;258102;258102;216790;213642.0;258102.0;216790.0;Pressure on heavy touch;41;61;;;;;;Long ball;Direct passing;61;4;3;3;;;;;;;;
1930;/team/1930/northampton-town/240002;24;2;22.09.2023;Northampton Town;60;League One;3;14;England;63;65;64;63;37430718;Court Lane;1938;1;2.0;;2400000.0;24.45;24.23;208188;213969;213969;203328;213969;203328.0;203328.0;213969.0;Pressure on heavy touch;41;71;;;;;;Slow build up;Possession;61;3;3;3;;;;;;;;
1936;/team/1936/cheltenham-town/240002;24;2;22.09.2023;Cheltenham Town;60;League One;3;14;England;63;63;62;63;22136573;Court Lane;561;1;2.0;;3700000.0;25.91;23.25;218591;188490;253374;188490;188490;188490.0;188490.0;188490.0;Balanced;61;41;;;;;;Long ball;Direct passing;51;4;3;3;;;;;;;;
1940;/team/1940/mansfield-town/240002;24;2;22.09.2023;Mansfield Town;61;League Two;4;14;England;63;62;63;63;455570;Court Lane;149;1;9.0;;2800000.0;29.09;27.0;202408;173673;173673;173673;173673;236487.0;236487.0;236487.0;Press after possession loss;41;61;;;;;;Slow build up;Possession;51;5;3;3;;;;;;;;
1944;/team/1944/cambridge-united/240002;24;2;22.09.2023;Cambridge United;60;League One;3;14;England;63;63;63;64;27048405;Town Park;1938;1;2.0;;3700000.0;27.64;25.0;206535;190620;220894;220894;190620;248740.0;190620.0;190620.0;Balanced;41;41;;;;;;Long ball;Direct passing;51;4;3;3;;;;;;;;
110581;/team/110581/patronato/240002;24;2;22.09.2023;Patronato;353;Liga Profesional;1;52;Argentina;63;61;65;63;37326181;Arena del Centenario (Estadio del Pueblo);111716;1;1.0;;4800000.0;31.73;27.73;214940;214774;214774;214774;214774;232515.0;214774.0;214774.0;Press after possession loss;51;51;;;;;;Fast build up;Forward runs;61;3;3;3;;;;;;;;
110676;/team/110676/borussia-dortmund-ii/240002;24;2;22.09.2023;Borussia Dortmund II;2076;3. Liga;3;21;Germany;63;63;63;62;39105;Stadion 23. Maj;1825;1;2.0;;5500000.0;22.82;21.19;262635;211825;211825;211825;224597;224597.0;211825.0;211825.0;Press after possession loss;41;71;;;;;;Fast build up;Forward runs;41;4;3;3;;;;;;;;
110752;/team/110752/botosani/240002;24;2;22.09.2023;Botoºani;330;Liga 1;1;39;Romania;63;61;64;64;77126;Stadion 23. Maj;308;2;5.0;;4600000.0;26.27;24.18;251635;251634;251634;251634;251634;251634.0;251634.0;243919.0;Balanced;51;41;;;;;;Fast build up;Forward runs;61;4;3;3;;;;;;;;
110815;/team/110815/csm-politehnica-iasi/240002;24;2;22.09.2023;CSM Politehnica Ia?i;330;Liga 1;1;39;Romania;63;61;63;63;459363;Euro Park;110752;1;2.0;;2100000.0;26.55;26.61;242555;222419;244474;222419;222419;244474.0;251999.0;251999.0;Balanced;61;51;;;;;;Balanced;Balanced;61;4;3;3;;;;;;;;
111004;/team/111004/tacuary/240002;24;2;22.09.2023;Tacuary;337;Primera División;1;58;Paraguay;63;61;64;62;37490282;Aloha Park (Generic Oceania 2);116295;2;1.0;;8000000.0;26.27;25.65;273686;226037;226037;226037;226037;226037.0;226037.0;226037.0;Balanced;41;51;;;;;;Long ball;Direct passing;51;3;3;3;;;;;;;;
111276;/team/111276/dunkerque/240002;24;2;22.09.2023;Dunkerque;17;Ligue 2;2;18;France;63;63;65;63;2510462;Stadion 23. Maj;64;1;1.0;;13000000.0;27.82;24.89;256730;250868;250868;250868;276027;276027.0;250868.0;276027.0;Balanced;41;41;;;;;;Balanced;Balanced;61;3;3;3;;;;;;;;
111393;/team/111393/adelaide-united/240002;24;2;22.09.2023;Adelaide United;351;A-League;1;195;Australia;63;63;62;63;23302395;Arena del Centenario (Estadio del Pueblo);111397;3;6.0;;8000000.0;28.18;23.68;203024;212803;203024;212803;212803;212803.0;212803.0;212803.0;Balanced;61;61;;;;;;Balanced;Balanced;71;3;3;3;;;;;;;;
111399;/team/111399/perth-glory/240002;24;2;22.09.2023;Perth Glory;351;A-League;1;195;Australia;63;66;62;63;32405384;Forest Park Stadium (Square Ground);111766;2;5.0;;8700000.0;29.55;24.78;199002;204701;204701;204701;204701;225998.0;204701.0;204701.0;Balanced;51;41;;;;;;Balanced;Balanced;61;3;3;3;;;;;;;;
111400;/team/111400/sydney/240002;24;2;22.09.2023;Sydney;351;A-League;1;195;Australia;63;65;62;63;17159485;Sanderson Park (FIFA 13 NEW generic);112427;5;9.0;;12500000.0;29.09;24.1;199159;209886;209886;209886;209886;221587.0;209886.0;209886.0;Pressure on heavy touch;51;51;;;;;;Slow build up;Possession;61;4;3;3;;;;;;;;
111705;/team/111705/brommapojkarna/240002;24;2;22.09.2023;Brommapojkarna;56;Allsvenskan;1;46;Sweden;63;61;63;64;469;_Longville Stadium;710;1;1.0;;3200000.0;24.73;24.73;272913;227882;227882;227882;227882;246777.0;227882.0;227882.0;Balanced;51;41;;;;;;Slow build up;Possession;61;6;3;3;;;;;;;;
111774;/team/111774/tianjin-jinmen-tiger/240002;24;2;22.09.2023;Tianjin Jinmen Tiger;2012;Super League;1;155;China PR;63;70;65;62;37566900;Stadion Olympik;111768;2;3.0;;6100000.0;30.0;27.71;228077;224466;224466;224466;224466;212023.0;224466.0;224466.0;Pressure on heavy touch;51;51;;;;;;Balanced;Balanced;61;3;3;3;;;;;;;;
112126;/team/112126/varnamo/240002;24;2;22.09.2023;Värnamo;56;Allsvenskan;1;46;Sweden;63;68;63;62;17281534;Euro Park;700;1;1.0;;3100000.0;25.73;25.04;223379;223379;223379;223379;223379;201965.0;223379.0;223379.0;Balanced;41;51;;;;;;Fast build up;Forward runs;51;5;3;3;;;;;;;;
112985;/team/112985/cangzhou-mighty-lions/240002;24;2;22.09.2023;Cangzhou Mighty Lions;2012;Super League;1;155;China PR;63;69;61;63;311397;Stadion Hanguk;116360;1;2.0;;6800000.0;29.55;27.96;268777;204366;204366;204366;204366;257518.0;210870.0;224544.0;Balanced;41;51;;;;;;Fast build up;Forward runs;51;4;3;3;;;;;;;;
113146;/team/113146/atk-mohun-bagan/240002;24;2;22.09.2023;ATK Mohun Bagan;2149;Super League;1;159;India;63;65;64;63;528418;O Dromo;111629;4;9.0;;7100000.0;26.82;25.11;245165;223618;223618;223618;223618;223618.0;223618.0;223618.0;Pressure on heavy touch;51;61;;;;;;Fast build up;Forward runs;71;4;3;3;;;;;;;;
113458;/team/113458/sirius/240002;24;2;22.09.2023;Sirius;56;Allsvenskan;1;46;Sweden;63;61;65;61;1453115;Town Park;433;1;3.0;;3200000.0;25.09;23.48;266029;266029;266029;266029;266029;266029.0;231500.0;231500.0;Pressure on heavy touch;51;61;;;;;;Slow build up;Possession;51;4;3;3;;;;;;;;
113892;/team/113892/degerfors/240002;24;2;22.09.2023;Degerfors;56;Allsvenskan;1;46;Sweden;63;62;63;63;191444;Town Park;433;1;1.0;;2500000.0;27.0;24.92;222145;226633;243111;243111;226633;243111.0;243111.0;226633.0;Balanced;61;51;;;;;;Fast build up;Forward runs;51;4;3;3;;;;;;;;
113926;/team/113926/salford-city/240002;24;2;22.09.2023;Salford City;61;League Two;4;14;England;63;63;63;64;37336557;Town Park;1931;1;9.0;;2400000.0;28.73;25.15;203215;225847;225847;225847;225847;240599.0;225847.0;225847.0;Balanced;61;61;;;;;;Slow build up;Possession;71;4;3;3;;;;;;;;
114604;/team/114604/macarthur/240002;24;2;22.09.2023;Macarthur;351;A-League;1;195;Australia;63;72;62;62;4043;Arena d'Oro;111400;1;1.0;;8600000.0;28.55;24.71;190581;231063;212013;231063;231063;190581.0;231063.0;231063.0;Balanced;41;41;;;;;;Fast build up;Forward runs;61;5;3;3;;;;;;;;
115358;/team/115358/palmaflor-del-tropico/240002;24;2;22.09.2023;Palmaflor del Trópico;2017;Liga De Futbol Prof;1;53;Bolivia;63;60;63;63;37679561;Stadio Classico;110967;1;1.0;;9000000.0;26.55;25.58;225881;267457;267457;267457;267457;230023.0;260514.0;260514.0;Balanced;51;41;;;;;;Balanced;Balanced;71;4;3;3;;;;;;;;
92;/team/92/grimsby-town/240002;24;2;22.09.2023;Grimsby Town;61;League Two;4;14;England;62;63;62;62;17867632;Town Park;149;1;6.0;;2200000.0;26.91;25.21;189159;207513;207513;207513;207513;207513.0;247741.0;247741.0;Press after possession loss;51;81;;;;;;Balanced;Balanced;61;3;3;3;;;;;;;;
172;/team/172/unterhaching/240002;24;2;22.09.2023;Unterhaching;2076;3. Liga;3;21;Germany;62;63;61;63;30996;Town Park;33;1;3.0;;3800000.0;27.82;23.79;238964;234283;211893;234283;234283;257144.0;211893.0;211893.0;Balanced;51;51;;;;;;Slow build up;Possession;61;4;3;3;;;;;;;;
180;/team/180/dundee/240002;24;2;22.09.2023;Dundee;50;Premiership;1;42;Scotland;62;60;62;62;37699018;Court Lane;100804;1;2.0;;3800000.0;25.45;24.88;215277;262361;262361;262361;262361;262361.0;262525.0;262525.0;Balanced;51;41;;;;;;Long ball;Direct passing;61;3;3;3;;;;;;;;
381;/team/381/barrow/240002;24;2;22.09.2023;Barrow;61;League Two;4;14;England;62;61;61;61;28184231;_Longville Stadium;357;1;5.0;;2200000.0;26.91;25.89;187154;179636;179636;179636;179636;;179636.0;179636.0;Balanced;51;61;;;;;;Fast build up;Forward runs;71;3;3;3;;;;;;;;
445;/team/445/derry-city/240002;24;2;22.09.2023;Derry City;65;Premier Division;1;35;Northern Ireland;62;60;62;61;978850;Town Park;563;1;9.0;;990000.0;24.82;24.39;236465;229718;229718;229718;229718;263490.0;229718.0;229718.0;Balanced;51;51;;;;;;Balanced;Balanced;61;3;3;3;;;;;;;;
874;/team/874/ruch-chorzow/240002;24;2;22.09.2023;Ruch Chorzów;66;Ekstraklasa;1;37;Poland;62;63;62;62;1552966;Stadion 23. Maj;111086;2;5.0;;3500000.0;26.45;26.04;185109;208631;185109;185109;208631;244512.0;275610.0;275610.0;Balanced;71;41;;;;;;Long ball;Direct passing;71;3;3;3;;;;;;;;
1456;/team/1456/odd/240002;24;2;22.09.2023;Odd;41;Eliteserien;1;36;Norway;62;60;62;63;37430188;Ivy Lane;1757;1;6.0;;6500000.0;26.73;23.48;167159;148696;148696;148696;148696;148696.0;148696.0;148696.0;Pressure on heavy touch;61;61;;;;;;Balanced;Balanced;51;5;3;3;;;;;;;;
1803;/team/1803/walsall/240002;24;2;22.09.2023;Walsall;61;League Two;4;14;England;62;62;61;62;2141;Court Lane;127;1;6.0;;2300000.0;24.18;24.08;209493;245893;240708;245893;245893;224870.0;245893.0;245893.0;Pressure on heavy touch;51;51;;;;;;Long ball;Direct passing;61;3;3;3;;;;;;;;
1934;/team/1934/swindon-town/240002;24;2;22.09.2023;Swindon Town;61;League Two;4;14;England;62;62;62;61;2133;Court Lane;1951;1;4.0;;2100000.0;24.45;22.64;195671;238059;238059;238059;238059;195671.0;238059.0;240248.0;Balanced;61;41;;;;;;Slow build up;Possession;71;3;3;3;;;;;;;;
1935;/team/1935/colchester-united/240002;24;2;22.09.2023;Colchester United;61;League Two;4;14;England;62;59;61;61;37386304;Court Lane;94;1;3.0;;2000000.0;23.09;23.0;257863;246326;246326;246326;236818;269691.0;246326.0;246326.0;Pressure on heavy touch;51;51;;;;;;Fast build up;Forward runs;61;6;3;3;;;;;;;;
1937;/team/1937/notts-county/240002;24;2;22.09.2023;Notts County;61;League Two;4;14;England;62;66;63;60;524299;Ivy Lane;14;1;10.0;;2300000.0;27.73;26.79;232114;184387;184387;224956;184387;180818.0;224956.0;211228.0;Press after possession loss;51;81;;;;;;Slow build up;Possession;81;4;3;3;;;;;;;;
110072;/team/110072/otelul-galati/240002;24;2;22.09.2023;O?elul Gala?i;330;Liga 1;1;39;Romania;62;61;63;60;7688644;Stadion 23. Maj;310;1;3.0;;2800000.0;27.0;27.21;216800;275648;276141;275648;275648;213380.0;216800.0;216800.0;Balanced;51;51;;;;;;Balanced;Balanced;51;3;3;3;;;;;;;;
110176;/team/110176/ulm/240002;24;2;22.09.2023;Ulm;2076;3. Liga;3;21;Germany;62;62;61;62;37524250;Euro Park;36;1;1.0;;2900000.0;28.55;25.96;231555;198070;198070;198070;198070;231555.0;198070.0;198070.0;Balanced;61;51;;;;;;Long ball;Direct passing;51;3;3;3;;;;;;;;
110691;/team/110691/freiburg-ii/240002;24;2;22.09.2023;Freiburg II;2076;3. Liga;3;21;Germany;62;63;62;61;198296;Town Park;1832;1;1.0;;4900000.0;23.27;21.5;270083;251286;251286;251286;251286;239121.0;251317.0;263841.0;Pressure on heavy touch;51;61;;;;;;Slow build up;Possession;61;4;3;3;;;;;;;;
110720;/team/110720/blau-weiss-linz/240002;24;2;22.09.2023;Blau-Weiß Linz;80;Bundesliga;1;4;Austria;62;64;62;61;1552550;Stadion Neder;252;1;2.0;;6500000.0;25.0;24.84;224267;275633;275633;275633;275633;226958.0;244783.0;244783.0;Balanced;51;51;;;;;;Balanced;Balanced;51;3;3;3;;;;;;;;
111395;/team/111395/brisbane-roar/240002;24;2;22.09.2023;Brisbane Roar;351;A-League;1;195;Australia;62;61;63;63;37486374;Court Lane;111400;3;5.0;;11000000.0;28.27;26.0;190962;180903;180903;180903;180903;180903.0;180903.0;180903.0;Balanced;41;37;;;;;;Long ball;Direct passing;61;4;3;3;;;;;;;;
111396;/team/111396/central-coast-mariners/240002;24;2;22.09.2023;Central Coast Mariners;351;A-League;1;195;Australia;62;60;63;62;684;Crown Lane;111398;3;6.0;;5500000.0;25.09;22.3;181481;247822;247822;247822;247822;256392.0;247822.0;247822.0;Balanced;61;51;;;;;;Balanced;Balanced;61;4;3;3;;;;;;;;
111398;/team/111398/newcastle-jets/240002;24;2;22.09.2023;Newcastle Jets;351;A-League;1;195;Australia;62;58;64;61;37524058;Forest Park Stadium (Square Ground);111396;1;2.0;;7000000.0;24.91;23.92;200841;209359;209359;252974;209359;262648.0;209359.0;209359.0;Balanced;61;51;;;;;;Slow build up;Possession;61;5;3;3;;;;;;;;
112072;/team/112072/mjallby/240002;24;2;22.09.2023;Mjällby;56;Allsvenskan;1;46;Sweden;62;62;60;63;1452787;Court Lane;1439;1;2.0;;3200000.0;26.09;23.71;199080;199080;242055;199080;199080;199080.0;254469.0;199080.0;Balanced;61;51;;;;;;Balanced;Balanced;61;3;3;3;;;;;;;;
112222;/team/112222/harrogate-town/240002;24;2;22.09.2023;Harrogate Town;61;League Two;4;14;England;62;64;61;62;1552186;Town Park;1804;1;3.0;;2500000.0;25.73;25.43;186494;244673;244673;244673;244673;226950.0;244673.0;244673.0;Balanced;51;61;;;;;;Balanced;Balanced;51;4;3;3;;;;;;;;
112259;/team/112259/afc-wimbledon/240002;24;2;22.09.2023;AFC Wimbledon;61;League Two;4;14;England;62;62;62;60;2003;Molton Road (Sheldon Stadium);1798;1;5.0;;2500000.0;25.36;23.93;203415;228642;203415;203415;228642;263376.0;203415.0;228642.0;Press after possession loss;41;51;;;;;;Balanced;Balanced;41;3;3;3;;;;;;;;
113300;/team/113300/mumbai-city/240002;24;2;22.09.2023;Mumbai City;2149;Super League;1;159;India;62;62;64;61;37524407;Court Lane;113298;3;8.0;;6000000.0;28.09;25.93;248265;223746;223746;223746;223746;223746.0;223746.0;223746.0;Pressure on heavy touch;51;61;;;;;;Balanced;Balanced;61;4;3;3;;;;;;;;
131173;/team/131173/qingdao-hainiu/240002;24;2;22.09.2023;Qingdao Hainiu;2012;Super League;1;155;China PR;62;70;62;62;37600729;Stadion Olympik;111724;1;1.0;;3800000.0;30.36;30.32;244517;244517;261491;244517;244517;244517.0;244517.0;244517.0;Balanced;51;51;;;;;;Long ball;Direct passing;51;3;3;3;;;;;;;;
142;/team/142/doncaster-rovers/240002;24;2;22.09.2023;Doncaster Rovers;61;League Two;4;14;England;61;62;60;61;1749;Molton Road (Sheldon Stadium);1797;1;7.0;;2000000.0;26.18;24.71;156464;179663;179663;179663;179663;211143.0;179663.0;235915.0;Balanced;51;41;;;;;;Balanced;Balanced;61;3;3;3;;;;;;;;
423;/team/423/st-patricks/240002;24;2;22.09.2023;St Patrick's;65;Premier Division;1;25;Republic of Ireland;61;60;61;60;121795;Town Park;306;1;7.0;;977000.0;23.82;22.78;246079;202819;202819;202819;202819;202819.0;229249.0;229249.0;Balanced;51;51;;;;;;Fast build up;Forward runs;71;4;3;3;;;;;;;;
837;/team/837/dundalk/240002;24;2;22.09.2023;Dundalk;65;Premier Division;1;25;Republic of Ireland;61;65;60;60;120666;Town Park;1572;2;9.0;;1100000.0;24.45;25.21;200845;248723;248723;248723;248723;200845.0;248723.0;248723.0;Pressure on heavy touch;51;61;;;;;;Slow build up;Possession;71;5;3;3;;;;;;;;
1757;/team/1757/sandefjord/240002;24;2;22.09.2023;Sandefjord;41;Eliteserien;1;36;Norway;61;64;60;61;37555966;Town Park;1456;1;3.0;;2900000.0;24.0;23.59;242975;219558;219558;219558;219558;201993.0;219558.0;219558.0;Balanced;51;41;;;;;;Balanced;Balanced;51;3;3;3;;;;;;;;
15048;/team/15048/tranmere-rovers/240002;24;2;22.09.2023;Tranmere Rovers;61;League Two;4;14;England;61;62;61;60;524223;Ivy Lane;4;1;7.0;;2300000.0;26.91;25.27;222947;237731;237731;237731;237731;237731.0;227947.0;227947.0;Balanced;61;51;;;;;;Balanced;Balanced;51;6;3;3;;;;;;;;
110313;/team/110313/accrington-stanley/240002;24;2;22.09.2023;Accrington Stanley;61;League Two;4;14;England;61;59;62;59;524572;Town Park;357;1;4.0;;3300000.0;25.0;23.0;187782;243696;263371;263371;243696;263371.0;263371.0;243696.0;Press after possession loss;61;41;;;;;;Long ball;Direct passing;61;3;3;3;;;;;;;;
110799;/team/110799/sutton-united/240002;24;2;22.09.2023;Sutton United;61;League Two;4;14;England;61;61;61;62;34455769;Town Park;112259;1;2.0;;2400000.0;28.64;28.18;186157;176442;176442;176442;176442;236025.0;176442.0;176442.0;Press after possession loss;51;81;;;;;;Fast build up;Forward runs;51;6;3;3;;;;;;;;
111766;/team/111766/wellington-phoenix/240002;24;2;22.09.2023;Wellington Phoenix;351;A-League;1;198;New Zealand;61;62;62;61;37356457;O Dromo;114023;2;4.0;;5900000.0;25.27;23.76;219392;239458;209361;239458;239458;224324.0;239458.0;239458.0;Balanced;61;41;;;;;;Fast build up;Forward runs;61;3;3;3;;;;;;;;
111773;/team/111773/shenzhen/240002;24;2;22.09.2023;Shenzhen;2012;Super League;1;155;China PR;61;61;62;59;311753;Estadio de las Artes (Generic Stadium NG);111779;1;3.0;;6100000.0;28.82;24.14;222277;184575;184575;184575;184575;213013.0;184575.0;184575.0;Balanced;51;51;;;;;;Slow build up;Possession;51;6;3;3;;;;;;;;
112378;/team/112378/dalian-professional/240002;24;2;22.09.2023;Dalian Professional;2012;Super League;1;155;China PR;61;64;61;59;37533057;Stadion Olympik;116360;1;5.0;;4400000.0;28.18;27.79;269516;245978;245978;245978;245978;271589.0;245978.0;245978.0;Press after possession loss;61;51;;;;;;Balanced;Balanced;61;3;3;3;;;;;;;;
112979;/team/112979/nantong-zhiyun/240002;24;2;22.09.2023;Nantong Zhiyun;2012;Super League;1;155;China PR;61;63;62;60;22909;Stadion 23. Maj;116360;1;2.0;;4100000.0;30.55;27.59;233405;275185;252105;275185;275185;275185.0;275185.0;275185.0;Balanced;51;51;;;;;;Balanced;Balanced;51;3;3;3;;;;;;;;
113298;/team/113298/goa/240002;24;2;22.09.2023;Goa;2149;Super League;1;159;India;61;65;62;60;186298;O Dromo;113300;3;6.0;;2500000.0;29.09;26.96;248298;248298;248298;248298;248298;269221.0;248298.0;248298.0;Pressure on heavy touch;61;61;;;;;;Slow build up;Possession;61;4;3;3;;;;;;;;
113299;/team/113299/kerala-blasters/240002;24;2;22.09.2023;Kerala Blasters;2149;Super League;1;159;India;61;64;60;60;60393;O Dromo;113297;2;6.0;;4000000.0;28.18;25.42;203902;203902;203902;203902;203902;210380.0;203902.0;203902.0;Pressure on heavy touch;51;51;;;;;;Slow build up;Possession;61;3;3;3;;;;;;;;
113743;/team/113743/varberg-bois/240002;24;2;22.09.2023;Varberg BoIS;56;Allsvenskan;1;46;Sweden;61;58;60;62;896261;Euro Park;700;1;1.0;;2800000.0;27.09;24.89;213483;251024;251024;251024;251024;270533.0;251024.0;251024.0;Balanced;71;41;;;;;;Long ball;Direct passing;71;3;3;3;;;;;;;;
114393;/team/114393/puszcza-niepolomice/240002;24;2;22.09.2023;Puszcza Niepo³omice;66;Ekstraklasa;1;37;Poland;61;61;62;61;532846;Stadion Neder;110747;1;1.0;;3000000.0;27.82;25.42;226025;226025;226025;226025;226025;276727.0;226025.0;226025.0;Balanced;51;41;;;;;;Long ball;Direct passing;61;4;3;3;;;;;;;;
114628;/team/114628/meizhou-hakka/240002;24;2;22.09.2023;Meizhou Hakka;2012;Super League;1;155;China PR;61;59;61;63;1846934;Stadion Olympik;116361;1;4.0;;5800000.0;28.45;27.71;222175;221888;221888;221888;221888;221888.0;239581.0;221888.0;Balanced;51;51;;;;;;Balanced;Balanced;51;3;3;3;;;;;;;;
121;/team/121/crewe-alexandra/240002;24;2;22.09.2023;Crewe Alexandra;61;League Two;4;14;England;60;62;60;61;10249;Court Lane;1928;1;4.0;;2000000.0;24.55;22.73;241828;209368;209368;209368;209368;200781.0;266122.0;209368.0;Balanced;61;41;;;;;;Long ball;Direct passing;61;5;3;3;;;;;;;;
305;/team/305/bohemians/240002;24;2;22.09.2023;Bohemians;65;Premier Division;1;25;Republic of Ireland;60;61;60;60;30850931;Town Park;306;1;7.0;;985000.0;26.0;23.73;202881;227288;227288;212106;227288;227288.0;227288.0;227288.0;Balanced;41;51;;;;;;Balanced;Balanced;61;3;3;3;;;;;;;;
357;/team/357/morecambe/240002;24;2;22.09.2023;Morecambe;61;League Two;4;14;England;60;57;60;61;524027;Town Park;110313;1;2.0;;2700000.0;23.45;24.26;213686;271675;265658;265658;271675;273619.0;213686.0;271675.0;Balanced;41;37;;;;;;Long ball;Direct passing;51;3;3;3;;;;;;;;
110890;/team/110890/crawley-town/240002;24;2;22.09.2023;Crawley Town;61;League Two;4;14;England;60;58;60;60;15322;Town Park;112259;1;1.0;;2100000.0;25.09;24.26;246243;221279;221279;221279;221279;262831.0;221279.0;221279.0;Press after possession loss;61;61;;;;;;Slow build up;Possession;71;4;3;3;;;;;;;;
112254;/team/112254/newport-county/240002;24;2;22.09.2023;Newport County;61;League Two;4;50;Wales;60;61;60;60;9882;Town Park;1961;1;1.0;;2000000.0;27.0;24.67;231284;193771;193771;193771;193771;193771.0;193771.0;193771.0;Balanced;41;51;;;;;;Long ball;Direct passing;81;4;3;3;;;;;;;;
113302;/team/113302/bengaluru/240002;24;2;22.09.2023;Bengaluru;2149;Super League;1;159;India;60;62;60;61;523984;Arena d'Oro;113299;3;7.0;;4000000.0;29.73;27.23;190939;202589;202589;202589;202589;190939.0;260147.0;202589.0;Pressure on heavy touch;51;51;;;;;;Fast build up;Forward runs;51;3;3;3;;;;;;;;
563;/team/563/sligo-rovers/240002;24;2;22.09.2023;Sligo Rovers;65;Premier Division;1;25;Republic of Ireland;59;63;58;60;120469;Town Park;445;1;6.0;;947000.0;24.36;24.48;182156;243596;182156;243596;243596;271093.0;243596.0;271093.0;Press after possession loss;41;51;;;;;;Balanced;Balanced;51;5;3;3;;;;;;;;
834;/team/834/shelbourne/240002;24;2;22.09.2023;Shelbourne;65;Premier Division;1;25;Republic of Ireland;59;60;57;59;382;_Longville Stadium;305;1;4.0;;942000.0;24.45;22.68;208290;240473;240473;261861;240473;233950.0;236379.0;236379.0;Balanced;61;51;;;;;;Slow build up;Possession;71;3;3;3;;;;;;;;
111629;/team/111629/east-bengal/240002;24;2;22.09.2023;East Bengal;2149;Super League;1;159;India;59;66;60;58;22504273;O Dromo;113146;3;7.0;;3400000.0;27.64;27.08;217232;256998;256998;235754;256998;256998.0;228194.0;235754.0;Balanced;51;51;;;;;;Long ball;Direct passing;61;3;3;3;;;;;;;;
113257;/team/113257/odisha-fc/240002;24;2;22.09.2023;Odisha FC;2149;Super League;1;159;India;59;60;59;59;1553061;O Dromo;114168;1;4.0;;2500000.0;29.36;25.82;200727;248297;248297;248297;248297;195620.0;248315.0;248315.0;Balanced;51;51;;;;;;Slow build up;Possession;51;4;3;3;;;;;;;;
113301;/team/113301/hyderabad/240002;24;2;22.09.2023;Hyderabad;2149;Super League;1;159;India;58;58;60;56;37404937;Euro Arena;113300;1;5.0;;2000000.0;28.09;25.56;191294;191294;191294;191294;191294;191294.0;248251.0;248251.0;Balanced;61;51;;;;;;Slow build up;Possession;71;4;3;3;;;;;;;;
114168;/team/114168/jamshedpur/240002;24;2;22.09.2023;Jamshedpur;2149;Super League;1;159;India;58;64;58;55;1068539;Arena d'Oro;113146;1;3.0;;1600000.0;29.0;26.62;248325;197925;197925;197925;197925;198195.0;204035.0;204035.0;Balanced;61;51;;;;;;Fast build up;Forward runs;61;3;3;3;;;;;;;;
422;/team/422/cork-city/240002;24;2;22.09.2023;Cork City;65;Premier Division;1;25;Republic of Ireland;57;58;58;56;2615;Town Park;834;2;5.0;;930000.0;23.82;22.57;231006;231006;231006;231006;231006;221810.0;231006.0;231006.0;Balanced;61;51;;;;;;Balanced;Balanced;61;4;3;3;;;;;;;;
1572;/team/1572/drogheda-united/240002;24;2;22.09.2023;Drogheda United;65;Premier Division;1;25;Republic of Ireland;57;56;58;57;37618984;_Longville Stadium;837;1;3.0;;945000.0;25.18;22.32;181725;255621;255621;255621;255621;198990.0;227082.0;227082.0;Balanced;61;51;;;;;;Long ball;Direct passing;61;4;3;3;;;;;;;;
113040;/team/113040/northeast-united/240002;24;2;22.09.2023;NorthEast United;2149;Super League;1;159;India;57;57;61;57;37410430;Stade Kokoto (Generic Africa 2);113146;1;2.0;;1500000.0;29.09;25.65;253670;212519;212519;212519;212519;240035.0;212519.0;212519.0;Balanced;61;61;;;;;;Long ball;Direct passing;51;3;3;3;;;;;;;;
113297;/team/113297/chennaiyin/240002;24;2;22.09.2023;Chennaiyin;2149;Super League;1;159;India;57;62;57;54;896550;O Dromo;113302;2;5.0;;3000000.0;26.55;24.79;248246;195838;195838;195838;195838;195838.0;195838.0;195838.0;Balanced;61;51;;;;;;Fast build up;Forward runs;51;3;3;3;;;;;;;;
111132;/team/111132/ucd/240002;24;2;22.09.2023;UCD;65;Premier Division;1;25;Republic of Ireland;55;54;55;55;120550;_Longville Stadium;306;1;1.0;;915000.0;20.55;20.43;237889;274392;274392;274392;274392;237889.0;274392.0;274392.0;Balanced;51;41;;;;;;Long ball;Direct passing;61;3;3;3;;;;;;;;
115202;/team/115202/punjab/240002;24;2;22.09.2023;Punjab;2149;Super League;1;159;India;55;60;56;52;;Stadion Olympik;113146;1;2.0;;1400000.0;26.82;24.75;276752;204133;204133;204133;204133;276752.0;204133.0;204133.0;Balanced;51;51;;;;;;Long ball;Direct passing;51;4;3;3;;;;;;;;
9;/team/9/liverpool/230002;23;2;26.09.2022;Liverpool;13;Premier League;1;14;England;85;84;82;87;455353;Anfield;11;9;9.0;;4200000000.0;26.91;25.67;203376;231281;231281;231281;231281;209331.0;216267;231281.0;Press After Possession Loss;61;71;;;;;;Slow Build Up;Possession;71;5;3;3;;;;;;;;
10;/team/10/manchester-city/230002;23;2;26.09.2022;Manchester City;13;Premier League;1;14;England;85;86;86;86;455361;Etihad Stadium;11;10;10.0;;4100000000.0;27.18;25.37;186942;192985;192985;192985;192985;192985.0;192985;237692.0;Press After Possession Loss;71;81;;;;;;Slow Build Up;Possession;71;6;3;3;;;;;;;;
73;/team/73/paris-saint-germain/230002;23;2;26.09.2022;Paris Saint Germain;16;Ligue 1;1;18;France;85;88;82;83;524011;Parc des Princes;219;9;10.0;;3000000000.0;27.18;25.81;207865;190871;158023;190871;158023;190871.0;190871;190871.0;Press After Possession Loss;61;71;;;;;;Slow Build Up;Possession;41;8;3;3;;;;;;;;
243;/team/243/real-madrid-cf/230002;23;2;26.09.2022;Real Madrid;53;La Liga;1;45;Spain;85;85;85;84;455800;Estadio Santiago Bernabéu;241;10;10.0;;4400000000.0;28.36;24.64;165153;182521;182521;182521;197445;165153.0;182521;182521.0;Balanced;51;71;;;;;;Balanced;Balanced;51;6;3;3;;;;;;;;
5;/team/5/chelsea/230002;23;2;26.09.2022;Chelsea;13;Premier League;1;14;England;84;84;86;84;452683;Stamford Bridge;1;8;9.0;;3000000000.0;28.09;24.84;184432;233064;233064;233064;233064;205498.0;238074;239231.0;Balanced;61;71;;;;;;Balanced;Balanced;61;5;3;3;;;;;;;;
21;/team/21/fc-bayern-munchen/230002;23;2;26.09.2022;FC Bayern München;19;Bundesliga;1;21;Germany;84;89;85;82;458813;Sanderson Park (FIFA 13 NEW generic);22;10;10.0;;4100000000.0;26.91;25.78;167495;212622;212622;208722;212622;208722.0;212622;212622.0;Pressure On Heavy Touch;41;81;;;;;;Slow Build Up;Possession;81;8;3;3;;;;;;;;
241;/team/241/fc-barcelona/230002;23;2;26.09.2022;FC Barcelona;53;La Liga;1;45;Spain;84;84;85;82;184942;El Libertador (La Bombastico);243;10;10.0;;4300000000.0;25.82;23.97;189511;188545;251854;188545;188545;188545.0;231443;231443.0;Pressure On Heavy Touch;61;81;;;;;;Slow Build Up;Possession;51;7;3;3;;;;;;;;
44;/team/44/inter/230002;23;2;26.09.2022;Inter;31;Serie A;1;27;Italy;83;85;83;83;128160;San Siro;47;7;9.0;;949000000.0;27.73;27.88;162835;208128;208128;208128;208128;231478.0;216352;216352.0;Balanced;51;61;;;;;;Fast Build Up;Forward Runs;51;4;3;3;;;;;;;;
240;/team/240/atletico-de-madrid/230002;23;2;26.09.2022;Atlético Madrid;53;La Liga;1;45;Spain;83;82;82;80;452946;Wanda Metropolitano;243;9;9.0;;1200000000.0;28.27;25.3;193747;208418;208418;208418;208418;208418.0;208418;208418.0;Press After Possession Loss;61;61;;;;;;Balanced;Balanced;51;3;3;3;;;;;;;;
11;/team/11/manchester-united/230002;23;2;26.09.2022;Manchester United;13;Premier League;1;14;England;82;85;83;80;456113;Old Trafford;9;8;8.0;;4400000000.0;25.36;25.18;212198;190460;190460;190460;190460;212198.0;190460;238041.0;Balanced;41;51;;;;;;Slow Build Up;Possession;61;4;3;3;;;;;;;;
45;/team/45/juventus/230002;23;2;26.09.2022;Juventus;31;Serie A;1;27;Italy;82;84;81;82;455957;Juventus Arena;44;9;10.0;;2300000000.0;28.55;25.9;184344;246430;246430;183898;246430;246430.0;193082;183898.0;Pressure On Heavy Touch;51;41;;;;;;Balanced;Balanced;61;3;3;3;;;;;;;;
18;/team/18/tottenham-hotspur/230002;23;2;26.09.2022;Tottenham Hotspur;13;Premier League;1;14;England;81;84;81;79;455384;Tottenham Hotspur Stadium;1;7;8.0;;2200000000.0;26.45;25.03;167948;200104;200104;200104;200104;202126.0;200104;200104.0;Balanced;61;41;;;;;;Balanced;Balanced;61;4;3;3;;;;;;;;
22;/team/22/borussia-dortmund/230002;23;2;26.09.2022;Borussia Dortmund;19;Bundesliga;1;21;Germany;81;79;80;82;417317;Signal Iduna Park;34;7;9.0;;1700000000.0;26.36;23.88;188350;188350;209889;188350;209889;188350.0;209889;209889.0;Press After Possession Loss;51;81;;;;;;Fast Build Up;Forward Runs;41;6;3;3;;;;;;;;
47;/team/47/ac-milan/230002;23;2;26.09.2022;Milan;31;Serie A;1;27;Italy;81;81;81;81;459100;San Siro;44;7;9.0;;1100000000.0;25.27;25.74;228881;241096;241096;241096;241096;232656.0;241096;241096.0;Pressure On Heavy Touch;51;61;;;;;;Fast Build Up;Forward Runs;51;8;3;3;;;;;;;;
481;/team/481/sevilla-fc/230002;23;2;26.09.2022;Sevilla;53;La Liga;1;45;Spain;81;81;81;80;456014;Ramón Sánchez-Pizjuán;449;8;8.0;;540000000.0;30.36;27.07;146536;224309;143076;224309;224309;235410.0;224334;224309.0;Press After Possession Loss;71;71;;;;;;Slow Build Up;Possession;81;8;3;3;;;;;;;;
112172;/team/112172/rb-leipzig/230002;23;2;26.09.2022;RB Leipzig;19;Bundesliga;1;21;Germany;81;82;81;80;29710;Red Bull Arena (Leipzig);22;7;8.0;;491200000.0;26.0;25.13;185122;232411;232411;232411;232411;232411.0;232411;236703.0;Press After Possession Loss;51;81;;;;;;Balanced;Balanced;31;6;3;3;;;;;;;;
1;/team/1/arsenal/230002;23;2;26.09.2022;Arsenal;13;Premier League;1;14;England;80;83;81;79;307;Emirates Stadium;18;7;7.0;;2000000000.0;24.09;23.0;222665;222665;222665;222665;222665;246669.0;251566;246669.0;Balanced;51;61;;;;;;Slow Build Up;Possession;51;5;3;3;;;;;;;;
19;/team/19/west-ham-united/230002;23;2;26.09.2022;West Ham United;13;Premier League;1;14;England;80;79;80;78;455355;London Stadium;97;5;6.0;;858500000.0;28.09;25.97;234378;189615;234378;234378;189615;234378.0;189615;224371.0;Balanced;41;41;;;;;;Fast Build Up;Forward Runs;61;4;3;3;;;;;;;;
32;/team/32/bayer-04-leverkusen/230002;23;2;26.09.2022;Bayer 04 Leverkusen;19;Bundesliga;1;21;Germany;80;85;79;80;511;BayArena;31;6;8.0;;445800000.0;24.82;23.9;190941;211748;211748;211748;211748;211748.0;211748;211748.0;Press After Possession Loss;51;71;;;;;;Balanced;Balanced;71;6;3;3;;;;;;;;
52;/team/52/roma/230002;23;2;26.09.2022;Roma;31;Serie A;1;27;Italy;80;81;80;80;455375;Stadion Olympik;46;7;8.0;;602000000.0;27.09;25.17;228251;211110;228251;228251;211110;228251.0;228251;228251.0;Press After Possession Loss;61;41;;;;;;Balanced;Balanced;61;4;3;3;;;;;;;;
483;/team/483/villarreal-cf/230002;23;2;26.09.2022;Villarreal;53;La Liga;1;45;Spain;80;82;80;80;455907;Estadio de la Cerámica;461;7;8.0;;370000000.0;28.73;27.56;157481;189513;189513;189513;189513;208093.0;189513;189513.0;Balanced;61;51;;;;;;Balanced;Balanced;61;5;3;3;;;;;;;;
2;/team/2/aston-villa/230002;23;2;26.09.2022;Aston Villa;13;Premier League;1;14;England;79;79;78;80;50;Villa Park;109;3;5.0;;715400000.0;25.82;25.19;210881;189242;189242;189242;189242;221697.0;200458;200458.0;Balanced;51;61;;;;;;Balanced;Balanced;41;4;3;3;;;;;;;;
39;/team/39/atalanta/230002;23;2;26.09.2022;Atalanta;31;Serie A;1;27;Italy;79;81;79;77;456038;Stadio Classico;190;6;7.0;;350000000.0;27.27;25.72;187598;199110;240679;199110;199110;234678.0;240679;240679.0;Press After Possession Loss;41;71;;;;;;Fast Build Up;Forward Runs;61;5;3;3;;;;;;;;
46;/team/46/lazio/230002;23;2;26.09.2022;Lazio;31;Serie A;1;27;Italy;79;80;80;77;455926;Stadion Olympik;52;6;7.0;;328000000.0;28.36;26.71;192387;223848;223848;223848;223848;192387.0;198706;198706.0;Press After Possession Loss;61;61;;;;;;Slow Build Up;Possession;71;3;3;3;;;;;;;;
48;/team/48/napoli/230002;23;2;26.09.2022;Napoli;31;Serie A;1;27;Italy;79;79;81;79;523897;Stadion Olympik;45;7;9.0;;590000000.0;26.45;25.64;217870;204614;204614;204614;204614;210406.0;210406;210406.0;Balanced;61;61;;;;;;Slow Build Up;Possession;71;6;3;3;;;;;;;;
95;/team/95/leicester-city/230002;23;2;26.09.2022;Leicester City;13;Championship;1;14;England;79;81;80;78;896460;King Power Stadium;14;6;6.0;;882300000.0;26.73;25.66;169588;220697;220697;220697;220697;216393.0;220697;220697.0;Balanced;41;51;;;;;;Slow Build Up;Possession;51;4;3;3;;;;;;;;
110;/team/110/wolverhampton-wanderers/230002;23;2;26.09.2022;Wolverhampton Wanderers;13;Premier League;1;14;England;79;79;81;77;1198;Molineux Stadium;109;4;5.0;;416500000.0;25.91;23.58;224293;162347;162347;162347;162347;204838.0;162347;162347.0;Pressure On Heavy Touch;61;51;;;;;;Fast Build Up;Forward Runs;61;3;3;3;;;;;;;;
448;/team/448/athletic-club-de-bilbao/230002;23;2;26.09.2022;Athletic Club;53;La Liga;1;45;Spain;79;80;77;78;470943;Estadio San Mamés;457;5;7.0;;250000000.0;26.27;25.93;189575;189575;189575;189575;189575;216201.0;189575;189575.0;Balanced;51;51;;;;;;Fast Build Up;Forward Runs;71;5;3;3;;;;;;;;
449;/team/449/real-betis-balompie/230002;23;2;26.09.2022;Real Betis;53;La Liga;1;45;Spain;79;81;80;77;523898;Estadio Benito Villamarín;481;3;6.0;;175000000.0;29.18;27.0;190286;216594;190286;216594;216594;224179.0;216594;190286.0;Press After Possession Loss;61;71;;;;;;Slow Build Up;Possession;61;7;3;3;;;;;;;;
7;/team/7/everton/230002;23;2;26.09.2022;Everton;13;Premier League;1;14;England;78;80;77;75;95;Goodison Park;9;4;4.0;;896600000.0;24.73;26.48;204935;242964;242964;242964;242964;221479.0;242964;242964.0;Balanced;51;51;;;;;;Balanced;Balanced;51;3;3;3;;;;;;;;
13;/team/13/newcastle-united/230002;23;2;26.09.2022;Newcastle United;13;Premier League;1;14;England;78;78;76;79;523911;St. James' Park;106;3;5.0;;455000000.0;26.64;25.91;186345;186345;186345;186345;186345;196978.0;186345;186345.0;Balanced;51;61;;;;;;Balanced;Balanced;51;4;3;3;;;;;;;;
66;/team/66/olympique-lyonnais/230002;23;2;26.09.2022;Olympique Lyonnais;16;Ligue 1;1;18;France;78;78;79;76;37438919;Groupama Stadium;1819;6;8.0;;300000000.0;25.64;23.84;193301;193301;213874;193301;193301;193301.0;247641;247641.0;Pressure On Heavy Touch;51;51;;;;;;Slow Build Up;Possession;51;6;3;3;;;;;;;;
219;/team/219/olympique-de-marseille/230002;23;2;26.09.2022;Olympique de Marseille;16;Ligue 1;1;18;France;78;79;77;77;407845;Orange Vélodrome;73;6;8.0;;250000000.0;28.0;23.39;177388;177388;239093;177388;177388;184941.0;177388;177388.0;Pressure On Heavy Touch;51;61;;;;;;Long Ball;Direct Passing;61;4;3;3;;;;;;;;
234;/team/234/sl-benfica/230002;23;2;26.09.2022;Benfica;308;Liga Portugal;1;38;Portugal;78;78;78;78;883017;Estádio da Luz;236;6;10.0;;320000000.0;25.91;25.17;192366;210035;210035;210035;210035;216547.0;210035;210035.0;Press After Possession Loss;51;61;;;;;;Balanced;Balanced;61;4;3;3;;;;;;;;
237;/team/237/sporting-cp/230002;23;2;26.09.2022;Sporting CP;308;Liga Portugal;1;38;Portugal;78;78;76;78;158158;Waldstadion (Fussballstadion);234;4;9.0;;220000000.0;26.0;23.47;197655;240950;240950;240950;240950;240950.0;243576;240950.0;Pressure On Heavy Touch;51;61;;;;;;Long Ball;Direct Passing;61;5;3;3;;;;;;;;
245;/team/245/ajax/230002;23;2;26.09.2022;Ajax;10;Eredivisie;1;34;Netherlands;78;80;78;77;23435;Johan Cruijff ArenA;246;7;10.0;;482000000.0;25.82;24.14;199434;199434;199434;199434;199434;199434.0;225953;199434.0;Pressure On Heavy Touch;61;81;;;;;;Slow Build Up;Possession;71;8;3;3;;;;;;;;
457;/team/457/real-sociedad/230002;23;2;26.09.2022;Real Sociedad;53;La Liga;1;45;Spain;78;77;79;78;530755;Reale Arena;448;4;7.0;;150000000.0;25.73;24.13;225193;168542;225193;168542;168542;235944.0;168542;168542.0;Balanced;41;51;;;;;;Slow Build Up;Possession;61;6;3;3;;;;;;;;
23;/team/23/borussia-monchengladbach/230002;23;2;26.09.2022;Borussia Mönchengladbach;19;Bundesliga;1;21;Germany;77;78;77;76;460535;BORUSSIA-PARK;31;5;5.0;;333900000.0;26.45;24.68;187072;210324;210324;210324;187072;224196.0;210324;210324.0;Balanced;61;61;;;;;;Slow Build Up;Possession;61;7;3;3;;;;;;;;
69;/team/69/as-monaco/230002;23;2;26.09.2022;Monaco;16;Ligue 1;1;1037;Monaco;77;79;77;77;2158189;Euro Arena;72;6;8.0;;215000000.0;24.36;23.59;199451;199451;225663;199451;225663;199451.0;225663;232440.0;Pressure On Heavy Touch;51;51;;;;;;Slow Build Up;Possession;51;4;3;3;;;;;;;;
72;/team/72/ogc-nice/230002;23;2;26.09.2022;Nice;16;Ligue 1;1;18;France;77;80;76;76;455672;Waldstadion (Fussballstadion);69;3;6.0;;130000000.0;27.36;24.93;158625;186561;186561;186561;193983;193983.0;186561;186561.0;Press After Possession Loss;61;61;;;;;;Slow Build Up;Possession;71;7;3;3;;;;;;;;
74;/team/74/stade-rennais-fc/230002;23;2;26.09.2022;Rennes;16;Ligue 1;1;18;France;77;77;74;75;523953;Stade Municipal;71;5;7.0;;110000000.0;25.91;23.58;219789;214097;214097;214097;214097;236786.0;214097;214097.0;Balanced;51;51;;;;;;Balanced;Balanced;51;3;3;3;;;;;;;;
175;/team/175/vfl-wolfsburg/230002;23;2;26.09.2022;VfL Wolfsburg;19;Bundesliga;1;21;Germany;77;77;76;75;524537;Volkswagen Arena;485;5;6.0;;349100000.0;24.36;24.31;206511;206511;206511;256675;206511;230084.0;206511;206511.0;Press After Possession Loss;71;51;;;;;;Slow Build Up;Possession;61;6;3;3;;;;;;;;
236;/team/236/fc-porto/230002;23;2;26.09.2022;Porto;308;Liga Portugal;1;38;Portugal;77;79;78;76;523928;Estádio do Drag?o;234;7;10.0;;240000000.0;26.91;25.53;120533;210411;210411;210411;210411;241788.0;210411;210411.0;Press After Possession Loss;51;61;;;;;;Balanced;Balanced;61;6;3;3;;;;;;;;
247;/team/247/psv/230002;23;2;26.09.2022;PSV;10;Eredivisie;1;34;Netherlands;77;76;76;76;30963;463;245;5;9.0;;285300000.0;24.0;23.73;189805;242516;242516;242516;242516;242516.0;242516;242516.0;Pressure On Heavy Touch;51;71;;;;;;Balanced;Balanced;51;8;3;3;;;;;;;;
450;/team/450/rc-celta-de-vigo/230002;23;2;26.09.2022;Celta de Vigo;53;La Liga;1;45;Spain;77;79;77;77;251872;Estadio Abanca-Balaídos;110831;4;6.0;;110000000.0;27.73;24.21;194229;192629;192629;192629;192629;192629.0;239335;239335.0;Pressure On Heavy Touch;71;61;;;;;;Balanced;Balanced;51;3;3;3;;;;;;;;
1824;/team/1824/eintracht-frankfurt/230002;23;2;26.09.2022;Eintracht Frankfurt;19;Bundesliga;1;21;Germany;77;78;78;76;51518;Deutsche Bank Park;169;6;6.0;;269800000.0;25.36;24.29;200215;192318;243237;192318;243237;237679.0;192318;243237.0;Press After Possession Loss;61;51;;;;;;Fast Build Up;Forward Runs;61;5;3;3;;;;;;;;
1860;/team/1860/getafe-cf/230002;23;2;26.09.2022;Getafe;53;La Liga;1;45;Spain;77;76;78;76;455821;Coliseum Alfonso Pérez;100888;4;5.0;;45000000.0;26.73;26.0;217940;232665;232665;232665;232665;223197.0;232665;232665.0;Pressure On Heavy Touch;41;71;;;;;;Fast Build Up;Forward Runs;71;3;3;3;;;;;;;;
110374;/team/110374/fiorentina/230002;23;2;26.09.2022;Fiorentina;31;Serie A;1;27;Italy;77;77;77;77;128261;Stadio Classico;45;5;6.0;;222000000.0;26.18;25.32;201389;189125;201389;189125;189125;240690.0;201389;189125.0;Balanced;41;51;;;;;;Balanced;Balanced;61;8;3;3;;;;;;;;
8;/team/8/leeds-united/230002;23;2;26.09.2022;Leeds United;13;Championship;1;14;England;76;78;76;76;524552;Elland Road;1939;2;3.0;;763100000.0;24.18;24.29;236532;232080;232080;232080;232080;206534.0;232080;232080.0;Press After Possession Loss;41;61;;;;;;Fast Build Up;Forward Runs;51;5;3;3;;;;;;;;
14;/team/14/nottingham-forest/230002;23;2;26.09.2022;Nottingham Forest;13;Premier League;1;14;England;76;75;76;74;37250724;Ivy Lane;91;1;1.0;;90000000.0;24.73;25.91;230708;236015;236015;236015;236015;251421.0;236015;236015.0;Balanced;61;51;;;;;;Balanced;Balanced;71;4;3;3;;;;;;;;
25;/team/25/sport-club-freiburg/230002;23;2;26.09.2022;SC Freiburg;19;Bundesliga;1;21;Germany;76;74;76;75;460197;447;36;3;4.0;;266700000.0;26.73;25.21;209846;212096;212096;212096;212096;212096.0;212096;209846.0;Balanced;41;51;;;;;;Slow Build Up;Possession;61;4;3;3;;;;;;;;
144;/team/144/fulham/230002;23;2;26.09.2022;Fulham;13;Premier League;1;14;England;76;78;76;74;455424;Craven Cottage;15;1;2.0;;155000000.0;27.55;26.0;198261;208450;208450;202940;208450;215716.0;208450;208450.0;Pressure On Heavy Touch;51;61;;;;;;Balanced;Balanced;61;8;3;3;;;;;;;;
231;/team/231/club-brugge-kv/230002;23;2;26.09.2022;Club Brugge;4;Jupiler Pro League;1;7;Belgium;76;75;75;74;121;Waldstadion (Fussballstadion);229;5;10.0;;180000000.0;26.45;24.54;200155;200155;200155;200155;240017;200155.0;239380;240017.0;Pressure On Heavy Touch;41;61;;;;;;Balanced;Balanced;61;4;3;3;;;;;;;;
325;/team/325/galatasaray-sk/230002;23;2;26.09.2022;Galatasaray;68;Super Lig;1;48;Turkey;76;79;76;74;199988;Sanderson Park (FIFA 13 NEW generic);326;7;10.0;;40000000.0;27.45;25.43;182494;198031;198031;198031;198031;198031.0;198031;198031.0;Pressure On Heavy Touch;51;61;;;;;;Fast Build Up;Forward Runs;61;4;3;3;;;;;;;;
383;/team/383/palmeiras/230002;23;2;26.09.2022;Palmeiras;7;Serie A;1;54;Brazil;76;78;77;74;2511092;Estadio de las Artes (Generic Stadium NG);598;6;8.0;;111000000.0;28.91;28.6;230241;230241;230241;230241;230481;230440.0;230481;230269.0;Pressure On Heavy Touch;41;71;;;;;;Balanced;Balanced;61;6;3;3;;;;;;;;
436;/team/436/trabzonspor/230002;23;2;26.09.2022;Trabzonspor;68;Super Lig;1;48;Turkey;76;75;77;75;460597;Sanderson Park (FIFA 13 NEW generic);326;5;6.0;;38000000.0;27.64;26.03;226300;208250;171877;171877;208250;208250.0;171877;208250.0;Pressure On Heavy Touch;61;71;;;;;;Slow Build Up;Possession;61;6;3;3;;;;;;;;
461;/team/461/valencia-cf/230002;23;2;26.09.2022;Valencia;53;La Liga;1;45;Spain;76;78;74;77;127965;Estadio Mestalla;1853;6;7.0;;530000000.0;24.64;22.94;211688;210617;210617;210617;210617;179813.0;210617;210617.0;Balanced;61;51;;;;;;Balanced;Balanced;61;4;3;3;;;;;;;;
479;/team/479/ca-osasuna/230002;23;2;26.09.2022;Osasuna;53;La Liga;1;45;Spain;76;76;76;75;456423;437;448;1;5.0;;15000000.0;28.36;25.81;206651;206651;206651;206651;206651;228520.0;206651;206651.0;Balanced;71;71;;;;;;Fast Build Up;Forward Runs;61;3;3;3;;;;;;;;
1043;/team/1043/flamengo/230002;23;2;26.09.2022;Flamengo;7;Serie A;1;54;Brazil;76;77;75;75;460565;O Dromo;567;7;10.0;;364600000.0;27.45;28.6;230336;230406;230336;230406;230406;230430.0;230460;230406.0;Pressure On Heavy Touch;61;61;;;;;;Balanced;Balanced;61;5;3;3;;;;;;;;
1799;/team/1799/crystal-palace/230002;23;2;26.09.2022;Crystal Palace;13;Premier League;1;14;England;76;77;75;76;460451;Selhurst Park;1808;2;4.0;;410500000.0;26.64;25.17;241159;235794;235794;235794;235794;198717.0;198717;235794.0;Balanced;51;41;;;;;;Balanced;Balanced;71;4;3;3;;;;;;;;
1808;/team/1808/brighton-hove-albion/230002;23;2;26.09.2022;Brighton & Hove Albion;13;Premier League;1;14;England;76;76;75;77;127889;The Amex Stadium;1799;2;3.0;;355000000.0;27.64;23.58;199915;206594;190765;190765;206594;239837.0;190765;190765.0;Balanced;61;61;;;;;;Slow Build Up;Possession;71;4;3;3;;;;;;;;
1876;/team/1876/river-plate/230002;23;2;26.09.2022;River Plate;353;Liga Profesional;1;52;Argentina;76;74;76;75;468200;El Monumento (Estadio Latino);1877;9;10.0;;240000000.0;27.73;27.5;196432;240699;240699;240699;240699;219862.0;236007;240699.0;Pressure On Heavy Touch;41;71;;;;;;Slow Build Up;Possession;41;6;3;3;;;;;;;;
10029;/team/10029/tsg-hoffenheim/230002;23;2;26.09.2022;TSG Hoffenheim;19;Bundesliga;1;21;Germany;76;77;76;76;458614;PreZero Arena;36;4;5.0;;331100000.0;26.36;24.81;193698;216354;220651;216354;220651;216354.0;220651;220651.0;Balanced;51;51;;;;;;Fast Build Up;Forward Runs;61;8;3;3;;;;;;;;
17;/team/17/southampton/230002;23;2;26.09.2022;Southampton;13;Championship;1;14;England;75;76;74;75;524297;St. Mary's Stadium;1790;3;4.0;;495000000.0;23.55;23.81;205569;205569;205569;205569;205569;205569.0;205569;205569.0;Pressure On Heavy Touch;51;51;;;;;;Balanced;Balanced;51;4;3;3;;;;;;;;
55;/team/55/udinese-calcio/230002;23;2;26.09.2022;Udinese;31;Serie A;1;27;Italy;75;77;73;74;1553200;Stadion Neder;48;3;4.0;;160000000.0;26.36;25.38;193091;202477;193061;202477;202477;193061.0;202477;202477.0;Balanced;61;51;;;;;;Slow Build Up;Possession;71;3;3;3;;;;;;;;
64;/team/64/racing-club-de-lens/230002;23;2;26.09.2022;Lens;16;Ligue 1;1;18;France;75;74;75;74;896608;Ivy Lane;65;2;5.0;;50000000.0;25.55;25.72;216320;212138;212138;212138;259139;227232.0;212138;259139.0;Pressure On Heavy Touch;51;61;;;;;;Slow Build Up;Possession;61;6;3;3;;;;;;;;
65;/team/65/losc-lille/230002;23;2;26.09.2022;Lille;16;Ligue 1;1;18;France;75;77;75;75;455945;Sanderson Park (FIFA 13 NEW generic);64;4;6.0;;147000000.0;27.64;25.3;171791;193476;190674;193476;193476;243630.0;193476;193476.0;Pressure On Heavy Touch;51;51;;;;;;Slow Build Up;Possession;71;6;3;3;;;;;;;;
70;/team/70/montpellier-herault-sc/230002;23;2;26.09.2022;Montpellier;16;Ligue 1;1;18;France;75;74;76;73;464744;Forest Park Stadium (Square Ground);224;2;4.0;;55000000.0;24.36;24.57;205686;205686;205686;205686;205686;205686.0;205686;205686.0;Balanced;51;51;;;;;;Fast Build Up;Forward Runs;51;4;3;3;;;;;;;;
76;/team/76/rc-strasbourg-alsace/230002;23;2;26.09.2022;Strasbourg;16;Ligue 1;1;18;France;75;77;75;74;527346;Stade Municipal;68;2;5.0;;50000000.0;28.36;26.46;235042;235042;235042;235042;235042;219733.0;235042;208787.0;Balanced;41;71;;;;;;Balanced;Balanced;71;4;3;3;;;;;;;;
169;/team/169/1-fsv-mainz-05/230002;23;2;26.09.2022;FSV Mainz 05;19;Bundesliga;1;21;Germany;75;74;76;74;29535;Opel Arena;1824;2;4.0;;128000000.0;26.36;24.04;216158;257191;257191;257191;236295;244257.0;257191;257191.0;Pressure On Heavy Touch;51;61;;;;;;Long Ball;Direct Passing;61;3;3;3;;;;;;;;
189;/team/189/bologna/230002;23;2;26.09.2022;Bologna;31;Serie A;1;27;Italy;75;78;74;73;95726;Euro Arena;110374;2;4.0;;130000000.0;27.82;24.32;193361;184200;237819;184200;184200;184200.0;193361;193361.0;Balanced;61;61;;;;;;Fast Build Up;Forward Runs;61;7;3;3;;;;;;;;
206;/team/206/hellas-verona/230002;23;2;26.09.2022;Hellas Verona;31;Serie A;1;27;Italy;75;74;76;74;22877956;Sanderson Park (FIFA 13 NEW generic);48;1;3.0;;99000000.0;27.27;25.2;195272;212127;258683;212127;212127;231835.0;212127;212127.0;Press After Possession Loss;51;61;;;;;;Slow Build Up;Possession;61;5;3;3;;;;;;;;
326;/team/326/fenerbahce-sk/230002;23;2;26.09.2022;Fenerbahçe;68;Super Lig;1;48;Turkey;75;76;75;75;523923;Waldstadion (Fussballstadion);325;6;9.0;;42000000.0;27.27;25.85;243647;225403;206006;225403;225403;185422.0;233478;225403.0;Press After Possession Loss;61;71;;;;;;Fast Build Up;Forward Runs;51;6;3;3;;;;;;;;
452;/team/452/rcd-espanyol-de-barcelona/230002;23;2;26.09.2022;Espanyol;53;La Liga 2;1;45;Spain;75;80;76;74;466541;RCDE Stadium;241;3;5.0;;60000000.0;27.91;23.88;192816;228326;202648;202648;228326;173608.0;202648;202648.0;Press After Possession Loss;61;51;;;;;;Fast Build Up;Forward Runs;61;4;3;3;;;;;;;;
462;/team/462/real-valladolid-cf/230002;23;2;26.09.2022;Real Valladolid;53;La Liga 2;1;45;Spain;75;74;74;74;1068543;Estadio José Zorrilla;459;1;4.0;;11000000.0;27.36;25.78;204277;241933;241933;241933;241933;204277.0;241933;241933.0;Pressure On Heavy Touch;51;51;;;;;;Slow Build Up;Possession;51;3;3;3;;;;;;;;
480;/team/480/rayo-vallecano/230002;23;2;26.09.2022;Rayo Vallecano;53;La Liga;1;45;Spain;75;76;75;75;19960388;Estadio de Vallecas;100888;1;3.0;;10000000.0;29.0;27.1;173030;173030;173030;173030;173030;167397.0;173030;173030.0;Balanced;61;71;;;;;;Slow Build Up;Possession;61;7;3;3;;;;;;;;
1035;/team/1035/clube-atletico-mineiro/230002;23;2;26.09.2022;Atlético Mineiro;7;Serie A;1;54;Brazil;75;73;77;76;526194;O Dromo;567;7;7.0;;100000000.0;28.55;28.0;230384;230384;230384;230384;230384;230463.0;230463;230463.0;Pressure On Heavy Touch;61;51;;;;;;Slow Build Up;Possession;71;6;3;3;;;;;;;;
1877;/team/1877/boca-juniors/230002;23;2;26.09.2022;Boca Juniors;353;Liga Profesional;1;52;Argentina;75;75;74;75;407742;La Bombonera;1876;9;10.0;;199400000.0;28.55;26.93;201862;220334;201862;220334;220334;215061.0;220334;214040.0;Balanced;51;61;;;;;;Fast Build Up;Forward Runs;71;6;3;3;;;;;;;;
1896;/team/1896/sc-braga/230002;23;2;26.09.2022;Sporting Braga;308;Liga Portugal;1;38;Portugal;75;74;76;73;37522422;Forest Park Stadium (Square Ground);1887;3;8.0;;100000000.0;25.64;23.72;213516;213516;226370;213516;212230;212230.0;212230;212230.0;Pressure On Heavy Touch;41;51;;;;;;Long Ball;Direct Passing;61;4;3;3;;;;;;;;
1925;/team/1925/brentford/230002;23;2;26.09.2022;Brentford;13;Premier League;1;14;England;75;75;74;75;24427744;Stadium_450;15;1;1.0;;195000000.0;25.36;24.23;194201;243014;229723;243014;243014;212228.0;229723;229723.0;Press After Possession Loss;51;41;;;;;;Fast Build Up;Forward Runs;51;4;3;3;;;;;;;;
1968;/team/1968/cadiz-cf/230002;23;2;26.09.2022;Cádiz;53;La Liga;1;45;Spain;75;75;75;75;184794;Nuevo Mirandilla;573;1;4.0;;5000000.0;30.18;26.7;199247;229788;229788;199354;229788;146439.0;229788;199354.0;Balanced;41;41;;;;;;Long Ball;Direct Passing;81;5;3;3;;;;;;;;
111811;/team/111811/ac-monza/230002;23;2;26.09.2022;Monza;31;Serie A;1;27;Italy;75;75;74;74;128295;Crown Lane;1745;2;3.0;;45000000.0;25.36;26.36;239613;229857;229857;229857;229857;202848.0;229857;229857.0;Balanced;61;51;;;;;;Fast Build Up;Forward Runs;61;3;3;3;;;;;;;;
111974;/team/111974/us-sassuolo-calcio/230002;23;2;26.09.2022;Sassuolo;31;Serie A;1;27;Italy;75;73;77;73;367568;Forest Park Stadium (Square Ground);189;3;4.0;;110000000.0;25.64;24.42;224808;224030;224030;224030;243593;235842.0;243593;224030.0;Press After Possession Loss;51;61;;;;;;Slow Build Up;Possession;61;5;3;3;;;;;;;;
31;/team/31/1-fc-koln/230002;23;2;26.09.2022;FC Köln;19;Bundesliga;1;21;Germany;74;70;73;75;29676;RheinEnergieStadion;23;3;4.0;;136500000.0;25.36;24.32;208334;195038;195038;195038;195038;208334.0;195038;195038.0;Press After Possession Loss;51;61;;;;;;Long Ball;Direct Passing;71;5;3;3;;;;;;;;
36;/team/36/vfb-stuttgart/230002;23;2;26.09.2022;VfB Stuttgart;19;Bundesliga;1;21;Germany;74;74;72;73;45305;Mercedes-Benz Arena (Stuttgart);25;4;3.0;;279100000.0;24.0;22.5;232487;243388;243388;215441;243388;245940.0;243388;243388.0;Balanced;51;51;;;;;;Balanced;Balanced;71;6;3;3;;;;;;;;
54;/team/54/torino-fc/230002;23;2;26.09.2022;Torino;31;Serie A;1;27;Italy;74;75;75;73;127980;Sanderson Park (FIFA 13 NEW generic);45;4;5.0;;125000000.0;25.36;23.79;236699;236699;236699;236699;236699;219932.0;236699;236699.0;Balanced;31;41;;;;;;Fast Build Up;Forward Runs;61;3;3;3;;;;;;;;
71;/team/71/fc-nantes/230002;23;2;26.09.2022;Nantes;16;Ligue 1;1;18;France;74;75;75;73;459054;Estadio de las Artes (Generic Stadium NG);74;2;5.0;;75000000.0;26.82;25.21;231691;231102;226515;231102;216820;231102.0;216820;261616.0;Pressure On Heavy Touch;51;61;;;;;;Balanced;Balanced;71;3;3;3;;;;;;;;
78;/team/78/celtic/230002;23;2;26.09.2022;Celtic;50;Premiership;1;42;Scotland;74;73;74;73;896805;Eastpoint Arena (Football Ground);86;5;10.0;;65000000.0;25.64;25.25;211093;257771;257771;257771;257771;257771.0;234570;257771.0;Press After Possession Loss;61;81;;;;;;Slow Build Up;Possession;71;8;3;3;;;;;;;;
86;/team/86/rangers-fc/230002;23;2;26.09.2022;Rangers;50;Premiership;1;42;Scotland;74;73;74;73;23237;Eastpoint Arena (Football Ground);78;5;10.0;;55000000.0;27.45;26.39;195479;195479;195479;241673;195479;195479.0;195479;195479.0;Pressure On Heavy Touch;51;71;;;;;;Slow Build Up;Possession;71;8;3;3;;;;;;;;
166;/team/166/hertha-bsc/230002;23;2;26.09.2022;Hertha BSC;19;2. Bundesliga;1;21;Germany;74;73;74;73;458610;Olympiastadion;1831;4;3.0;;410000000.0;25.18;24.94;192557;192557;192557;192557;192557;231416.0;192557;192557.0;Pressure On Heavy Touch;41;51;;;;;;Long Ball;Direct Passing;61;4;3;3;;;;;;;;
246;/team/246/feyenoord/230002;23;2;26.09.2022;Feyenoord;10;Eredivisie;1;34;Netherlands;74;73;74;75;23180;Eastpoint Arena (Football Ground);245;4;8.0;;222800000.0;24.0;22.71;243245;243245;243245;243245;243245;239881.0;243245;243245.0;Press After Possession Loss;61;61;;;;;;Balanced;Balanced;61;5;3;3;;;;;;;;
266;/team/266/sk-slavia-praha/230002;23;2;26.09.2022;Slavia Praha;319;Fortuna Liga;1;12;Czech Republic;74;72;74;72;455705;Stade Municipal;267;6;10.0;;70000000.0;26.45;26.19;251116;243665;251116;243665;243665;245850.0;270055;270055.0;Pressure On Heavy Touch;61;61;;;;;;Fast Build Up;Forward Runs;71;5;3;3;;;;;;;;
278;/team/278/aek-athens/230002;23;2;26.09.2022;AEK Athens;63;Super League;1;22;Greece;74;76;73;73;896756;Waldstadion (Fussballstadion);1884;5;9.0;;65000000.0;30.45;26.96;198145;208224;208224;208224;190059;208224.0;208224;208224.0;Balanced;51;61;;;;;;Slow Build Up;Possession;51;4;3;3;;;;;;;;
327;/team/327/besiktas-jk/230002;23;2;26.09.2022;Beºiktaº;68;Super Lig;1;48;Turkey;74;75;74;74;896570;Waldstadion (Fussballstadion);326;6;8.0;;35000000.0;27.27;26.08;193945;210372;216814;210372;210372;210372.0;216814;210372.0;Press After Possession Loss;51;71;;;;;;Fast Build Up;Forward Runs;71;6;3;3;;;;;;;;
453;/team/453/rcd-mallorca/230002;23;2;26.09.2022;Mallorca;53;La Liga;1;45;Spain;74;74;74;74;896798;Visit Mallorca Estadi;483;1;3.0;;8000000.0;27.82;26.06;228805;187924;187924;187924;187924;198451.0;198451;198451.0;Balanced;51;51;;;;;;Balanced;Balanced;61;3;3;3;;;;;;;;
468;/team/468/elche-cf/230002;23;2;26.09.2022;Elche;53;La Liga 2;1;45;Spain;74;75;74;73;467859;El Libertador (La Bombastico);1853;1;2.0;;5000000.0;29.09;26.57;189172;189172;214944;189172;189172;189172.0;214944;214944.0;Balanced;51;51;;;;;;Long Ball;Direct Passing;51;3;3;3;;;;;;;;
605;/team/605/al-hilal/230002;23;2;26.09.2022;Al Hilal;350;Pro League;1;183;Saudi Arabia;74;76;75;71;1552810;King Fahd International Stadium;112139;7;10.0;;135600000.0;30.45;26.93;191269;191269;191269;191269;191269;210602.0;203299;191269.0;Press After Possession Loss;51;61;;;;;;Fast Build Up;Forward Runs;51;4;3;3;;;;;;;;
1039;/team/1039/club-athletico-paranaense/230002;23;2;26.09.2022;Athletico Paranaense;7;Serie A;1;54;Brazil;74;74;72;75;452916;Stade Municipal;1053;4;5.0;;77000000.0;27.82;27.2;230375;230267;230274;230274;230267;230497.0;230274;230355.0;Balanced;51;61;;;;;;Slow Build Up;Possession;51;3;3;3;;;;;;;;
1048;/team/1048/internacional/230002;23;2;26.09.2022;Internacional;7;Serie A;1;54;Brazil;74;71;73;75;459701;O Dromo;1043;6;7.0;;35000000.0;27.09;26.8;230313;230183;230276;230183;230431;230183.0;230431;230183.0;Balanced;51;51;;;;;;Long Ball;Direct Passing;61;4;3;3;;;;;;;;
1831;/team/1831/1-fc-union-berlin/230002;23;2;26.09.2022;FC Union Berlin;19;Bundesliga;1;21;Germany;74;75;73;74;455712;Stadion An der Alten Försterei;166;3;3.0;;95500000.0;27.18;25.68;193254;193254;211999;193254;193254;227558.0;193254;193254.0;Pressure On Heavy Touch;41;41;;;;;;Long Ball;Direct Passing;71;4;3;3;;;;;;;;
1837;/team/1837/uc-sampdoria/230002;23;2;26.09.2022;Sampdoria;31;Serie B;1;27;Italy;74;76;72;73;127597;Stadion Europa (Generic Europe 2);110556;3;4.0;;152000000.0;28.0;26.89;199763;237499;237499;237499;237499;189053.0;237499;237499.0;Balanced;51;61;;;;;;Slow Build Up;Possession;51;6;3;3;;;;;;;;
1861;/team/1861/union-deportiva-almeria/230002;23;2;26.09.2022;Almería;53;La Liga;1;45;Spain;74;74;73;72;524461;Arena d'Oro;573;1;2.0;;47000000.0;25.45;24.58;235008;235008;235008;235008;235008;243134.0;235008;235008.0;Balanced;41;51;;;;;;Slow Build Up;Possession;71;4;3;3;;;;;;;;
1943;/team/1943/afc-bournemouth/230002;23;2;26.09.2022;AFC Bournemouth;13;Premier League;1;14;England;74;75;73;73;270;Vitality Stadium;17;1;2.0;;200000000.0;25.82;25.5;231512;213884;213884;213884;213884;225539.0;213884;213884.0;Press After Possession Loss;61;51;;;;;;Slow Build Up;Possession;71;5;3;3;;;;;;;;
100409;/team/100409/fc-augsburg/230002;23;2;26.09.2022;FC Augsburg;19;Bundesliga;1;21;Germany;74;73;74;74;38927;WWK Arena;21;3;4.0;;141300000.0;26.91;25.53;202201;237321;237321;237321;251182;237321.0;238900;237321.0;Balanced;61;51;;;;;;Long Ball;Direct Passing;61;4;3;3;;;;;;;;
101085;/team/101085/racing-club/230002;23;2;26.09.2022;Racing Club;353;Liga Profesional;1;52;Argentina;74;72;74;74;128851;Estadio Presidente Perón (El Cilindro);110093;8;9.0;;78100000.0;29.55;27.36;215135;179765;214988;179765;179765;238332.0;214988;247156.0;Balanced;61;71;;;;;;Slow Build Up;Possession;61;3;3;3;;;;;;;;
110062;/team/110062/girona-fc/230002;23;2;26.09.2022;Girona;53;La Liga;1;45;Spain;74;76;75;71;186018;Estadio de Montilivi;452;1;1.0;;8000000.0;27.45;24.5;186537;194761;194761;194761;194761;186537.0;194761;194761.0;Balanced;41;51;;;;;;Slow Build Up;Possession;51;6;3;3;;;;;;;;
110373;/team/110373/us-salernitana-1919/230002;23;2;26.09.2022;Salernitana;31;Serie A;1;27;Italy;74;75;75;72;364995;Stadio Classico;48;1;3.0;;70000000.0;28.18;25.81;179847;173221;173221;173221;203535;173221.0;203535;173221.0;Pressure On Heavy Touch;51;51;;;;;;Fast Build Up;Forward Runs;71;5;3;3;;;;;;;;
110832;/team/110832/granada-cf/230002;23;2;26.09.2022;Granada;54;La Liga;2;45;Spain;74;76;75;71;896473;Estadio Nuevo Los Cármenes;573;1;9.0;;55000000.0;28.55;26.43;209937;213577;213577;213577;213577;185020.0;185020;185020.0;Balanced;41;51;;;;;;Fast Build Up;Forward Runs;71;3;3;3;;;;;;;;
112472;/team/112472/rb-bragantino/230002;23;2;26.09.2022;Bragantino;7;Serie A;1;54;Brazil;74;74;74;75;1552696;Arena del Centenario (Estadio del Pueblo);1041;1;1.0;;18000000.0;27.09;26.8;230256;230281;230251;230291;230281;230294.0;230360;230256.0;Press After Possession Loss;61;61;;;;;;Balanced;Balanced;71;3;3;3;;;;;;;;
112996;/team/112996/los-angeles-fc/230002;23;2;26.09.2022;Los Angeles FC;39;Major League Soccer;1;95;United States;74;79;73;73;29838;458;697;2;8.0;;427500000.0;28.91;25.61;169416;169416;169416;169416;169416;169416.0;169416;173731.0;Press After Possession Loss;41;61;;;;;;Balanced;Balanced;51;6;3;3;;;;;;;;
34;/team/34/fc-schalke-04/230002;23;2;26.09.2022;Schalke 04;19;2. Bundesliga;1;21;Germany;73;74;72;73;37336957;Veltins-Arena;22;4;2.0;;400100000.0;26.27;25.93;191648;229155;251377;229155;229155;183714.0;229155;229155.0;Pressure On Heavy Touch;51;51;;;;;;Balanced;Balanced;51;4;3;3;;;;;;;;
38;/team/38/sv-werder-bremen/230002;23;2;26.09.2022;Werder Bremen;19;Bundesliga;1;21;Germany;73;75;71;73;20693423;Wohninvest Weserstadion;28;3;2.0;;141700000.0;27.73;24.25;237595;197031;197031;197031;197031;205431.0;197031;197031.0;Pressure On Heavy Touch;51;51;;;;;;Balanced;Balanced;61;6;3;3;;;;;;;;
160;/team/160/vfl-bochum-1848/230002;23;2;26.09.2022;VfL Bochum 1848;19;Bundesliga;1;21;Germany;73;73;73;73;526236;Stadion Neder;34;1;1.0;;52300000.0;30.0;27.0;199288;204497;204497;204497;204497;206606.0;204497;204497.0;Pressure On Heavy Touch;41;51;;;;;;Long Ball;Direct Passing;71;5;3;3;;;;;;;;
211;/team/211/dinamo-zagreb/230002;23;2;26.09.2022;Dinamo Zagreb;317;1. HNL;1;10;Croatia;73;73;72;72;474483;Euro Arena;263;5;10.0;;150000000.0;25.82;25.18;216350;221174;221174;221174;266063;221174.0;221174;266063.0;Balanced;51;51;;;;;;Balanced;Balanced;61;5;3;3;;;;;;;;
230;/team/230/royal-antwerp-fc/230002;23;2;26.09.2022;Antwerp;4;Jupiler Pro League;1;7;Belgium;73;72;72;73;24381;Forest Park Stadium (Square Ground);231;5;8.0;;100000000.0;26.09;25.18;184087;178518;178518;178518;178518;226537.0;178518;233151.0;Balanced;51;51;;;;;;Balanced;Balanced;61;3;3;3;;;;;;;;
267;/team/267/ac-sparta-praha/230002;23;2;26.09.2022;Sparta Praha;319;Fortuna Liga;1;12;Czech Republic;73;75;72;72;82974;Waldstadion (Fussballstadion);266;4;9.0;;60000000.0;26.45;25.43;203604;212045;256970;212045;212045;256970.0;256970;263288.0;Pressure On Heavy Touch;61;61;;;;;;Slow Build Up;Possession;61;5;3;3;;;;;;;;
378;/team/378/stade-brestois-29/230002;23;2;26.09.2022;Brest;16;Ligue 1;1;18;France;73;74;74;72;456603;Crown Lane;62;1;3.0;;45000000.0;27.09;25.0;215410;220876;220876;220876;220876;220876.0;220876;220876.0;Balanced;61;51;;;;;;Slow Build Up;Possession;71;5;3;3;;;;;;;;
598;/team/598/sao-paulo/230002;23;2;26.09.2022;S?o Paulo;7;Serie A;1;54;Brazil;73;72;73;73;215856;El Monumento (Estadio Latino);383;6;9.0;;50000000.0;29.27;29.0;230385;230385;230385;230385;230385;230385.0;230385;230385.0;Pressure On Heavy Touch;41;71;;;;;;Slow Build Up;Possession;61;7;3;3;;;;;;;;
674;/team/674/kaa-gent/230002;23;2;26.09.2022;Gent;4;Jupiler Pro League;1;7;Belgium;73;72;71;73;896519;Stadion Neder;231;5;9.0;;150000000.0;26.55;25.29;176009;176009;176009;176009;176009;233630.0;176009;176009.0;Pressure On Heavy Touch;51;71;;;;;;Slow Build Up;Possession;61;6;3;3;;;;;;;;
1041;/team/1041/sport-club-corinthians-paulista/230002;23;2;26.09.2022;Corinthians;7;Serie A;1;54;Brazil;73;74;73;74;9938631;Estadio Presidente G.Lopes;383;7;8.0;;134000000.0;27.09;27.2;230258;230470;230470;230470;230470;230258.0;230380;230364.0;Balanced;51;61;;;;;;Balanced;Balanced;51;3;3;3;;;;;;;;
1053;/team/1053/santos/230002;23;2;26.09.2022;Santos;7;Serie A;1;54;Brazil;73;74;72;73;37662210;Arena del Centenario (Estadio del Pueblo);1035;8;7.0;;40000000.0;28.18;27.8;230498;230464;230464;230464;230464;230475.0;230461;230461.0;Balanced;51;61;;;;;;Fast Build Up;Forward Runs;51;4;3;3;;;;;;;;
1746;/team/1746/empoli/230002;23;2;26.09.2022;Empoli;31;Serie A;1;27;Italy;73;74;73;72;127616;Euro Arena;110374;1;2.0;;50000000.0;25.18;24.39;231428;235813;235813;235813;235813;235813.0;237640;237640.0;Press After Possession Loss;41;71;;;;;;Slow Build Up;Possession;51;7;3;3;;;;;;;;
1795;/team/1795/watford/230002;23;2;26.09.2022;Watford;14;Championship;2;14;England;73;74;71;74;455343;Vicarage Road;1923;2;9.0;;150000000.0;25.64;24.87;180706;213750;213750;213750;213750;235353.0;213750;213750.0;Balanced;51;51;;;;;;Fast Build Up;Forward Runs;61;4;3;3;;;;;;;;
1796;/team/1796/burnley/230002;23;2;26.09.2022;Burnley;14;Premier League;2;14;England;73;73;72;72;236;Turf Moor;3;1;9.0;;155000000.0;26.09;24.87;169706;220659;220659;220659;220659;169792.0;191076;191076.0;Pressure On Heavy Touch;51;61;;;;;;Slow Build Up;Possession;61;5;3;3;;;;;;;;
1853;/team/1853/levante-union-deportiva/230002;23;2;26.09.2022;Levante;54;La Liga 2;2;45;Spain;73;73;75;72;611;Estadio Ciutat de Val?ncia;461;1;9.0;;49000000.0;27.91;25.7;189560;230786;230786;230786;230786;232381.0;230786;230786.0;Balanced;61;51;;;;;;Balanced;Balanced;71;4;3;3;;;;;;;;
1884;/team/1884/panathinaikos-fc/230002;23;2;26.09.2022;Panathinaikos;63;Super League;1;22;Greece;73;73;71;72;11311416;Stadio Classico;278;4;7.0;;45000000.0;28.82;26.64;208260;231433;190156;231433;231433;231433.0;231433;231433.0;Pressure On Heavy Touch;51;61;;;;;;Fast Build Up;Forward Runs;61;4;3;3;;;;;;;;
1906;/team/1906/az-alkmaar/230002;23;2;26.09.2022;AZ Alkmaar;10;Eredivisie;1;34;Netherlands;73;74;74;72;459182;Stadion Neder;245;3;8.0;;96500000.0;24.64;22.33;199550;231836;231836;231836;231836;231836.0;231836;231836.0;Press After Possession Loss;61;61;;;;;;Slow Build Up;Possession;51;5;3;3;;;;;;;;
101014;/team/101014/istanbul-basaksehir-fk/230002;23;2;26.09.2022;?stanbul Baºakºehir;68;Super Lig;1;48;Turkey;73;76;73;72;380;Stadion Neder;325;5;8.0;;20000000.0;29.0;28.16;182670;158963;158963;158963;207948;158963.0;158963;158963.0;Balanced;61;51;;;;;;Slow Build Up;Possession;61;5;3;3;;;;;;;;
101047;/team/101047/dynamo-kyiv/230002;23;2;26.09.2022;Dynamo Kyiv;332;Premier League;1;49;Ukraine;73;70;75;72;459149;Stadion Olympik;101059;6;10.0;;100000000.0;25.91;24.93;220948;244374;244369;244369;244374;244369.0;244374;244374.0;Pressure On Heavy Touch;61;51;;;;;;Balanced;Balanced;71;6;3;3;;;;;;;;
101088;/team/101088/velez-sarsfield/230002;23;2;26.09.2022;Vélez Sarsfield;353;Liga Profesional;1;52;Argentina;73;74;71;73;260206;Estadio Nacional (El Medio);1013;6;8.0;;70000000.0;27.18;25.39;267991;246423;246423;246423;246423;184252.0;246423;246423.0;Press After Possession Loss;61;61;;;;;;Balanced;Balanced;61;3;3;3;;;;;;;;
110468;/team/110468/fc-viktoria-plzen/230002;23;2;26.09.2022;Viktoria Plzeò;319;Fortuna Liga;1;12;Czech Republic;73;73;73;72;19996749;Court Lane;266;4;9.0;;40000000.0;27.73;27.38;199244;251221;251221;251221;251221;244788.0;236547;244788.0;Balanced;51;51;;;;;;Long Ball;Direct Passing;71;5;3;3;;;;;;;;
109;/team/109/west-bromwich-albion/230002;23;2;26.09.2022;West Bromwich Albion;14;Championship;2;14;England;72;73;72;71;37453069;The Hawthorns;110;1;7.0;;137000000.0;26.55;25.6;235405;211506;211506;211506;211506;225668.0;223877;211506.0;Press After Possession Loss;51;61;;;;;;Fast Build Up;Forward Runs;61;3;3;3;;;;;;;;
191;/team/191/fc-red-bull-salzburg/230002;23;2;26.09.2022;Salzburg;80;Bundesliga;1;4;Austria;72;73;73;72;30314;Waldstadion (Fussballstadion);254;6;10.0;;175000000.0;22.82;22.29;169324;258775;257876;258775;258775;258775.0;257876;258775.0;Press After Possession Loss;51;71;;;;;;Fast Build Up;Forward Runs;61;5;3;3;;;;;;;;
229;/team/229/rsc-anderlecht/230002;23;2;26.09.2022;Anderlecht;4;Jupiler Pro League;1;7;Belgium;72;70;72;73;1030184;Stade Municipal;232;5;9.0;;130000000.0;24.45;22.86;204308;164878;203886;164878;164878;164878.0;164878;164878.0;Pressure On Heavy Touch;61;71;;;;;;Balanced;Balanced;61;8;3;3;;;;;;;;
294;/team/294/estac-troyes/230002;23;2;26.09.2022;Troyes;16;Ligue 2;1;18;France;72;73;73;69;1477272;Stadion Neder;379;1;2.0;;40000000.0;25.82;24.32;209618;209618;209618;209618;209618;209618.0;209618;209618.0;Balanced;41;51;;;;;;Balanced;Balanced;61;5;3;3;;;;;;;;
379;/team/379/stade-de-reims/230002;23;2;26.09.2022;Stade de Reims;16;Ligue 1;1;18;France;72;72;73;72;523909;Stade Municipal;294;1;4.0;;65000000.0;25.09;23.57;206493;221919;221919;221919;221919;247463.0;221919;221919.0;Balanced;61;41;;;;;;Fast Build Up;Forward Runs;71;3;3;3;;;;;;;;
393;/team/393/paok/230002;23;2;26.09.2022;PAOK;63;Super League;1;22;Greece;72;73;72;68;458545;Stadio Classico;278;4;9.0;;80000000.0;24.55;25.68;221422;202061;202061;202061;202061;202061.0;220746;220746.0;Pressure On Heavy Touch;51;51;;;;;;Slow Build Up;Possession;51;4;3;3;;;;;;;;
467;/team/467/sd-eibar/230002;23;2;26.09.2022;SD Eibar;54;La Liga 2;2;45;Spain;72;72;71;71;883095;Municipal de Ipurua;457;1;8.0;;29000000.0;29.0;27.04;199986;213937;213937;213937;213937;244197.0;244197;244197.0;Press After Possession Loss;51;71;;;;;;Slow Build Up;Possession;61;7;3;3;;;;;;;;
472;/team/472/union-deportiva-las-palmas/230002;23;2;26.09.2022;Las Palmas;54;La Liga;2;45;Spain;72;71;73;71;7330518;Estadio de Gran Canaria;260;1;8.0;;45000000.0;27.18;25.25;198164;198164;198164;198164;198164;198164.0;198164;198164.0;Press After Possession Loss;41;71;;;;;;Slow Build Up;Possession;61;6;3;3;;;;;;;;
567;/team/567/fluminense/230002;23;2;26.09.2022;Fluminense;7;Serie A;1;54;Brazil;72;74;73;71;459133;O Dromo;1043;4;9.0;;30000000.0;27.82;27.6;230271;230337;230271;230337;230337;230278.0;230337;230337.0;Balanced;51;51;;;;;;Slow Build Up;Possession;51;4;3;3;;;;;;;;
673;/team/673/krc-genk/230002;23;2;26.09.2022;Genk;4;Jupiler Pro League;1;7;Belgium;72;74;70;71;3533861;Waldstadion (Fussballstadion);680;5;8.0;;140000000.0;23.91;22.43;229659;229659;229659;229659;244791;212382.0;229659;253150.0;Pressure On Heavy Touch;61;61;;;;;;Balanced;Balanced;61;5;3;3;;;;;;;;
741;/team/741/antalyaspor/230002;23;2;26.09.2022;Antalyaspor;68;Super Lig;1;48;Turkey;72;71;73;70;4115;Stadion Olympik;113142;3;5.0;;10600000.0;30.09;28.15;178283;202642;202642;202642;186651;180826.0;202642;202642.0;Balanced;61;51;;;;;;Long Ball;Direct Passing;61;4;3;3;;;;;;;;
819;/team/819/fc-kobenhavn/230002;23;2;26.09.2022;K?benhavn;1;Superliga;1;13;Denmark;72;75;72;71;117955;Eastpoint Arena (Football Ground);269;4;10.0;;64300000.0;26.36;24.82;168621;207554;201303;207554;207554;201943.0;259762;259762.0;Balanced;51;61;;;;;;Fast Build Up;Forward Runs;61;6;3;3;;;;;;;;
1530;/team/1530/angers-sco/230002;23;2;26.09.2022;Angers SCO;16;Ligue 2;1;18;France;72;73;72;71;37331744;Forest Park Stadium (Square Ground);1814;1;3.0;;45000000.0;25.82;24.52;213296;211381;211381;211381;211381;211381.0;211381;211381.0;Balanced;41;51;;;;;;Balanced;Balanced;61;4;3;3;;;;;;;;
1792;/team/1792/norwich-city/230002;23;2;26.09.2022;Norwich City;14;Championship;2;14;England;72;75;71;72;524237;Carrow Road;94;1;9.0;;145000000.0;26.18;24.73;198904;256051;225748;256051;256051;190362.0;225748;225748.0;Pressure On Heavy Touch;61;51;;;;;;Slow Build Up;Possession;61;3;3;3;;;;;;;;
1794;/team/1794/sheffield-united/230002;23;2;26.09.2022;Sheffield United;14;Premier League;2;14;England;72;70;73;71;10127;Bramall Lane;1807;1;8.0;;149500000.0;26.64;25.13;204936;228092;186143;186143;228092;186143.0;186143;189177.0;Balanced;61;61;;;;;;Balanced;Balanced;51;3;3;3;;;;;;;;
101016;/team/101016/adana-demirspor/230002;23;2;26.09.2022;Adana Demirspor;68;Super Lig;1;48;Turkey;72;74;71;74;524030;Stadion Europa (Generic Europe 2);741;1;2.0;;14600000.0;30.36;27.5;158810;209289;209289;195861;209289;193738.0;193738;193738.0;Balanced;51;51;;;;;;Fast Build Up;Forward Runs;51;5;3;3;;;;;;;;
101083;/team/101083/estudiantes-de-la-plata/230002;23;2;26.09.2022;Estudiantes;353;Liga Profesional;1;52;Argentina;72;74;72;72;6972914;Stadio Classico;101084;6;7.0;;90500000.0;29.18;27.22;173857;246771;246771;246771;246771;161938.0;215155;215155.0;Balanced;51;51;;;;;;Balanced;Balanced;71;4;3;3;;;;;;;;
110093;/team/110093/club-atletico-independiente/230002;23;2;26.09.2022;Independiente;353;Liga Profesional;1;52;Argentina;72;71;73;71;456309;Estadio Libertadores de América;101085;7;9.0;;182300000.0;29.18;25.93;215119;208054;208054;208054;208054;208054.0;208054;208054.0;Balanced;51;51;;;;;;Slow Build Up;Possession;71;5;3;3;;;;;;;;
110406;/team/110406/club-atletico-colon/230002;23;2;26.09.2022;Colón;353;Liga Profesional;1;52;Argentina;72;74;72;71;37664710;Stadio Classico;111716;3;5.0;;23500000.0;26.91;26.68;192906;235176;235176;235176;235176;235176.0;235176;235176.0;Balanced;41;51;;;;;;Fast Build Up;Forward Runs;51;4;3;3;;;;;;;;
110741;/team/110741/spezia/230002;23;2;26.09.2022;Spezia;31;Serie B;1;27;Italy;72;73;72;72;37351217;Stadion 23. Maj;110556;1;1.0;;76000000.0;26.0;24.41;220491;225844;225189;225189;225844;240452.0;234760;181318.0;Balanced;51;61;;;;;;Fast Build Up;Forward Runs;61;5;3;3;;;;;;;;
111008;/team/111008/club-libertad/230002;23;2;26.09.2022;Libertad;337;Primera División;1;58;Paraguay;72;72;70;72;472575;Arena del Centenario (Estadio del Pueblo);101108;5;9.0;;52600000.0;30.91;30.04;198653;204699;269278;204699;204699;25798.0;253239;253239.0;Balanced;51;37;;;;;;Slow Build Up;Possession;61;6;3;3;;;;;;;;
111059;/team/111059/ceara-sporting-club/230002;23;2;26.09.2022;Ceará;7;Serie A;1;54;Brazil;72;71;72;72;95058;O Dromo;111052;2;2.0;;6300000.0;29.64;27.6;230502;230515;230502;230515;230515;230465.0;230252;230252.0;Balanced;51;51;;;;;;Balanced;Balanced;71;3;3;3;;;;;;;;
111434;/team/111434/us-cremonese/230002;23;2;26.09.2022;Cremonese;31;Serie B;1;27;Italy;72;73;72;70;1553203;Stadio Classico;190;1;1.0;;38000000.0;25.55;24.84;205943;235935;235935;235935;235935;222262.0;235935;235935.0;Balanced;51;51;;;;;;Balanced;Balanced;51;6;3;3;;;;;;;;
112119;/team/112119/atletico-clube-goianiense/230002;23;2;26.09.2022;Atlético GO;7;Serie A;1;54;Brazil;72;71;71;73;158416;Arena d'Oro;115530;2;2.0;;3800000.0;27.09;26.4;236072;230237;230488;230237;230237;230298.0;236073;230237.0;Balanced;41;41;;;;;;Fast Build Up;Forward Runs;71;3;3;3;;;;;;;;
112139;/team/112139/al-nassr/230002;23;2;26.09.2022;Al Nassr;350;Pro League;1;183;Saudi Arabia;72;78;70;73;523905;Stade Municipal;605;5;9.0;;99800000.0;28.55;26.93;232477;212523;212523;212523;212523;212523.0;212523;232477.0;Pressure On Heavy Touch;41;61;;;;;;Fast Build Up;Forward Runs;61;5;3;3;;;;;;;;
12;/team/12/middlesbrough/230002;23;2;26.09.2022;Middlesbrough;14;Championship;2;14;England;71;71;71;72;37664674;Riverside Stadium;13;1;7.0;;67000000.0;25.36;24.8;183422;213798;213798;243608;213798;264337.0;183422;243608.0;Balanced;61;41;;;;;;Balanced;Balanced;71;5;3;3;;;;;;;;
28;/team/28/hamburger-sv/230002;23;2;26.09.2022;Hamburger SV;20;2. Bundesliga;2;21;Germany;71;70;72;71;1552477;Volksparkstadion;110329;2;10.0;;126400000.0;25.73;23.3;214948;199912;199912;199912;199912;236533.0;199912;199912.0;Pressure On Heavy Touch;61;71;;;;;;Slow Build Up;Possession;71;6;3;3;;;;;;;;
57;/team/57/aj-auxerre/230002;23;2;26.09.2022;Auxerre;16;Ligue 2;1;18;France;71;73;71;68;524286;Forest Park Stadium (Square Ground);294;1;1.0;;35000000.0;28.45;26.7;209698;234239;198348;198348;234239;198348.0;234239;234239.0;Pressure On Heavy Touch;41;61;;;;;;Balanced;Balanced;61;4;3;3;;;;;;;;
205;/team/205/venezia-fc/230002;23;2;26.09.2022;Venezia;32;Serie B;2;27;Italy;71;73;71;70;16827150;Town Park;206;1;7.0;;44000000.0;25.91;24.86;219956;239744;219956;242332;239744;206225.0;210384;239744.0;Press After Possession Loss;61;51;;;;;;Slow Build Up;Possession;71;5;3;3;;;;;;;;
217;/team/217/fc-lorient/230002;23;2;26.09.2022;Lorient;16;Ligue 1;1;18;France;71;68;72;70;529482;Molton Road (Sheldon Stadium);74;1;2.0;;45000000.0;25.36;23.56;213367;246350;246350;246350;246350;255000.0;213367;246350.0;Balanced;61;51;;;;;;Fast Build Up;Forward Runs;61;5;3;3;;;;;;;;
260;/team/260/cd-tenerife/230002;23;2;26.09.2022;Tenerife;54;La Liga 2;2;45;Spain;71;71;71;70;455944;Estadio Presidente G.Lopes;472;1;8.0;;7000000.0;29.64;25.73;142499;229207;229207;229207;229207;243993.0;142499;229207.0;Pressure On Heavy Touch;71;61;;;;;;Balanced;Balanced;51;3;3;3;;;;;;;;
263;/team/263/hajduk-split/230002;23;2;26.09.2022;Hajduk Split;317;1. HNL;1;10;Croatia;71;72;70;70;456549;Stadion Hanguk;211;3;9.0;;45000000.0;26.64;25.96;220932;205855;205855;205855;205855;205855.0;263056;263056.0;Balanced;51;61;;;;;;Fast Build Up;Forward Runs;51;3;3;3;;;;;;;;
347;/team/347/lecce/230002;23;2;26.09.2022;Lecce;31;Serie A;1;27;Italy;71;72;69;73;455848;Stadio Classico;1848;1;2.0;;53000000.0;24.82;23.24;244669;235949;244669;235949;235949;244669.0;230681;230681.0;Pressure On Heavy Touch;51;61;;;;;;Fast Build Up;Forward Runs;71;3;3;3;;;;;;;;
463;/team/463/deportivo-alaves/230002;23;2;26.09.2022;Deportivo Alavés;54;La Liga;2;45;Spain;71;70;71;72;16111977;Estadio de Mendizorroza;448;1;9.0;;13000000.0;26.64;23.87;226637;158144;158144;158144;158144;158144.0;158144;158144.0;Balanced;51;41;;;;;;Long Ball;Direct Passing;61;3;3;3;;;;;;;;
607;/team/607/al-ittihad/230002;23;2;26.09.2022;Al Ittihad;350;Pro League;1;183;Saudi Arabia;71;76;70;68;455991;King Abdullah Sports City;605;5;8.0;;85500000.0;29.27;26.59;210648;202599;202599;202599;202599;209440.0;202599;202599.0;Pressure On Heavy Touch;51;51;;;;;;Fast Build Up;Forward Runs;61;4;3;3;;;;;;;;
900;/team/900/bsc-young-boys/230002;23;2;26.09.2022;Young Boys;189;Super League;1;47;Switzerland;71;73;71;69;407770;Waldstadion (Fussballstadion);896;5;10.0;;75800000.0;25.18;24.0;177019;234913;234913;234913;234913;;234913;234913.0;Press After Possession Loss;51;61;;;;;;Fast Build Up;Forward Runs;71;4;3;3;;;;;;;;
1516;/team/1516/fc-midtjylland/230002;23;2;26.09.2022;Midtjylland;1;Superliga;1;13;Denmark;71;68;74;71;37354876;Stadion Neder;1443;3;10.0;;31500000.0;25.55;24.15;199745;234505;234505;234505;234505;234505.0;234505;234505.0;Pressure On Heavy Touch;71;71;;;;;;Slow Build Up;Possession;61;7;3;3;;;;;;;;
1809;/team/1809/toulouse-football-club/230002;23;2;26.09.2022;Toulouse;16;Ligue 1;1;18;France;71;71;71;71;896551;Stadion Europa (Generic Europe 2);59;1;2.0;;40000000.0;25.64;23.73;201043;229158;229158;229158;229158;229158.0;229158;229158.0;Pressure On Heavy Touch;61;51;;;;;;Slow Build Up;Possession;61;5;3;3;;;;;;;;
1874;/team/1874/ferencvarosi-tc/230002;23;2;26.09.2022;Ferencváros;64;NB I.;1;23;Hungary;71;71;72;70;896300;Stadion Neder;254;4;10.0;;43000000.0;27.36;26.96;221610;204850;237566;204850;204850;204850.0;240031;240031.0;Balanced;51;51;;;;;;Fast Build Up;Forward Runs;51;5;3;3;;;;;;;;
1888;/team/1888/gil-vicente-fc/230002;23;2;26.09.2022;Gil Vicente;308;Liga Portugal;1;38;Portugal;71;73;69;70;1872907;Court Lane;112809;1;4.0;;7000000.0;25.45;25.03;18115;257899;257899;257899;257899;247138.0;257899;257899.0;Balanced;41;51;;;;;;Fast Build Up;Forward Runs;71;4;3;3;;;;;;;;
1903;/team/1903/fc-utrecht/230002;23;2;26.09.2022;FC Utrecht;10;Eredivisie;1;34;Netherlands;71;73;70;71;523972;Ivy Lane;245;2;7.0;;62100000.0;26.73;24.87;193440;198006;198006;198006;198006;189068.0;198006;198006.0;Balanced;51;51;;;;;;Balanced;Balanced;61;3;3;3;;;;;;;;
101007;/team/101007/mke-ankaragucu/230002;23;2;26.09.2022;Ankaragücü;68;Super Lig;1;48;Turkey;71;71;72;70;199825;Molton Road (Sheldon Stadium);101033;2;4.0;;4000000.0;27.64;26.9;200754;235210;235210;235210;235210;202515.0;235210;235210.0;Balanced;41;41;;;;;;Long Ball;Direct Passing;61;3;3;3;;;;;;;;
101059;/team/101059/shakhtar-donetsk/230002;23;2;26.09.2022;Shakhtar Donetsk;332;Premier League;1;49;Ukraine;71;69;72;71;456680;Donbass Arena;101047;7;10.0;;160000000.0;23.73;24.12;206413;246340;206413;246340;246340;246340.0;246340;246340.0;Pressure On Heavy Touch;41;61;;;;;;Slow Build Up;Possession;51;7;3;3;;;;;;;;
101100;/team/101100/atletico-nacional/230002;23;2;26.09.2022;Atlético Nacional;336;Liga BetPlay;1;56;Colombia;71;72;71;69;36084458;El Libertador (La Bombastico);1876;7;10.0;;46500000.0;29.09;24.79;214615;196143;196143;196143;196143;214615.0;196143;196143.0;Press After Possession Loss;41;51;;;;;;Slow Build Up;Possession;71;6;3;3;;;;;;;;
110395;/team/110395/club-atletico-lanus/230002;23;2;26.09.2022;Lanús;353;Liga Profesional;1;52;Argentina;71;68;72;69;468196;Estadio Presidente G.Lopes;110404;5;8.0;;54700000.0;28.55;25.14;152912;214772;214772;214772;214772;152912.0;214772;214772.0;Balanced;61;61;;;;;;Balanced;Balanced;61;6;3;3;;;;;;;;
110556;/team/110556/genoa/230002;23;2;26.09.2022;Genoa;32;Serie A;2;27;Italy;71;73;71;70;35571;Stadion Europa (Generic Europe 2);1837;2;10.0;;75000000.0;26.09;26.22;224378;234873;234873;234873;234873;185144.0;201144;201144.0;Press After Possession Loss;51;61;;;;;;Fast Build Up;Forward Runs;61;3;3;3;;;;;;;;
111052;/team/111052/fortaleza/230002;23;2;26.09.2022;Fortaleza;7;Serie A;1;54;Brazil;71;71;71;71;212007;O Dromo;111059;1;2.0;;4400000.0;26.0;26.0;230227;230227;230292;230227;230227;230443.0;230292;230292.0;Pressure On Heavy Touch;51;61;;;;;;Fast Build Up;Forward Runs;61;3;3;3;;;;;;;;
111144;/team/111144/seattle-sounders-fc/230002;23;2;26.09.2022;Seattle Sounders;39;Major League Soccer;1;95;United States;71;71;71;70;429937;Lumen Field;111140;4;8.0;;364500000.0;27.27;25.7;197225;197225;197225;197225;197225;197225.0;197225;197225.0;Balanced;41;51;;;;;;Balanced;Balanced;51;3;3;3;;;;;;;;
111325;/team/111325/club-nacional-de-football/230002;23;2;26.09.2022;Nacional;338;Primera Division;1;60;Uruguay;71;74;70;70;1494028;El Libertador (La Bombastico);101110;8;10.0;;55000000.0;26.64;25.89;223690;232546;266689;232546;242335;176580.0;232546;232546.0;Press After Possession Loss;61;61;;;;;;Slow Build Up;Possession;61;4;3;3;;;;;;;;
112670;/team/112670/club-atletico-talleres/230002;23;2;26.09.2022;Talleres Córdoba;353;Liga Profesional;1;52;Argentina;71;70;69;72;252450;O Dromo;111708;2;6.0;;20000000.0;26.64;25.22;215251;222693;222693;222693;222693;246471.0;222693;222693.0;Balanced;71;51;;;;;;Balanced;Balanced;71;3;3;3;;;;;;;;
112885;/team/112885/atlanta-united/230002;23;2;26.09.2022;Atlanta United;39;Major League Soccer;1;95;United States;71;71;70;68;252596;Mercedes-Benz Stadium;112606;5;8.0;;450000000.0;24.91;25.1;246033;245371;237662;245371;245371;245371.0;237662;237662.0;Pressure On Heavy Touch;51;61;;;;;;Fast Build Up;Forward Runs;61;7;3;3;;;;;;;;
113142;/team/113142/aytemiz-alanyaspor/230002;23;2;26.09.2022;Alanyaspor;68;Super Lig;1;48;Turkey;71;73;70;68;37566248;Stadion Neder;741;1;2.0;;10100000.0;26.91;25.03;234870;222515;222515;243914;222515;199737.0;222515;234870.0;Balanced;51;51;;;;;;Slow Build Up;Possession;61;6;3;3;;;;;;;;
3;/team/3/blackburn-rovers/230002;23;2;26.09.2022;Blackburn Rovers;14;Championship;2;14;England;70;69;71;69;23174;Ivy Lane;1796;1;7.0;;36000000.0;25.45;22.73;234319;233795;233795;233795;233795;233795.0;242749;242749.0;Press After Possession Loss;51;61;;;;;;Long Ball;Direct Passing;61;3;3;3;;;;;;;;
15;/team/15/queens-park-rangers/230002;23;2;26.09.2022;Queens Park Rangers;14;Championship;2;14;England;70;71;69;70;37633958;Kiyan Prince Foundation;144;1;6.0;;28000000.0;24.91;24.37;187043;238490;187043;238490;238490;247279.0;238490;238490.0;Balanced;61;61;;;;;;Balanced;Balanced;61;3;3;3;;;;;;;;
50;/team/50/parma/230002;23;2;26.09.2022;Parma;32;Serie B;2;27;Italy;70;69;71;68;130528;Arena d'Oro;189;3;10.0;;76000000.0;28.18;24.75;1179;207471;240992;207471;207471;199559.0;207471;207471.0;Balanced;41;41;;;;;;Long Ball;Direct Passing;61;5;3;3;;;;;;;;
68;/team/68/fc-metz/230002;23;2;26.09.2022;Metz;17;Ligue 1;2;18;France;70;73;68;71;2158433;Forest Park Stadium (Square Ground);76;1;9.0;;35000000.0;25.73;23.92;229236;229236;229236;239025;229236;254551.0;229236;229236.0;Balanced;51;61;;;;;;Fast Build Up;Forward Runs;51;5;3;3;;;;;;;;
80;/team/80/heart-of-midlothian/230002;23;2;26.09.2022;Hearts;50;Premiership;1;42;Scotland;70;69;69;69;5097;Ivy Lane;81;3;8.0;;7700000.0;26.91;26.21;53110;223747;223747;209729;223747;216218.0;209729;209729.0;Pressure On Heavy Touch;41;51;;;;;;Slow Build Up;Possession;81;5;3;3;;;;;;;;
97;/team/97/millwall/230002;23;2;26.09.2022;Millwall;14;Championship;2;14;England;70;70;70;70;455453;Ivy Lane;19;1;4.0;;22000000.0;27.18;25.58;216481;193185;193185;193185;193185;202052.0;193185;193185.0;Press After Possession Loss;51;41;;;;;;Long Ball;Direct Passing;51;4;3;3;;;;;;;;
159;/team/159/dsc-arminia-bielefeld/230002;23;2;26.09.2022;DSC Arminia Bielefeld;20;3. Liga;2;21;Germany;70;69;70;71;37575668;SchücoArena;10030;1;8.0;;46000000.0;25.64;24.5;222521;239712;239712;239712;239712;232225.0;239712;239712.0;Balanced;61;51;;;;;;Long Ball;Direct Passing;61;5;3;3;;;;;;;;
232;/team/232/standard-de-liege/230002;23;2;26.09.2022;Standard Li?ge;4;Jupiler Pro League;1;7;Belgium;70;69;69;70;455793;Waldstadion (Fussballstadion);229;5;8.0;;85000000.0;25.45;23.75;201841;229010;239810;229010;229010;239810.0;239810;229010.0;Pressure On Heavy Touch;61;51;;;;;;Fast Build Up;Forward Runs;41;5;3;3;;;;;;;;
244;/team/244/real-zaragoza/230002;23;2;26.09.2022;Real Zaragoza;54;La Liga 2;2;45;Spain;70;66;68;70;37552521;El Libertador (La Bombastico);110839;2;7.0;;7000000.0;26.18;25.1;188938;220609;201295;220609;252864;220609.0;220609;252864.0;Pressure On Heavy Touch;61;51;;;;;;Slow Build Up;Possession;61;6;3;3;;;;;;;;
320;/team/320/malmo-ff/230002;23;2;26.09.2022;Malmö FF;56;Allsvenskan;1;46;Sweden;70;70;72;69;474444;Stade Municipal;319;4;10.0;;59500000.0;30.27;27.21;199792;199792;199792;199792;199792;199792.0;199792;199792.0;Press After Possession Loss;61;61;;;;;;Slow Build Up;Possession;61;4;3;3;;;;;;;;
485;/team/485/hannover-96/230002;23;2;26.09.2022;Hannover 96;20;2. Bundesliga;2;21;Germany;70;63;69;68;33182;HDI-Arena;110500;1;7.0;;99300000.0;25.0;24.21;186148;250941;250941;254117;250941;190738.0;250941;250941.0;Balanced;41;51;;;;;;Fast Build Up;Forward Runs;81;6;3;3;;;;;;;;
614;/team/614/ac-ajaccio/230002;23;2;26.09.2022;Ajaccio;16;Ligue 2;1;18;France;70;71;70;70;455815;Crown Lane;58;1;1.0;;25000000.0;29.09;28.14;197641;178160;178160;193001;178160;178160.0;193001;193001.0;Balanced;61;51;;;;;;Fast Build Up;Forward Runs;61;4;3;3;;;;;;;;
634;/team/634/fortuna-sittard/230002;23;2;26.09.2022;Fortuna Sittard;10;Eredivisie;1;34;Netherlands;70;74;68;70;456646;Molton Road (Sheldon Stadium);1905;1;4.0;;18900000.0;26.55;25.12;204684;124375;124375;124375;124375;124375.0;234848;204684.0;Balanced;51;51;;;;;;Fast Build Up;Forward Runs;51;3;3;3;;;;;;;;
670;/team/670/royal-charleroi-sc/230002;23;2;26.09.2022;Sporting Charleroi;4;Jupiler Pro League;1;7;Belgium;70;70;70;69;37575018;Ivy Lane;232;4;5.0;;40000000.0;23.27;23.12;220782;220782;220782;220782;220782;262925.0;220782;220782.0;Balanced;41;41;;;;;;Slow Build Up;Possession;61;4;3;3;;;;;;;;
687;/team/687/columbus-crew/230002;23;2;26.09.2022;Columbus Crew;39;Major League Soccer;1;95;United States;70;75;70;70;429924;Stadion Neder;113149;2;6.0;;180000000.0;28.27;26.86;198970;215270;211119;215270;215270;215270.0;211119;211119.0;Pressure On Heavy Touch;51;51;;;;;;Slow Build Up;Possession;61;7;3;3;;;;;;;;
744;/team/744/rio-ave-fc/230002;23;2;26.09.2022;Rio Ave;308;Liga Portugal;1;38;Portugal;70;70;70;69;1553235;Stadion 23. Maj;1896;2;3.0;;16500000.0;26.55;26.04;213374;213374;213374;213374;213374;213374.0;213374;213374.0;Pressure On Heavy Touch;51;61;;;;;;Slow Build Up;Possession;51;5;3;3;;;;;;;;
1793;/team/1793/reading/230002;23;2;26.09.2022;Reading;14;League One;2;14;England;70;71;70;68;37438949;Molton Road (Sheldon Stadium);1951;1;5.0;;40000000.0;27.36;25.5;208052;200521;235028;200521;200521;210556.0;200521;200521.0;Balanced;41;41;;;;;;Long Ball;Direct Passing;51;3;3;3;;;;;;;;
1800;/team/1800/coventry-city/230002;23;2;26.09.2022;Coventry City;14;Championship;2;14;England;70;70;71;70;455489;Molton Road (Sheldon Stadium);95;1;4.0;;14000000.0;27.18;24.63;173671;234741;234741;234741;234741;241651.0;234741;234741.0;Pressure On Heavy Touch;51;61;;;;;;Balanced;Balanced;71;4;3;3;;;;;;;;
1801;/team/1801/preston-north-end/230002;23;2;26.09.2022;Preston North End;14;Championship;2;14;England;70;68;71;69;8170;Molton Road (Sheldon Stadium);1926;1;5.0;;20000000.0;26.18;24.52;216464;225071;225071;225071;225071;225071.0;225071;225071.0;Press After Possession Loss;51;51;;;;;;Fast Build Up;Forward Runs;61;6;3;3;;;;;;;;
1806;/team/1806/stoke-city/230002;23;2;26.09.2022;Stoke City;14;Championship;2;14;England;70;69;70;69;173023;Stoke City FC Stadium;1928;1;6.0;;55000000.0;24.55;24.67;211504;211504;211504;211504;211504;211504.0;211504;211504.0;Balanced;61;41;;;;;;Long Ball;Direct Passing;61;3;3;3;;;;;;;;
1815;/team/1815/clermont-foot-63/230002;23;2;26.09.2022;Clermont;16;Ligue 1;1;18;France;70;69;70;69;530329;Euro Park;1819;1;2.0;;35000000.0;27.73;25.52;200968;251191;198731;251191;198731;234834.0;251191;198731.0;Pressure On Heavy Touch;61;61;;;;;;Slow Build Up;Possession;61;4;3;3;;;;;;;;
1819;/team/1819/as-saint-etienne/230002;23;2;26.09.2022;Saint-Étienne;17;Ligue 2;2;18;France;70;69;69;70;94064;Ivy Lane;66;1;10.0;;45000000.0;25.73;23.07;223138;256902;256902;256902;256902;256731.0;256902;256902.0;Balanced;41;41;;;;;;Fast Build Up;Forward Runs;61;4;3;3;;;;;;;;
1842;/team/1842/cagliari/230002;23;2;26.09.2022;Cagliari;32;Serie A;2;27;Italy;70;72;71;69;128013;Estadio Presidente G.Lopes;48;1;9.0;;85000000.0;27.18;25.19;230965;173160;173160;173160;173160;211302.0;173160;173160.0;Balanced;61;51;;;;;;Slow Build Up;Possession;61;5;3;3;;;;;;;;
1847;/team/1847/ascoli/230002;23;2;26.09.2022;Ascoli;32;Serie B;2;27;Italy;70;70;69;70;128211;Arena d'Oro;206;1;7.0;;14000000.0;29.45;26.75;173132;200914;198079;200914;200914;173132.0;198079;243527.0;Balanced;61;41;;;;;;Balanced;Balanced;51;3;3;3;;;;;;;;
1887;/team/1887/vitoria-de-guimaraes/230002;23;2;26.09.2022;Vitória SC;308;Liga Portugal;1;38;Portugal;70;70;70;69;5159;Stade Municipal;1896;2;7.0;;40500000.0;24.82;23.27;219754;225363;212474;212474;225363;212474.0;212474;212474.0;Balanced;51;61;;;;;;Balanced;Balanced;71;3;3;3;;;;;;;;
1893;/team/1893/clube-sport-maritimo/230002;23;2;26.09.2022;Marítimo;308;Liga Portugal;1;38;Portugal;70;72;69;71;3526169;Stadion Neder;1438;1;5.0;;14500000.0;26.82;24.73;217235;208523;217235;208523;208523;225456.0;208523;208523.0;Balanced;71;41;;;;;;Long Ball;Direct Passing;51;3;3;3;;;;;;;;
1908;/team/1908/fc-twente/230002;23;2;26.09.2022;FC Twente;10;Eredivisie;1;34;Netherlands;70;70;72;70;456555;Waldstadion (Fussballstadion);100632;2;7.0;;55600000.0;25.55;23.96;208462;257502;245209;229435;257502;184457.0;245209;245209.0;Press After Possession Loss;51;61;;;;;;Long Ball;Direct Passing;61;4;3;3;;;;;;;;
1952;/team/1952/hull-city/230002;23;2;26.09.2022;Hull City;14;Championship;2;14;England;70;72;70;69;126;MKM Stadium;8;1;3.0;;12000000.0;25.45;24.17;224099;216451;216451;216451;216451;223154.0;216451;216451.0;Pressure On Heavy Touch;41;51;;;;;;Balanced;Balanced;61;4;3;3;;;;;;;;
2014;/team/2014/royale-union-saint-gilloise/230002;23;2;26.09.2022;Union Saint-Gilloise;4;Jupiler Pro League;1;7;Belgium;70;70;71;70;60307;Town Park;229;1;6.0;;18000000.0;25.64;24.36;244309;244309;244309;244309;244309;234905.0;244309;244309.0;Press After Possession Loss;51;51;;;;;;Long Ball;Direct Passing;61;4;3;3;;;;;;;;
101041;/team/101041/demir-grup-sivasspor/230002;23;2;26.09.2022;Sivasspor;68;Super Lig;1;48;Turkey;70;70;71;67;523954;Stadion Europa (Generic Europe 2);101020;2;5.0;;11000000.0;30.36;28.63;223045;182945;223045;182945;182945;182945.0;182945;182945.0;Balanced;61;51;;;;;;Long Ball;Direct Passing;71;3;3;3;;;;;;;;
101101;/team/101101/junior-fc/230002;23;2;26.09.2022;Junior;336;Liga BetPlay;1;56;Colombia;70;70;70;69;1030277;O Dromo;112523;5;8.0;;45500000.0;30.82;29.04;161663;236747;214421;236747;236747;214421.0;236747;236747.0;Press After Possession Loss;51;51;;;;;;Balanced;Balanced;51;7;3;3;;;;;;;;
110502;/team/110502/sv-darmstadt-98/230002;23;2;26.09.2022;Darmstadt 98;20;Bundesliga;2;21;Germany;70;70;70;70;460255;Forest Park Stadium (Square Ground);1824;1;6.0;;20000000.0;27.45;24.48;208470;199413;199413;199413;199413;233216.0;208470;199413.0;Balanced;51;61;;;;;;Balanced;Balanced;61;3;3;3;;;;;;;;
110580;/team/110580/rosario-central/230002;23;2;26.09.2022;Rosario Central;353;Liga Profesional;1;52;Argentina;70;66;67;71;252;Estadio Presidente G.Lopes;110396;4;7.0;;30000000.0;26.73;25.64;224461;226797;226797;226797;226797;269176.0;224461;224461.0;Pressure On Heavy Touch;71;51;;;;;;Balanced;Balanced;71;7;3;3;;;;;;;;
110636;/team/110636/fortuna-dusseldorf/230002;23;2;26.09.2022;Fortuna Düsseldorf;20;2. Bundesliga;2;21;Germany;70;70;70;71;33212;Düsseldorf-Arena;31;1;7.0;;54300000.0;26.82;24.64;199779;211844;224186;202088;211844;221168.0;252903;202088.0;Balanced;41;37;;;;;;Fast Build Up;Forward Runs;51;3;3;3;;;;;;;;
110738;/team/110738/pisa/230002;23;2;26.09.2022;Pisa;32;Serie B;2;27;Italy;70;69;70;70;5332165;Stadion 23. Maj;110374;1;8.0;;15000000.0;27.55;25.96;252313;230936;230936;230936;230936;220829.0;192587;192587.0;Balanced;61;51;;;;;;Fast Build Up;Forward Runs;51;3;3;3;;;;;;;;
110827;/team/110827/real-oviedo/230002;23;2;26.09.2022;Real Oviedo;54;La Liga 2;2;45;Spain;70;74;71;69;524834;Stadion Europa (Generic Europe 2);459;1;6.0;;3900000.0;28.64;24.6;194996;241117;220638;241117;241117;194996.0;194996;194996.0;Balanced;51;51;;;;;;Balanced;Balanced;61;3;3;3;;;;;;;;
110935;/team/110935/mamelodi-sundowns-fc/230002;23;2;26.09.2022;Mamelodi Sundowns;347;Premier League;1;140;South Africa;70;69;70;69;458625;Estadio de las Artes (Generic Stadium NG);110929;5;10.0;;20300000.0;27.45;28.07;193234;242935;242935;242935;242935;270634.0;242935;242935.0;Pressure On Heavy Touch;61;61;;;;;;Fast Build Up;Forward Runs;51;4;3;3;;;;;;;;
110975;/team/110975/universidad-catolica/230002;23;2;26.09.2022;Universidad Católica;335;Primera Division;1;55;Chile;70;72;70;69;429896;Arena d'Oro;112533;6;9.0;;36500000.0;29.27;27.29;196069;196069;187800;196069;196069;232670.0;187800;196069.0;Pressure On Heavy Touch;71;81;;;;;;Slow Build Up;Possession;71;6;3;3;;;;;;;;
110980;/team/110980/colo-colo/230002;23;2;26.09.2022;Colo-Colo;335;Primera Division;1;55;Chile;70;70;70;70;474441;Estadio Nacional (El Medio);110975;7;10.0;;55000000.0;27.82;23.83;229649;216020;216020;216020;216020;247423.0;216020;216020.0;Balanced;61;41;;;;;;Balanced;Balanced;71;5;3;3;;;;;;;;
111019;/team/111019/argentinos-juniors/230002;23;2;26.09.2022;Argentinos Juniors;353;Liga Profesional;1;52;Argentina;70;72;69;71;184988;Arena del Centenario (Estadio del Pueblo);112689;5;6.0;;16500000.0;27.64;24.6;176920;221310;221310;221310;221310;176920.0;224317;214937.0;Balanced;41;51;;;;;;Balanced;Balanced;61;3;3;3;;;;;;;;
111117;/team/111117/fatih-karagumruk-sk/230002;23;2;26.09.2022;Fatih Karagümrük;68;Super Lig;1;48;Turkey;70;71;71;69;127989;Atatürk Olimpiyat Stad?;111339;1;1.0;;8400000.0;28.82;25.93;168354;171875;171875;200094;171875;220131.0;171875;171875.0;Pressure On Heavy Touch;61;51;;;;;;Slow Build Up;Possession;81;5;3;3;;;;;;;;
111138;/team/111138/minnesota-united-fc/230002;23;2;26.09.2022;Minnesota United;39;Major League Soccer;1;95;United States;70;68;71;67;429940;Stadion Hanguk;696;1;3.0;;270000000.0;27.82;26.27;212424;234468;234468;234468;234468;234468.0;234468;234468.0;Balanced;41;37;;;;;;Balanced;Balanced;61;4;3;3;;;;;;;;
111140;/team/111140/portland-timbers/230002;23;2;26.09.2022;Portland Timbers;39;Major League Soccer;1;95;United States;70;70;71;68;1025473;Providence Park;111144;3;7.0;;351000000.0;28.09;26.14;203067;203067;203067;203067;203067;232094.0;214132;214132.0;Pressure On Heavy Touch;61;51;;;;;;Fast Build Up;Forward Runs;61;4;3;3;;;;;;;;
111339;/team/111339/kasimpasa-sk/230002;23;2;26.09.2022;Kas?mpaºa;68;Super Lig;1;48;Turkey;70;73;70;69;199962;Stadio Classico;101014;3;4.0;;10000000.0;28.36;27.64;226517;201878;226517;201878;226517;201878.0;226517;226517.0;Balanced;51;61;;;;;;Balanced;Balanced;61;4;3;3;;;;;;;;
111674;/team/111674/al-shabab/230002;23;2;26.09.2022;Al Shabab;350;Pro League;1;183;Saudi Arabia;70;73;72;67;185336;Stade Kokoto (Generic Africa 2);112139;4;7.0;;45500000.0;27.73;26.2;178562;178562;178562;178562;178562;178562.0;178562;178562.0;Balanced;51;51;;;;;;Fast Build Up;Forward Runs;61;4;3;3;;;;;;;;
111708;/team/111708/atletico-tucuman/230002;23;2;26.09.2022;Atlético Tucumán;353;Liga Profesional;1;52;Argentina;70;69;70;69;438064;Estadio Nacional (El Medio);111716;2;4.0;;10000000.0;27.73;26.57;232692;219174;219174;219174;219174;242019.0;219174;219174.0;Balanced;51;41;;;;;;Long Ball;Direct Passing;41;3;3;3;;;;;;;;
111710;/team/111710/defensa-y-justicia/230002;23;2;26.09.2022;Defensa y Justicia;353;Liga Profesional;1;52;Argentina;70;69;69;70;37625768;Arena del Centenario (Estadio del Pueblo);110394;5;6.0;;18100000.0;25.64;24.5;222511;251886;241833;251886;224403;225289.0;224403;224403.0;Press After Possession Loss;51;61;;;;;;Slow Build Up;Possession;61;7;3;3;;;;;;;;
111722;/team/111722/club-deportes-tolima/230002;23;2;26.09.2022;Deportes Tolima;336;Liga BetPlay;1;56;Colombia;70;71;70;69;467441;Arena d'Oro;101101;4;9.0;;42700000.0;27.73;27.29;214135;225356;225356;225356;225356;225356.0;225356;225356.0;Balanced;71;51;;;;;;Fast Build Up;Forward Runs;71;3;3;3;;;;;;;;
112001;/team/112001/america-futebol-clube/230002;23;2;26.09.2022;América Mineiro;7;Serie A;1;54;Brazil;70;69;69;71;456040;Estadio Nacional (El Medio);1035;2;2.0;;3300000.0;29.64;29.8;230208;236071;236071;236071;230484;230484.0;236071;236071.0;Balanced;51;51;;;;;;Fast Build Up;Forward Runs;51;3;3;3;;;;;;;;
112026;/team/112026/benevento/230002;23;2;26.09.2022;Benevento;32;Serie B;2;27;Italy;70;70;66;70;128419;Estadio Presidente G.Lopes;111657;1;8.0;;32000000.0;27.18;26.25;216072;189485;243049;189485;189485;228378.0;189485;189485.0;Balanced;41;51;;;;;;Slow Build Up;Possession;61;4;3;3;;;;;;;;
112134;/team/112134/philadelphia-union/230002;23;2;26.09.2022;Philadelphia Union;39;Major League Soccer;1;95;United States;70;70;70;69;524291;Forest Park Stadium (Square Ground);112828;2;6.0;;216000000.0;26.27;23.59;191173;191173;191173;191173;191173;191173.0;191173;239704.0;Press After Possession Loss;41;51;;;;;;Slow Build Up;Possession;41;3;3;3;;;;;;;;
112809;/team/112809/futebol-clube-de-famalicao/230002;23;2;26.09.2022;Famalic?o;308;Liga Portugal;1;38;Portugal;70;67;70;70;37257773;Aloha Park (Generic Oceania 2);1892;1;4.0;;15000000.0;24.64;23.71;226877;226877;226877;226877;226877;226877.0;226877;226877.0;Pressure On Heavy Touch;51;51;;;;;;Balanced;Balanced;51;3;3;3;;;;;;;;
112828;/team/112828/new-york-city-fc/230002;23;2;26.09.2022;New York City;39;Major League Soccer;1;95;United States;70;70;69;69;32431130;Stadion Europa (Generic Europe 2);689;5;10.0;;346500000.0;26.09;25.32;190780;183895;183895;183895;183895;183895.0;183895;183895.0;Pressure On Heavy Touch;41;61;;;;;;Slow Build Up;Possession;41;5;3;3;;;;;;;;
112908;/team/112908/independiente-del-valle/230002;23;2;26.09.2022;Independiente del Valle;2018;Liga Pro;1;57;Ecuador;70;71;69;70;37614914;Stade Municipal;110986;5;8.0;;33500000.0;26.09;25.0;210281;220739;215076;220739;220739;220739.0;220739;220739.0;Balanced;41;61;;;;;;Balanced;Balanced;71;3;3;3;;;;;;;;
115530;/team/115530/cuiaba/230002;23;2;26.09.2022;Cuiabá;7;Serie A;1;54;Brazil;70;69;70;71;37573825;Stadion Europa (Generic Europe 2);112119;1;1.0;;4800000.0;27.45;27.0;230411;230411;230411;230411;230411;230445.0;230369;230369.0;Balanced;41;41;;;;;;Balanced;Balanced;61;3;3;3;;;;;;;;
59;/team/59/fc-girondins-de-bordeaux/230002;23;2;26.09.2022;Bordeaux;17;Ligue 2;2;18;France;69;69;69;70;529830;Waldstadion (Fussballstadion);219;1;7.0;;35000000.0;23.55;21.69;260158;256843;256843;256843;256843;235161.0;256843;256843.0;Balanced;51;51;;;;;;Balanced;Balanced;51;3;3;3;;;;;;;;
88;/team/88/birmingham-city/230002;23;2;26.09.2022;Birmingham City;14;Championship;2;14;England;69;68;69;69;2146;Ivy Lane;2;1;5.0;;22000000.0;27.18;24.73;183125;226677;226677;226677;226677;215374.0;226677;226677.0;Balanced;51;41;;;;;;Fast Build Up;Forward Runs;81;4;3;3;;;;;;;;
165;/team/165/spvgg-greuther-furth/230002;23;2;26.09.2022;SpVgg Greuther Fürth;20;2. Bundesliga;2;21;Germany;69;68;70;67;197165;Court Lane;171;1;6.0;;28600000.0;24.82;23.13;209504;209504;259569;209504;209504;209504.0;240319;240319.0;Balanced;61;61;;;;;;Slow Build Up;Possession;51;6;3;3;;;;;;;;
171;/team/171/1-fc-nurnberg/230002;23;2;26.09.2022;Nürnberg;20;2. Bundesliga;2;21;Germany;69;66;68;69;523936;Max-Morlock-Stadion;165;1;8.0;;56400000.0;26.91;24.29;200607;202087;202087;202087;201877;201877.0;202087;202087.0;Balanced;51;41;;;;;;Balanced;Balanced;51;4;3;3;;;;;;;;
209;/team/209/sk-sturm-graz/230002;23;2;26.09.2022;Sturm Graz;80;Bundesliga;1;4;Austria;69;71;69;68;1452203;Stadion Neder;254;4;7.0;;19000000.0;25.64;23.68;190589;241536;259101;259101;241536;187498.0;241536;259101.0;Press After Possession Loss;71;51;;;;;;Fast Build Up;Forward Runs;61;3;3;3;;;;;;;;
252;/team/252/lask-linz/230002;23;2;26.09.2022;LASK Linz;80;Bundesliga;1;4;Austria;69;68;70;69;15062004;Court Lane;254;5;9.0;;30000000.0;26.91;25.96;215522;221944;221944;221944;221944;221944.0;221944;221944.0;Press After Possession Loss;41;61;;;;;;Fast Build Up;Forward Runs;61;6;3;3;;;;;;;;
269;/team/269/brondby-if/230002;23;2;26.09.2022;Br?ndby;1;Superliga;1;13;Denmark;69;70;69;67;896137;Waldstadion (Fussballstadion);819;2;7.0;;20500000.0;26.36;24.43;212287;172522;172522;172522;172522;211671.0;172522;172522.0;Press After Possession Loss;51;61;;;;;;Balanced;Balanced;61;6;3;3;;;;;;;;
459;/team/459/real-sporting-de-gijon/230002;23;2;26.09.2022;Sporting Gijón;54;La Liga 2;2;45;Spain;69;69;69;70;896649;Stade Municipal;110827;1;7.0;;17000000.0;26.55;24.63;199493;236492;236492;236492;236492;221430.0;236492;236492.0;Balanced;41;41;;;;;;Fast Build Up;Forward Runs;61;3;3;3;;;;;;;;
573;/team/573/malaga-cf/230002;23;2;26.09.2022;Málaga;54;La Liga 2;2;45;Spain;69;71;68;68;455648;Estadio La Rosaleda;481;1;8.0;;95000000.0;29.45;26.87;228600;210214;210214;210214;210214;115909.0;210214;210214.0;Balanced;41;51;;;;;;Balanced;Balanced;51;6;3;3;;;;;;;;
688;/team/688/dc-united/230002;23;2;26.09.2022;DC United;39;Major League Soccer;1;95;United States;69;71;69;66;579;Stadio Classico;689;3;5.0;;297000000.0;27.64;26.17;221621;214718;206469;214718;214718;206469.0;214718;206469.0;Pressure On Heavy Touch;51;61;;;;;;Long Ball;Direct Passing;51;4;3;3;;;;;;;;
689;/team/689/new-york-red-bulls/230002;23;2;26.09.2022;New York RB;39;Major League Soccer;1;95;United States;69;63;69;70;1854915;Red Bull Arena (New Jersey);112828;4;8.0;;261000000.0;22.91;22.32;222123;221908;221908;221908;221908;221908.0;221908;221908.0;Press After Possession Loss;61;61;;;;;;Long Ball;Direct Passing;61;5;3;3;;;;;;;;
691;/team/691/new-england-revolution/230002;23;2;26.09.2022;New England;39;Major League Soccer;1;95;United States;69;73;68;70;474428;Stadion Hanguk;689;3;5.0;;220500000.0;26.91;25.77;210930;210930;210930;210930;210930;210930.0;210930;210930.0;Press After Possession Loss;41;61;;;;;;Slow Build Up;Possession;61;5;3;3;;;;;;;;
695;/team/695/fc-dallas/230002;23;2;26.09.2022;Dallas;39;Major League Soccer;1;95;United States;69;72;70;68;37608726;Crown Lane;698;2;5.0;;178000000.0;24.73;24.21;206662;238049;247509;238049;238049;241487.0;217714;217714.0;Pressure On Heavy Touch;41;71;;;;;;Balanced;Balanced;71;7;3;3;;;;;;;;
697;/team/697/la-galaxy/230002;23;2;26.09.2022;LA Galaxy;39;Major League Soccer;1;95;United States;69;75;69;68;516577;Dignity Health Sports Park;112996;6;9.0;;432000000.0;28.55;26.0;178224;189508;189508;189508;189508;178224.0;189508;189508.0;Balanced;71;51;;;;;;Slow Build Up;Possession;81;6;3;3;;;;;;;;
873;/team/873/lech-poznan/230002;23;2;26.09.2022;Lech Poznañ;66;Ekstraklasa;1;37;Poland;69;72;70;69;523929;Sanderson Park (FIFA 13 NEW generic);1871;4;10.0;;14000000.0;26.55;25.11;206626;234930;234930;234949;234930;206626.0;234949;258276.0;Pressure On Heavy Touch;61;61;;;;;;Long Ball;Direct Passing;61;5;3;3;;;;;;;;
894;/team/894/fc-zurich/230002;23;2;26.09.2022;Zürich;189;Super League;1;47;Switzerland;69;69;71;67;518875;Euro Arena;322;3;6.0;;12000000.0;27.91;25.52;204842;231027;231027;231027;231027;231027.0;245586;231027.0;Balanced;61;51;;;;;;Fast Build Up;Forward Runs;81;5;3;3;;;;;;;;
896;/team/896/fc-basel-1893/230002;23;2;26.09.2022;Basel;189;Super League;1;47;Switzerland;69;69;68;68;29612;Waldstadion (Fussballstadion);900;6;8.0;;73300000.0;25.09;23.61;183346;183346;183346;183346;183346;183346.0;183346;183346.0;Pressure On Heavy Touch;61;71;;;;;;Slow Build Up;Possession;61;7;3;3;;;;;;;;
918;/team/918/fk-bodoglimt/230002;23;2;26.09.2022;Bod? / Glimt;41;Eliteserien;1;36;Norway;69;67;70;69;452732;Town Park;418;2;8.0;;15100000.0;25.82;24.5;221001;224874;224874;224874;224874;224874.0;222227;222227.0;Press After Possession Loss;61;81;;;;;;Fast Build Up;Forward Runs;71;5;3;3;;;;;;;;
1013;/team/1013/san-lorenzo-de-almagro/230002;23;2;26.09.2022;San Lorenzo;353;Liga Profesional;1;52;Argentina;69;69;69;67;34492065;El Libertador (La Bombastico);111711;7;9.0;;107500000.0;25.27;24.86;241930;219525;219525;237994;219525;219525.0;219525;219525.0;Balanced;51;51;;;;;;Long Ball;Direct Passing;51;3;3;3;;;;;;;;
1473;/team/1473/ulsan-hyundai-fc/230002;23;2;26.09.2022;Ulsan;83;K League 1;1;167;Korea Republic;69;69;68;70;452818;Waldstadion (Fussballstadion);1474;7;10.0;;21200000.0;28.0;28.5;254814;232811;254814;232811;232811;254894.0;205401;205401.0;Balanced;51;51;;;;;;Fast Build Up;Forward Runs;61;4;3;3;;;;;;;;
1477;/team/1477/jeonbuk-hyundai-motors/230002;23;2;26.09.2022;Jeonbuk Motors;83;K League 1;1;167;Korea Republic;69;70;68;68;319820;Ivy Lane;983;7;10.0;;20600000.0;26.91;27.18;237424;237424;237424;237424;237424;222729.0;237424;237424.0;Press After Possession Loss;61;61;;;;;;Slow Build Up;Possession;61;3;3;3;;;;;;;;
1745;/team/1745/como/230002;23;2;26.09.2022;Como;32;Serie B;2;27;Italy;69;70;70;68;462195;Town Park;111811;1;3.0;;13000000.0;27.36;26.14;220489;245714;245714;245714;245714;245714.0;245714;245714.0;Balanced;41;51;;;;;;Balanced;Balanced;41;3;3;3;;;;;;;;
1832;/team/1832/karlsruher-sc/230002;23;2;26.09.2022;Karlsruher SC;20;2. Bundesliga;2;21;Germany;69;68;69;68;30044;Euro Arena;29;1;4.0;;9700000.0;26.73;25.13;211907;228245;228245;228245;228245;228245.0;228245;211872.0;Balanced;51;51;;;;;;Balanced;Balanced;51;4;3;3;;;;;;;;
1892;/team/1892/fc-pacos-de-ferreira/230002;23;2;26.09.2022;Paços de Ferreira;308;Liga Portugal;1;38;Portugal;69;68;70;68;94328;Town Park;1887;1;5.0;;9000000.0;27.45;24.7;148403;178424;178424;178424;178424;178424.0;178424;178424.0;Balanced;51;51;;;;;;Fast Build Up;Forward Runs;51;4;3;3;;;;;;;;
1898;/team/1898/boavista-fc/230002;23;2;26.09.2022;Boavista;308;Liga Portugal;1;38;Portugal;69;69;70;69;6971228;Stade Municipal;1887;1;5.0;;9500000.0;27.45;24.52;178571;248811;215665;248811;248811;248811.0;248811;215665.0;Pressure On Heavy Touch;41;51;;;;;;Long Ball;Direct Passing;51;3;3;3;;;;;;;;
1909;/team/1909/vitesse/230002;23;2;26.09.2022;Vitesse;10;Eredivisie;1;34;Netherlands;69;68;71;68;23029;Stade Municipal;1910;2;6.0;;45000000.0;22.09;22.19;235297;224423;224423;224423;224423;235297.0;224423;224423.0;Balanced;61;51;;;;;;Balanced;Balanced;61;8;3;3;;;;;;;;
1910;/team/1910/nec-nijmegen/230002;23;2;26.09.2022;NEC;10;Eredivisie;1;34;Netherlands;69;68;70;67;23707;Molton Road (Sheldon Stadium);1909;1;4.0;;20600000.0;25.64;23.58;172143;172143;172143;172143;208045;172143.0;208045;172143.0;Balanced;61;51;;;;;;Balanced;Balanced;61;3;3;3;;;;;;;;
1919;/team/1919/bristol-city/230002;23;2;26.09.2022;Bristol City;14;Championship;2;14;England;69;67;70;69;896553;Stade Municipal;1962;1;6.0;;60000000.0;25.27;24.52;198350;205054;261299;205054;205054;202686.0;205054;205054.0;Balanced;71;41;;;;;;Balanced;Balanced;71;3;3;3;;;;;;;;
1923;/team/1923/luton-town/230002;23;2;26.09.2022;Luton Town;14;Premier League;2;14;England;69;69;69;69;7016;Court Lane;1795;1;5.0;;9800000.0;26.64;26.25;203749;169078;203749;222156;169078;229375.0;222156;169078.0;Pressure On Heavy Touch;51;51;;;;;;Long Ball;Direct Passing;41;5;3;3;;;;;;;;
1960;/team/1960/swansea-city/230002;23;2;26.09.2022;Swansea City;14;Championship;2;50;Wales;69;71;71;67;904;Swansea.com Stadium;1961;1;7.0;;100000000.0;25.18;22.63;212118;212118;212118;212118;212118;212118.0;212118;212118.0;Balanced;51;61;;;;;;Slow Build Up;Possession;61;5;3;3;;;;;;;;
2023;/team/2023/sd-ponferradina/230002;23;2;26.09.2022;Ponferradina;54;La Liga 2;2;45;Spain;69;68;69;68;458512;Court Lane;462;1;6.0;;4300000.0;27.64;26.08;3467;223853;223853;223853;223853;3467.0;223853;223853.0;Balanced;51;51;;;;;;Fast Build Up;Forward Runs;61;3;3;3;;;;;;;;
10020;/team/10020/estoril-praia/230002;23;2;26.09.2022;Estoril;308;Liga Portugal;1;38;Portugal;69;67;69;70;160758;468;114510;1;4.0;;6800000.0;24.36;23.38;204731;204731;204731;204731;204731;228650.0;228650;204731.0;Balanced;51;51;;;;;;Fast Build Up;Forward Runs;61;4;3;3;;;;;;;;
10030;/team/10030/sc-paderborn-07/230002;23;2;26.09.2022;Paderborn;20;2. Bundesliga;2;21;Germany;69;68;69;66;896619;Benteler-Arena;159;1;6.0;;29300000.0;25.0;24.89;239099;239696;239696;239696;256674;227604.0;239696;256674.0;Pressure On Heavy Touch;51;61;;;;;;Fast Build Up;Forward Runs;61;5;3;3;;;;;;;;
10031;/team/10031/portimonense-sc/230002;23;2;26.09.2022;Portimonense;308;Liga Portugal;1;38;Portugal;69;68;69;68;20694532;Arena del Centenario (Estadio del Pueblo);10020;1;3.0;;17600000.0;24.73;24.07;238856;251990;251990;251990;251990;226299.0;251990;251990.0;Balanced;51;41;;;;;;Long Ball;Direct Passing;61;3;3;3;;;;;;;;
100081;/team/100081/kv-kortrijk/230002;23;2;26.09.2022;Kortrijk;4;Jupiler Pro League;1;7;Belgium;69;69;69;68;60268;Court Lane;15005;2;4.0;;25000000.0;25.64;24.71;200532;266391;209673;266391;266391;266391.0;200532;200532.0;Balanced;51;41;;;;;;Balanced;Balanced;51;3;3;3;;;;;;;;
100087;/team/100087/oud-heverlee-leuven/230002;23;2;26.09.2022;OH Leuven;4;Jupiler Pro League;1;7;Belgium;69;73;70;68;1533127;Court Lane;110724;1;4.0;;25000000.0;24.82;24.5;231423;241474;233544;241474;241474;259191.0;231423;231423.0;Balanced;51;41;;;;;;Long Ball;Direct Passing;41;3;3;3;;;;;;;;
100135;/team/100135/apoel-nicosia-fc/230002;23;2;26.09.2022;APOEL;318;1. Division;1;11;Cyprus;69;71;69;67;459237;Crown Lane;1884;3;10.0;;35000000.0;29.27;27.21;193336;208700;237364;208700;208700;235812.0;237364;237364.0;Pressure On Heavy Touch;51;51;;;;;;Slow Build Up;Possession;51;4;3;3;;;;;;;;
100851;/team/100851/fc-cartagena/230002;23;2;26.09.2022;FC Cartagena;54;La Liga 2;2;45;Spain;69;67;70;69;456409;Stadio Classico;468;1;4.0;;3000000.0;30.82;27.07;200502;205212;205212;205212;205212;210950.0;205212;205212.0;Balanced;51;51;;;;;;Balanced;Balanced;51;3;3;3;;;;;;;;
100888;/team/100888/cd-leganes/230002;23;2;26.09.2022;Leganés;54;La Liga 2;2;45;Spain;69;68;70;69;456080;Municipal de Butarque;1860;1;7.0;;10800000.0;29.0;26.5;231530;204523;204523;204523;204523;204523.0;204523;204523.0;Balanced;51;61;;;;;;Balanced;Balanced;51;3;3;3;;;;;;;;
101020;/team/101020/yukatel-kayserispor/230002;23;2;26.09.2022;Kayserispor;68;Super Lig;1;48;Turkey;69;72;70;68;30462;Sanderson Park (FIFA 13 NEW generic);101041;2;4.0;;6100000.0;28.36;26.96;240409;204372;204372;204372;204372;179565.0;204372;204372.0;Balanced;71;51;;;;;;Long Ball;Direct Passing;61;5;3;3;;;;;;;;
101028;/team/101028/atakas-hatayspor/230002;23;2;26.09.2022;Hatayspor;68;Super Lig;1;48;Turkey;69;71;68;70;37615629;Molton Road (Sheldon Stadium);110776;1;1.0;;5000000.0;28.91;27.14;199683;239755;182632;239755;239755;243586.0;239755;239755.0;Balanced;51;51;;;;;;Long Ball;Direct Passing;51;3;3;3;;;;;;;;
101033;/team/101033/ittifak-holding-konyaspor/230002;23;2;26.09.2022;Konyaspor;68;Super Lig;1;48;Turkey;69;71;68;69;3568847;Stadion Europa (Generic Europe 2);101020;3;6.0;;10500000.0;27.82;27.19;204349;224885;208581;224885;224885;224885.0;224885;233053.0;Balanced;61;51;;;;;;Balanced;Balanced;61;5;3;3;;;;;;;;
101084;/team/101084/gimnasia-y-esgrima-la-plata/230002;23;2;26.09.2022;Gimnasia La Plata;353;Liga Profesional;1;52;Argentina;69;69;68;69;468236;Arena del Centenario (Estadio del Pueblo);101083;1;2.0;;10000000.0;26.64;25.11;215018;215018;215018;215018;215018;228211.0;215018;215018.0;Balanced;51;51;;;;;;Fast Build Up;Forward Runs;61;6;3;3;;;;;;;;
101099;/team/101099/america-de-cali/230002;23;2;26.09.2022;América de Cali;336;Liga BetPlay;1;56;Colombia;69;69;68;68;896292;O Dromo;101102;5;7.0;;28500000.0;27.73;26.4;176619;245687;245687;245687;245687;176619.0;245687;245687.0;Balanced;51;61;;;;;;Fast Build Up;Forward Runs;61;4;3;3;;;;;;;;
101102;/team/101102/deportivo-cali/230002;23;2;26.09.2022;Deportivo Cali;336;Liga BetPlay;1;56;Colombia;69;68;70;69;474734;Estadio de las Artes (Generic Stadium NG);101099;6;8.0;;30500000.0;28.82;24.18;196150;244772;244772;244772;244772;196150.0;244772;196150.0;Balanced;51;51;;;;;;Balanced;Balanced;51;3;3;3;;;;;;;;
101103;/team/101103/independiente-medellin/230002;23;2;26.09.2022;Independiente Medellín;336;Liga BetPlay;1;56;Colombia;69;70;70;68;235436;El Libertador (La Bombastico);101102;5;7.0;;29000000.0;29.82;27.52;209738;214327;209738;214327;214327;209738.0;214327;214327.0;Balanced;51;51;;;;;;Slow Build Up;Possession;61;6;3;3;;;;;;;;
101108;/team/101108/club-olimpia/230002;23;2;26.09.2022;Olimpia;337;Primera División;1;58;Paraguay;69;68;69;69;217747;Arena d'Oro;112716;8;9.0;;52500000.0;27.0;25.97;216385;218868;218868;235511;218868;209523.0;218868;218868.0;Balanced;61;61;;;;;;Balanced;Balanced;61;3;3;3;;;;;;;;
101112;/team/101112/vancouver-whitecaps-fc/230002;23;2;26.09.2022;Vancouver Whitecaps;39;Major League Soccer;1;70;Canada;69;67;71;67;37590075;BC Place Stadium;111144;2;5.0;;193500000.0;25.73;25.23;255827;208919;208919;208919;208919;229658.0;229658;208919.0;Balanced;31;37;;;;;;Long Ball;Direct Passing;51;3;3;3;;;;;;;;
110178;/team/110178/sv-sandhausen/230002;23;2;26.09.2022;Sandhausen;20;3. Liga;2;21;Germany;69;70;68;69;896531;Court Lane;1832;1;3.0;;12200000.0;27.64;25.66;189388;245428;245428;245428;245428;246182.0;245428;245428.0;Pressure On Heavy Touch;51;41;;;;;;Long Ball;Direct Passing;51;3;3;3;;;;;;;;
110329;/team/110329/fc-st-pauli/230002;23;2;26.09.2022;St. Pauli;20;2. Bundesliga;2;21;Germany;69;68;68;69;31151;Ivy Lane;28;1;7.0;;34200000.0;25.36;23.57;223633;223633;223633;223633;223633;233125.0;223633;233125.0;Balanced;61;41;;;;;;Fast Build Up;Forward Runs;61;3;3;3;;;;;;;;
110396;/team/110396/newells-old-boys/230002;23;2;26.09.2022;Newell's Old Boys;353;Liga Profesional;1;52;Argentina;69;69;68;71;37523462;Estadio Nacional (El Medio);110580;4;7.0;;24000000.0;26.27;24.0;215228;241568;241568;241568;241568;215168.0;241568;212541.0;Pressure On Heavy Touch;51;61;;;;;;Balanced;Balanced;61;6;3;3;;;;;;;;
110724;/team/110724/kv-mechelen/230002;23;2;26.09.2022;Mechelen;4;Jupiler Pro League;1;7;Belgium;69;70;70;68;23316;Stadion Europa (Generic Europe 2);100087;4;5.0;;30000000.0;25.64;24.36;205369;205369;205369;205369;205369;205369.0;205369;195065.0;Balanced;61;41;;;;;;Balanced;Balanced;61;4;3;3;;;;;;;;
110776;/team/110776/gazisehir-gaziantep-fk/230002;23;2;26.09.2022;Gaziantep F.K.;68;Super Lig;1;48;Turkey;69;68;70;69;107983;Stade Municipal;101028;1;3.0;;6000000.0;28.55;25.96;211908;211061;211061;211061;211061;211061.0;211061;211061.0;Balanced;51;41;;;;;;Fast Build Up;Forward Runs;61;3;3;3;;;;;;;;
110816;/team/110816/cfr-cluj/230002;23;2;26.09.2022;CFR Cluj;330;Liga 1;1;39;Romania;69;68;69;69;883019;Forest Park Stadium (Square Ground);110751;4;10.0;;7200000.0;28.18;27.89;191058;199572;199572;248049;199572;199572.0;248049;248049.0;Press After Possession Loss;51;61;;;;;;Balanced;Balanced;61;6;3;3;;;;;;;;
110839;/team/110839/sd-huesca/230002;23;2;26.09.2022;Huesca;54;La Liga 2;2;45;Spain;69;68;69;67;533879;El Alcoraz;244;1;6.0;;4500000.0;27.73;25.3;200519;192634;192634;192634;192634;192634.0;192634;192634.0;Balanced;51;41;;;;;;Fast Build Up;Forward Runs;61;4;3;3;;;;;;;;
110930;/team/110930/orlando-pirates/230002;23;2;26.09.2022;Orlando Pirates;347;Premier League;1;140;South Africa;69;69;70;69;29720314;Waldstadion (Fussballstadion);110929;5;10.0;;10500000.0;27.09;27.04;239431;229128;229128;216682;229128;216682.0;216682;216682.0;Balanced;61;51;;;;;;Balanced;Balanced;61;4;3;3;;;;;;;;
110981;/team/110981/barcelona-sporting-club/230002;23;2;26.09.2022;Barcelona Guayaquil;2018;Liga Pro;1;57;Ecuador;69;60;69;68;893783;Stadion Hanguk;110984;6;10.0;;35000000.0;28.0;25.92;189454;189454;189454;189454;255265;189454.0;189454;189454.0;Balanced;61;51;;;;;;Balanced;Balanced;61;3;3;3;;;;;;;;
111010;/team/111010/club-alianza-lima/230002;23;2;26.09.2022;Alianza Lima;2020;Primera Division;1;59;Peru;69;69;70;68;258416;Estadio de las Artes (Generic Stadium NG);111013;5;9.0;;19500000.0;30.18;26.81;196434;264796;264796;264796;253771;191856.0;264796;253771.0;Balanced;61;41;;;;;;Fast Build Up;Forward Runs;51;3;3;3;;;;;;;;
111139;/team/111139/club-de-foot-montreal/230002;23;2;26.09.2022;CF Montréal;39;Major League Soccer;1;70;Canada;69;69;69;69;37563973;Molton Road (Sheldon Stadium);111651;4;4.0;;189000000.0;27.27;24.07;188942;237496;237496;237496;237496;210321.0;237496;237496.0;Balanced;51;51;;;;;;Slow Build Up;Possession;71;3;3;3;;;;;;;;
111334;/team/111334/fbc-melgar/230002;23;2;26.09.2022;Melgar;2020;Primera Division;1;59;Peru;69;71;69;68;468645;El Monumento (Estadio Latino);111011;3;8.0;;14800000.0;27.55;24.93;237031;233571;233571;233571;233571;237031.0;254220;219575.0;Press After Possession Loss;51;51;;;;;;Fast Build Up;Forward Runs;61;3;3;3;;;;;;;;
111539;/team/111539/fc-vizela/230002;23;2;26.09.2022;Vizela;308;Liga Portugal;1;38;Portugal;69;68;69;68;23386218;469;112513;1;2.0;;5600000.0;24.36;23.93;213795;228589;223302;228589;228589;228589.0;223302;213795.0;Pressure On Heavy Touch;51;61;;;;;;Balanced;Balanced;61;3;3;3;;;;;;;;
111651;/team/111651/toronto-fc/230002;23;2;26.09.2022;Toronto;39;Major League Soccer;1;70;Canada;69;75;69;68;896475;Crown Lane;111139;4;7.0;;355500000.0;29.18;25.74;155887;198219;155887;198219;198219;198219.0;155887;198219.0;Balanced;51;61;;;;;;Balanced;Balanced;61;7;3;3;;;;;;;;
111701;/team/111701/al-ain-fc/230002;23;2;26.09.2022;Al Ain;2013;Pro League;1;190;United Arab Emirates;69;76;69;68;335781;Estadio de las Artes (Generic Stadium NG);605;6;9.0;;76000000.0;26.45;25.25;247072;194794;247671;194794;194794;194794.0;247671;247671.0;Balanced;51;51;;;;;;Balanced;Balanced;51;4;3;3;;;;;;;;
111706;/team/111706/godoy-cruz/230002;23;2;26.09.2022;Godoy Cruz;353;Liga Profesional;1;52;Argentina;69;68;69;69;7690084;El Libertador (La Bombastico);111708;1;2.0;;22000000.0;25.82;25.14;215070;261275;240744;261275;240744;240744.0;240744;240744.0;Balanced;51;51;;;;;;Balanced;Balanced;51;4;3;3;;;;;;;;
111711;/team/111711/club-atletico-huracan/230002;23;2;26.09.2022;Huracán;353;Liga Profesional;1;52;Argentina;69;69;69;68;10293509;El Libertador (La Bombastico);1013;2;3.0;;18300000.0;25.0;24.79;223097;223097;223097;223097;223097;223097.0;223097;223097.0;Balanced;51;37;;;;;;Fast Build Up;Forward Runs;61;3;3;3;;;;;;;;
111715;/team/111715/club-atletico-tigre/230002;23;2;26.09.2022;Tigre;353;Liga Profesional;1;52;Argentina;69;72;70;68;109688;Crown Lane;112689;3;4.0;;8000000.0;26.27;25.5;193535;228179;228179;228179;228179;241850.0;245461;228179.0;Balanced;41;51;;;;;;Fast Build Up;Forward Runs;51;4;3;3;;;;;;;;
111716;/team/111716/union-de-santa-fe/230002;23;2;26.09.2022;Unión Santa Fe;353;Liga Profesional;1;52;Argentina;69;68;68;69;133534;Estadio Nacional (El Medio);110406;1;3.0;;13000000.0;25.73;24.0;211272;225073;211272;225073;225073;225073.0;211272;211272.0;Balanced;71;61;;;;;;Long Ball;Direct Passing;61;3;3;3;;;;;;;;
111724;/team/111724/shandong-taishan/230002;23;2;26.09.2022;Shandong Taishan;2012;Super League;1;155;China PR;69;72;69;67;1565626;Stadion Hanguk;111768;3;9.0;;15900000.0;30.0;28.64;176944;195412;195412;195412;195412;176944.0;195412;195412.0;Balanced;51;51;;;;;;Balanced;Balanced;51;6;3;3;;;;;;;;
111817;/team/111817/paris-fc/230002;23;2;26.09.2022;Paris;17;Ligue 2;2;18;France;69;70;69;68;456022;Euro Arena;73;1;9.0;;19000000.0;28.09;26.43;240057;243595;211240;243595;243595;236621.0;194846;243595.0;Balanced;61;51;;;;;;Slow Build Up;Possession;61;5;3;3;;;;;;;;
111928;/team/111928/san-jose-earthquakes/230002;23;2;26.09.2022;San Jose Earthquakes;39;Major League Soccer;1;95;United States;69;71;69;68;37626398;Crown Lane;697;2;4.0;;247500000.0;25.18;24.76;237257;231150;237257;231150;231150;237256.0;226385;226385.0;Press After Possession Loss;81;41;;;;;;Slow Build Up;Possession;81;3;3;3;;;;;;;;
112606;/team/112606/orlando-city-soccer-club/230002;23;2;26.09.2022;Orlando City;39;Major League Soccer;1;95;United States;69;73;69;67;429917;Ivy Lane;112885;5;6.0;;265500000.0;27.27;25.07;204691;204691;242629;204691;204691;255420.0;204691;204691.0;Balanced;61;51;;;;;;Balanced;Balanced;61;5;3;3;;;;;;;;
112689;/team/112689/platense/230002;23;2;26.09.2022;Platense;353;Liga Profesional;1;52;Argentina;69;69;69;69;467951;Crown Lane;111019;1;1.0;;5500000.0;25.55;26.11;255197;261011;261011;261011;261011;215112.0;261011;261011.0;Balanced;51;51;;;;;;Fast Build Up;Forward Runs;51;3;3;3;;;;;;;;
112716;/team/112716/club-cerro-porteno/230002;23;2;26.09.2022;Cerro Porte?o;337;Primera División;1;58;Paraguay;69;69;70;68;474745;Estadio Nacional (El Medio);101108;6;10.0;;54500000.0;28.18;25.17;231093;219553;219553;219553;219553;219553.0;219553;214366.0;Balanced;51;51;;;;;;Fast Build Up;Forward Runs;61;3;3;3;;;;;;;;
114161;/team/114161/austin-fc/230002;23;2;26.09.2022;Austin;39;Major League Soccer;1;95;United States;69;68;71;66;261512;Molton Road (Sheldon Stadium);698;1;3.0;;170000000.0;28.09;26.07;205895;221125;205895;221125;221125;221125.0;201895;201895.0;Balanced;71;81;;;;;;Balanced;Balanced;81;5;3;3;;;;;;;;
114162;/team/114162/nashville-sc/230002;23;2;26.09.2022;Nashville SC;39;Major League Soccer;1;95;United States;69;70;69;71;12562146;Stadio Classico;112885;2;2.0;;180000000.0;28.82;27.19;176071;210021;210021;210021;210021;210021.0;210021;210021.0;Balanced;51;41;;;;;;Fast Build Up;Forward Runs;41;3;3;3;;;;;;;;
27;/team/27/fc-hansa-rostock/230002;23;2;26.09.2022;Hansa Rostock;20;2. Bundesliga;2;21;Germany;68;69;68;68;460205;Stade Municipal;110329;1;3.0;;12900000.0;27.18;26.07;211946;246256;246256;246256;246256;202456.0;246256;211982.0;Balanced;61;61;;;;;;Long Ball;Direct Passing;61;6;3;3;;;;;;;;
29;/team/29/1-fc-kaiserslautern/230002;23;2;26.09.2022;Kaiserslautern;20;2. Bundesliga;2;21;Germany;68;68;67;68;896509;Stadion Europa (Generic Europe 2);110532;1;2.0;;13200000.0;29.0;25.87;216381;199351;199351;199351;223755;223755.0;223755;223755.0;Balanced;51;51;;;;;;Balanced;Balanced;61;5;3;3;;;;;;;;
106;/team/106/sunderland/230002;23;2;26.09.2022;Sunderland;14;Championship;2;14;England;68;69;67;67;455344;Stadium of Light;13;2;4.0;;13000000.0;24.82;22.52;186135;205351;205351;205351;205351;244319.0;205351;205351.0;Balanced;51;41;;;;;;Balanced;Balanced;61;3;3;3;;;;;;;;
190;/team/190/brescia/230002;23;2;26.09.2022;Brescia;32;Serie B;2;27;Italy;68;67;68;69;1452340;Stadio Classico;39;1;8.0;;37000000.0;25.64;24.52;202489;235379;235379;235379;235379;222959.0;240685;202489.0;Balanced;61;51;;;;;;Fast Build Up;Forward Runs;61;3;3;3;;;;;;;;
199;/team/199/perugia/230002;23;2;26.09.2022;Perugia;32;Serie B;2;27;Italy;68;69;66;69;468798;Stadio Classico;570;1;6.0;;16000000.0;28.0;25.96;178117;258632;242204;258632;258632;220671.0;242204;242204.0;Balanced;41;41;;;;;;Fast Build Up;Forward Runs;51;3;3;3;;;;;;;;
203;/team/203/urbs-reggina-1914/230002;23;2;26.09.2022;Reggina;32;Serie B;2;27;Italy;68;68;71;69;127495;Stadio Classico;112168;1;3.0;;15000000.0;30.09;26.75;189118;160766;225040;160766;160766;160766.0;225040;225040.0;Balanced;61;41;;;;;;Balanced;Balanced;61;3;3;3;;;;;;;;
210;/team/210/stade-malherbe-caen/230002;23;2;26.09.2022;Caen;17;Ligue 2;2;18;France;68;67;67;68;456153;Stade Municipal;1738;1;5.0;;17000000.0;26.55;24.24;184190;247534;247534;247534;247534;223510.0;247534;247534.0;Balanced;41;51;;;;;;Fast Build Up;Forward Runs;61;3;3;3;;;;;;;;
226;/team/226/fc-sochaux-montbeliard/230002;23;2;26.09.2022;Sochaux;17;Ligue 2;2;18;France;68;68;68;68;97208;Stadion Neder;76;1;7.0;;17000000.0;25.82;24.48;237132;237132;237132;237132;237132;237132.0;225169;237132.0;Balanced;51;51;;;;;;Balanced;Balanced;61;4;3;3;;;;;;;;
254;/team/254/sk-rapid-wien/230002;23;2;26.09.2022;Rapid Wien;80;Bundesliga;1;4;Austria;68;70;68;67;51306;Stadion Europa (Generic Europe 2);256;5;8.0;;50000000.0;25.36;24.46;193584;256548;256548;256548;256548;193584.0;256548;256548.0;Balanced;71;61;;;;;;Slow Build Up;Possession;71;4;3;3;;;;;;;;
308;/team/308/universitatea-craiova/230002;23;2;26.09.2022;Universitatea Craiova;330;Liga 1;1;39;Romania;68;68;68;67;163743;Sanderson Park (FIFA 13 NEW generic);115716;3;9.0;;7000000.0;28.09;26.86;243000;231726;251880;231726;231726;231726.0;251880;251880.0;Balanced;51;51;;;;;;Fast Build Up;Forward Runs;61;4;3;3;;;;;;;;
324;/team/324/servette-fc/230002;23;2;26.09.2022;Servette;189;Super League;1;47;Switzerland;68;69;67;67;19980296;Stadion Neder;110770;3;5.0;;10300000.0;28.09;24.82;206307;206254;206254;206254;206254;206254.0;206254;206254.0;Balanced;51;41;;;;;;Balanced;Balanced;81;3;3;3;;;;;;;;
456;/team/456/racing-santander/230002;23;2;26.09.2022;Racing Santander;54;La Liga 2;2;45;Spain;68;67;67;69;524660;Stade Municipal;448;1;5.0;;4400000.0;27.36;25.39;254005;191222;191222;191222;191222;245550.0;191222;191222.0;Balanced;41;41;;;;;;Fast Build Up;Forward Runs;51;3;3;3;;;;;;;;
518;/team/518/gd-chaves/230002;23;2;26.09.2022;Chaves;308;Liga Portugal;1;38;Portugal;68;66;67;68;1552838;Euro Park;111539;1;2.0;;5600000.0;27.0;25.07;222832;192528;192528;192528;192528;214942.0;222832;222832.0;Pressure On Heavy Touch;61;61;;;;;;Balanced;Balanced;61;8;3;3;;;;;;;;
543;/team/543/ssv-jahn-regensburg/230002;23;2;26.09.2022;Jahn Regensburg;20;3. Liga;2;21;Germany;68;67;68;68;35564;Molton Road (Sheldon Stadium);111239;1;3.0;;8900000.0;26.73;25.48;228883;229702;229702;229702;229702;234476.0;229702;229702.0;Press After Possession Loss;61;61;;;;;;Fast Build Up;Forward Runs;51;5;3;3;;;;;;;;
570;/team/570/ternana/230002;23;2;26.09.2022;Ternana;32;Serie B;2;27;Italy;68;69;67;69;1553030;Stadion 23. Maj;199;1;7.0;;15000000.0;28.18;27.0;224982;224982;224982;224982;224982;203668.0;201530;201530.0;Press After Possession Loss;71;61;;;;;;Balanced;Balanced;71;4;3;3;;;;;;;;
576;/team/576/holstein-kiel/230002;23;2;26.09.2022;Holstein Kiel;20;2. Bundesliga;2;21;Germany;68;68;68;68;35399;Crown Lane;110329;1;5.0;;16900000.0;26.36;26.0;230855;209485;209485;209485;209485;209485.0;231614;209485.0;Balanced;61;41;;;;;;Slow Build Up;Possession;61;4;3;3;;;;;;;;
680;/team/680/sint-truidense-vv/230002;23;2;26.09.2022;Sint-Truiden;4;Jupiler Pro League;1;7;Belgium;68;69;68;67;459717;Forest Park Stadium (Square Ground);673;3;5.0;;30000000.0;28.09;25.88;204776;180255;239028;180255;180255;194365.0;239028;180255.0;Balanced;51;41;;;;;;Fast Build Up;Forward Runs;51;4;3;3;;;;;;;;
681;/team/681/kvc-westerlo/230002;23;2;26.09.2022;Westerlo;4;Jupiler Pro League;1;7;Belgium;68;66;69;68;31205;Molton Road (Sheldon Stadium);110724;1;3.0;;15000000.0;24.91;25.44;162220;200529;251479;251479;200529;206018.0;200529;200529.0;Balanced;41;41;;;;;;Slow Build Up;Possession;51;3;3;3;;;;;;;;
682;/team/682/kv-oostende/230002;23;2;26.09.2022;KV Oostende;4;Jupiler Pro League;1;7;Belgium;68;66;68;67;1030203;Court Lane;231;1;2.0;;25000000.0;23.18;23.25;255400;257398;257307;257398;257398;221350.0;236846;239307.0;Press After Possession Loss;51;61;;;;;;Long Ball;Direct Passing;51;4;3;3;;;;;;;;
694;/team/694/colorado-rapids/230002;23;2;26.09.2022;Colorado Rapids;39;Major League Soccer;1;95;United States;68;71;70;66;20326070;Euro Arena;111065;1;4.0;;171000000.0;28.55;25.8;204709;204709;239782;204709;204709;204709.0;229707;203796.0;Balanced;41;41;;;;;;Long Ball;Direct Passing;61;4;3;3;;;;;;;;
696;/team/696/sporting-kansas-city/230002;23;2;26.09.2022;Sporting Kansas City;39;Major League Soccer;1;95;United States;68;61;71;66;524398;Stadion Neder;698;2;7.0;;292500000.0;28.73;26.26;185068;185068;185068;185068;185068;185068.0;232148;185068.0;Press After Possession Loss;71;71;;;;;;Slow Build Up;Possession;71;7;3;3;;;;;;;;
698;/team/698/houston-dynamo/230002;23;2;26.09.2022;Houston Dynamo;39;Major League Soccer;1;95;United States;68;68;71;66;37430442;Stadion Neder;695;2;6.0;;252000000.0;28.82;25.54;226803;244832;243544;244832;244832;244832.0;156519;156519.0;Pressure On Heavy Touch;51;51;;;;;;Fast Build Up;Forward Runs;71;4;3;3;;;;;;;;
708;/team/708/hammarby-if/230002;23;2;26.09.2022;Hammarby;56;Allsvenskan;1;46;Sweden;68;69;68;67;18932187;Sanderson Park (FIFA 13 NEW generic);710;1;8.0;;14900000.0;26.91;25.19;213471;201888;213471;197240;201888;201888.0;197240;197240.0;Pressure On Heavy Touch;61;51;;;;;;Fast Build Up;Forward Runs;61;4;3;3;;;;;;;;
710;/team/710/djurgardens-if/230002;23;2;26.09.2022;Djurg?rden;56;Allsvenskan;1;46;Sweden;68;68;68;68;37528432;Sanderson Park (FIFA 13 NEW generic);433;1;9.0;;18300000.0;27.55;26.35;208437;208437;208437;208437;208437;259921.0;213763;208437.0;Press After Possession Loss;51;61;;;;;;Balanced;Balanced;61;5;3;3;;;;;;;;
1438;/team/1438/santa-clara/230002;23;2;26.09.2022;Santa Clara;308;Liga Portugal;1;38;Portugal;68;70;67;69;37524256;Euro Park;1893;1;4.0;;8500000.0;26.0;24.17;176630;229473;229473;229473;229473;229473.0;229473;229473.0;Balanced;51;51;;;;;;Long Ball;Direct Passing;61;4;3;3;;;;;;;;
1478;/team/1478/jeju-united-fc/230002;23;2;26.09.2022;Jeju United;83;K League 1;1;167;Korea Republic;68;68;69;65;942499;Estadio de las Artes (Generic Stadium NG);981;2;7.0;;13100000.0;29.36;27.43;202749;221467;221467;221467;221467;213189.0;222798;222798.0;Pressure On Heavy Touch;41;51;;;;;;Fast Build Up;Forward Runs;51;3;3;3;;;;;;;;
1750;/team/1750/ksv-cercle-brugge/230002;23;2;26.09.2022;Cercle Brugge;4;Jupiler Pro League;1;7;Belgium;68;68;69;66;35279764;Waldstadion (Fussballstadion);231;2;4.0;;30000000.0;23.18;22.82;201438;247144;201438;247144;247144;247144.0;247144;247144.0;Press After Possession Loss;31;51;;;;;;Fast Build Up;Forward Runs;41;6;3;3;;;;;;;;
1843;/team/1843/palermo/230002;23;2;26.09.2022;Palermo;32;Serie B;2;27;Italy;68;68;68;68;127492;Stadio Classico;45;2;8.0;;20000000.0;26.91;25.14;253019;240095;240095;240095;240095;253019.0;244836;244836.0;Pressure On Heavy Touch;51;71;;;;;;Slow Build Up;Possession;51;6;3;3;;;;;;;;
1848;/team/1848/bari/230002;23;2;26.09.2022;Bari 1908;32;Serie B;2;27;Italy;68;69;68;67;130912;Stadion Olympik;347;2;9.0;;22000000.0;29.45;28.18;137786;215199;198223;215199;215199;188599.0;215199;215199.0;Balanced;41;51;;;;;;Balanced;Balanced;41;3;3;3;;;;;;;;
1871;/team/1871/legia-warszawa/230002;23;2;26.09.2022;Legia Warszawa;66;Ekstraklasa;1;37;Poland;68;73;67;68;896549;Waldstadion (Fussballstadion);873;4;10.0;;8000000.0;27.82;25.19;177790;199739;199739;199739;199739;199739.0;199739;199739.0;Press After Possession Loss;51;71;;;;;;Fast Build Up;Forward Runs;81;5;3;3;;;;;;;;
1913;/team/1913/sc-heerenveen/230002;23;2;26.09.2022;SC Heerenveen;10;Eredivisie;1;34;Netherlands;68;68;67;69;37524893;Waldstadion (Fussballstadion);647;2;5.0;;41100000.0;25.27;23.13;213000;209316;209316;209316;209316;256453.0;209316;209316.0;Balanced;41;61;;;;;;Balanced;Balanced;61;4;3;3;;;;;;;;
1917;/team/1917/wigan-athletic/230002;23;2;26.09.2022;Wigan Athletic;14;League One;2;14;England;68;67;68;68;37552530;Ivy Lane;4;1;2.0;;9000000.0;29.45;25.97;200309;200667;200667;200667;198489;201911.0;200667;198489.0;Balanced;61;41;;;;;;Long Ball;Direct Passing;61;5;3;3;;;;;;;;
1939;/team/1939/huddersfield-town/230002;23;2;26.09.2022;Huddersfield Town;14;Championship;2;14;England;68;68;67;68;2151;Kirklees Stadium;8;1;6.0;;45000000.0;26.91;23.6;183546;260478;260478;260478;260478;194319.0;260478;260478.0;Pressure On Heavy Touch;61;61;;;;;;Fast Build Up;Forward Runs;61;4;3;3;;;;;;;;
1961;/team/1961/cardiff-city/230002;23;2;26.09.2022;Cardiff City;14;Championship;2;50;Wales;68;68;70;68;869;Cardiff City Stadium;1960;1;7.0;;70000000.0;26.27;24.23;227929;227929;227929;227929;227929;192495.0;227929;192495.0;Balanced;51;41;;;;;;Fast Build Up;Forward Runs;61;5;3;3;;;;;;;;
10846;/team/10846/burgos-cf/230002;23;2;26.09.2022;Burgos;54;La Liga 2;2;45;Spain;68;64;69;66;2511270;Court Lane;110069;1;1.0;;2500000.0;28.64;26.33;233588;189211;189211;189211;189211;208817.0;189211;189211.0;Balanced;41;41;;;;;;Long Ball;Direct Passing;61;4;3;3;;;;;;;;
100761;/team/100761/fcsb-steaua/230002;23;2;26.09.2022;FCSB;330;Liga 1;1;39;Romania;68;68;68;67;107635;Waldstadion (Fussballstadion);310;4;10.0;;13000000.0;25.55;24.11;238274;238274;247972;238274;251236;262447.0;247972;247972.0;Press After Possession Loss;51;51;;;;;;Fast Build Up;Forward Runs;51;5;3;3;;;;;;;;
110404;/team/110404/club-atletico-banfield/230002;23;2;26.09.2022;Banfield;353;Liga Profesional;1;52;Argentina;68;69;68;67;765710;Estadio Nacional (El Medio);110395;3;5.0;;15300000.0;27.36;25.93;142966;142966;142966;142966;142966;142966.0;142966;142966.0;Balanced;61;51;;;;;;Fast Build Up;Forward Runs;71;5;3;3;;;;;;;;
110569;/team/110569/dijon-fco/230002;23;2;26.09.2022;Dijon;17;Ligue 2;2;18;France;68;70;68;67;95070;Court Lane;57;1;5.0;;20000000.0;28.64;25.83;163665;251309;213030;251309;251309;201145.0;237378;251309.0;Balanced;41;41;;;;;;Long Ball;Direct Passing;41;4;3;3;;;;;;;;
110746;/team/110746/pogon-szczecin/230002;23;2;26.09.2022;Pogoñ Szczecin;66;Ekstraklasa;1;37;Poland;68;67;68;67;460391;Stadion Neder;110747;3;9.0;;7900000.0;28.45;25.25;198046;177922;198046;177922;177922;238775.0;177922;198046.0;Balanced;51;71;;;;;;Slow Build Up;Possession;81;6;3;3;;;;;;;;
110770;/team/110770/fc-sion/230002;23;2;26.09.2022;Sion;189;Super League;1;47;Switzerland;68;77;67;64;1846740;Court Lane;324;3;6.0;;14500000.0;27.18;25.67;229336;229336;229336;229336;229336;229336.0;229336;229336.0;Balanced;61;51;;;;;;Balanced;Balanced;51;3;3;3;;;;;;;;
110929;/team/110929/kaizer-chiefs/230002;23;2;26.09.2022;Kaizer Chiefs;347;Premier League;1;140;South Africa;68;69;63;67;286861;Sanderson Park (FIFA 13 NEW generic);110930;6;9.0;;10000000.0;26.73;26.11;205857;225139;228207;225139;218154;218154.0;225139;228207.0;Press After Possession Loss;71;61;;;;;;Fast Build Up;Forward Runs;71;6;3;3;;;;;;;;
110984;/team/110984/cs-emelec/230002;23;2;26.09.2022;Emelec;2018;Liga Pro;1;57;Ecuador;68;69;69;66;471459;Eastpoint Arena (Football Ground);110981;5;8.0;;34000000.0;27.82;27.63;205119;205119;205119;205119;205119;205119.0;205119;205119.0;Pressure On Heavy Touch;51;61;;;;;;Fast Build Up;Forward Runs;61;3;3;3;;;;;;;;
110986;/team/110986/ldu-quito/230002;23;2;26.09.2022;LDU Quito;2018;Liga Pro;1;57;Ecuador;68;69;67;67;524431;Estadio de las Artes (Generic Stadium NG);110981;6;9.0;;32000000.0;25.91;25.81;251132;251132;251132;251132;251132;251132.0;254206;254206.0;Pressure On Heavy Touch;51;71;;;;;;Balanced;Balanced;61;5;3;3;;;;;;;;
111013;/team/111013/club-sporting-cristal/230002;23;2;26.09.2022;Sporting Cristal;2020;Primera Division;1;59;Peru;68;68;69;68;526240;Arena del Centenario (Estadio del Pueblo);111010;5;10.0;;26300000.0;28.64;23.92;246013;246013;246013;246013;246013;204542.0;234180;231930.0;Pressure On Heavy Touch;51;71;;;;;;Slow Build Up;Possession;61;3;3;3;;;;;;;;
111065;/team/111065/real-salt-lake/230002;23;2;26.09.2022;Real Salt Lake;39;Major League Soccer;1;95;United States;68;70;66;66;524071;Crown Lane;694;4;6.0;;211500000.0;27.27;25.8;200395;202223;240448;240448;202223;202223.0;238555;242542.0;Balanced;61;51;;;;;;Fast Build Up;Forward Runs;61;4;3;3;;;;;;;;
111235;/team/111235/1-fc-heidenheim-1846/230002;23;2;26.09.2022;Heidenheim;20;Bundesliga;2;21;Germany;68;69;67;69;458978;Molton Road (Sheldon Stadium);110178;1;6.0;;14400000.0;25.45;24.64;216199;240451;240451;240451;240451;214096.0;240451;224980.0;Balanced;61;41;;;;;;Long Ball;Direct Passing;61;3;3;3;;;;;;;;
111657;/team/111657/frosinone/230002;23;2;26.09.2022;Frosinone;32;Serie A;2;27;Italy;68;67;70;67;94575;Stadion Neder;203;1;5.0;;30000000.0;26.0;24.04;204447;212381;268462;212381;212381;212446.0;268462;268462.0;Balanced;61;51;;;;;;Fast Build Up;Forward Runs;71;4;3;3;;;;;;;;
111707;/team/111707/club-atletico-aldosivi/230002;23;2;26.09.2022;Aldosivi;353;Liga Profesional;1;52;Argentina;68;72;68;66;185049;Stadio Classico;110394;1;1.0;;8200000.0;27.27;25.68;215292;215292;255307;215292;215292;255307.0;255307;255307.0;Balanced;51;51;;;;;;Balanced;Balanced;61;3;3;3;;;;;;;;
112096;/team/112096/ettifaq-fc/230002;23;2;26.09.2022;Al Ettifaq;350;Pro League;1;183;Saudi Arabia;68;68;69;66;458558;Stade Kokoto (Generic Africa 2);112390;3;6.0;;10500000.0;28.64;25.64;224962;208008;205257;208008;208008;205257.0;228627;205257.0;Balanced;51;51;;;;;;Balanced;Balanced;51;3;3;3;;;;;;;;
112390;/team/112390/al-fateh/230002;23;2;26.09.2022;Al Fateh;350;Pro League;1;183;Saudi Arabia;68;69;68;66;2511114;Stade Kokoto (Generic Africa 2);113345;3;6.0;;9000000.0;29.82;26.73;209565;259265;209177;259265;259265;259251.0;214692;214692.0;Balanced;51;51;;;;;;Fast Build Up;Forward Runs;61;4;3;3;;;;;;;;
112513;/team/112513/fc-arouca/230002;23;2;26.09.2022;Arouca;308;Liga Portugal;1;38;Portugal;68;66;69;68;6648081;Aloha Park (Generic Oceania 2);111539;1;2.0;;5700000.0;26.27;25.35;229889;213582;213746;213582;213582;236255.0;262438;262438.0;Balanced;41;51;;;;;;Balanced;Balanced;51;3;3;3;;;;;;;;
112540;/team/112540/shanghai-port-fc/230002;23;2;26.09.2022;Shanghai Port;2012;Super League;1;155;China PR;68;65;64;66;60303;Stadion Olympik;110955;5;8.0;;29000000.0;28.82;27.14;224604;221847;221847;221847;221847;207734.0;221847;221847.0;Press After Possession Loss;51;81;;;;;;Slow Build Up;Possession;61;5;3;3;;;;;;;;
112713;/team/112713/club-atletico-sarmiento/230002;23;2;26.09.2022;Sarmiento;353;Liga Profesional;1;52;Argentina;68;70;68;66;107256;Arena d'Oro;112689;1;1.0;;4500000.0;28.45;27.86;142707;242002;242002;242002;242002;142707.0;242002;242002.0;Pressure On Heavy Touch;51;51;;;;;;Fast Build Up;Forward Runs;61;4;3;3;;;;;;;;
112791;/team/112791/spal/230002;23;2;26.09.2022;SPAL;32;Serie B;2;27;Italy;68;68;67;68;466678;Court Lane;189;1;6.0;;20000000.0;26.18;25.56;229456;252290;252290;252290;252290;220915.0;252290;252290.0;Balanced;51;51;;;;;;Slow Build Up;Possession;51;7;3;3;;;;;;;;
112893;/team/112893/inter-miami-cf/230002;23;2;26.09.2022;Inter Miami;39;Major League Soccer;1;95;United States;68;71;68;66;305;Crown Lane;112606;3;3.0;;330000000.0;27.0;25.17;251410;203895;209238;209238;203895;209238.0;203895;209238.0;Balanced;61;51;;;;;;Slow Build Up;Possession;71;3;3;3;;;;;;;;
112965;/team/112965/club-atletico-central-cordoba/230002;23;2;26.09.2022;Central Cordoba SdE;353;Liga Profesional;1;52;Argentina;68;67;68;68;37649082;Sanderson Park (FIFA 13 NEW generic);111708;1;1.0;;7300000.0;29.55;27.46;251212;263365;251212;251139;263365;214965.0;251212;263365.0;Balanced;61;41;;;;;;Long Ball;Direct Passing;61;3;3;3;;;;;;;;
113044;/team/113044/barracas-central/230002;23;2;26.09.2022;Barracas Central;353;Liga Profesional;1;52;Argentina;68;68;68;68;37326181;Arena del Centenario (Estadio del Pueblo);111711;1;1.0;;4500000.0;27.18;27.63;266867;266867;266867;266867;266867;;266867;266867.0;Pressure On Heavy Touch;51;51;;;;;;Balanced;Balanced;51;3;3;3;;;;;;;;
113149;/team/113149/fc-cincinnati/230002;23;2;26.09.2022;Cincinnati;39;Major League Soccer;1;95;United States;68;68;71;66;261421;Stadion Europa (Generic Europe 2);687;1;1.0;;226500000.0;26.0;25.69;221634;221634;221634;221634;221634;221634.0;221634;221634.0;Balanced;41;41;;;;;;Slow Build Up;Possession;41;3;3;3;;;;;;;;
113981;/team/113981/ud-ibiza/230002;23;2;26.09.2022;UD Ibiza;54;La Liga 2;2;45;Spain;68;68;67;69;185470;Town Park;453;1;2.0;;2800000.0;25.91;25.75;222407;204280;204280;204280;204280;204280.0;204280;204280.0;Balanced;51;41;;;;;;Balanced;Balanced;61;3;3;3;;;;;;;;
114326;/team/114326/rakow-czestochowa/230002;23;2;26.09.2022;Raków Czêstochowa;66;Ekstraklasa;1;37;Poland;68;69;68;67;526036;469;301;3;9.0;;9000000.0;25.64;24.71;239179;239505;222467;222467;239505;233214.0;222467;239505.0;Pressure On Heavy Touch;51;61;;;;;;Balanced;Balanced;61;4;3;3;;;;;;;;
114510;/team/114510/casa-pia/230002;23;2;26.09.2022;Casa Pia;308;Liga Portugal;1;38;Portugal;68;69;70;67;1552127;Euro Arena;10020;1;1.0;;5500000.0;27.82;26.69;185200;232985;232985;200984;232985;200984.0;231392;232985.0;Balanced;51;51;;;;;;Long Ball;Direct Passing;51;3;3;3;;;;;;;;
114640;/team/114640/charlotte-fc/230002;23;2;26.09.2022;Charlotte;39;Major League Soccer;1;95;United States;68;70;64;69;37639917;Stadio Classico;112885;1;1.0;;200000000.0;27.27;24.77;139313;139313;139313;139313;139313;139313.0;233222;233222.0;Balanced;41;41;;;;;;Fast Build Up;Forward Runs;51;5;3;3;;;;;;;;
62;/team/62/en-avant-de-guingamp/230002;23;2;26.09.2022;Guingamp;17;Ligue 2;2;18;France;67;69;66;66;94341;Court Lane;378;1;8.0;;20000000.0;27.36;25.33;231753;192608;192608;192608;192608;213839.0;231753;231753.0;Balanced;51;61;;;;;;Fast Build Up;Forward Runs;61;3;3;3;;;;;;;;
81;/team/81/hibernian/230002;23;2;26.09.2022;Hibernian;50;Premiership;1;42;Scotland;67;67;66;67;1600;Ivy Lane;80;2;7.0;;8300000.0;25.91;24.7;189110;243643;243643;243643;243643;211221.0;243643;243643.0;Balanced;51;61;;;;;;Balanced;Balanced;61;3;3;3;;;;;;;;
91;/team/91/derby-county/230002;23;2;26.09.2022;Derby County;60;League One;3;14;England;67;68;70;66;3311;Molton Road (Sheldon Stadium);14;1;7.0;;9000000.0;26.64;25.19;241419;193849;193849;193849;193849;194018.0;193849;193849.0;Pressure On Heavy Touch;51;51;;;;;;Slow Build Up;Possession;61;4;3;3;;;;;;;;
94;/team/94/ipswich-town/230002;23;2;26.09.2022;Ipswich Town;60;Championship;3;14;England;67;67;67;67;37524146;Ivy Lane;1792;1;10.0;;7000000.0;26.09;26.04;197975;225667;225667;225667;225667;208989.0;213105;225667.0;Press After Possession Loss;61;61;;;;;;Slow Build Up;Possession;61;5;3;3;;;;;;;;
224;/team/224/nimes-olympique/230002;23;2;26.09.2022;Nîmes;17;Ligue 2;2;18;France;67;68;69;66;464864;Town Park;70;1;4.0;;18000000.0;25.18;24.25;236721;244863;244863;244863;244863;231344.0;244863;244863.0;Pressure On Heavy Touch;51;51;;;;;;Slow Build Up;Possession;61;6;3;3;;;;;;;;
256;/team/256/fk-austria-wien/230002;23;2;26.09.2022;Austria Wien;80;Bundesliga;1;4;Austria;67;66;67;68;37575021;Stade Municipal;254;5;6.0;;39000000.0;24.64;23.89;233960;242815;258505;242815;242815;244941.0;242815;242815.0;Pressure On Heavy Touch;51;61;;;;;;Balanced;Balanced;61;4;3;3;;;;;;;;
271;/team/271/aarhus-gf/230002;23;2;26.09.2022;AGF;1;Superliga;1;13;Denmark;67;68;68;66;524374;Euro Arena;269;1;7.0;;10700000.0;25.82;24.58;191083;236883;236883;236883;236883;191083.0;235636;236883.0;Press After Possession Loss;51;51;;;;;;Fast Build Up;Forward Runs;61;4;3;3;;;;;;;;
298;/team/298/rosenborg-bk/230002;23;2;26.09.2022;Rosenborg;41;Eliteserien;1;36;Norway;67;67;67;66;18567633;Forest Park Stadium (Square Ground);417;4;10.0;;25500000.0;24.36;23.52;190549;240040;240040;240040;240040;260567.0;230836;240040.0;Balanced;61;61;;;;;;Slow Build Up;Possession;71;5;3;3;;;;;;;;
310;/team/310/rapid-bucuresti/230002;23;2;26.09.2022;Rapid Bucuresti;330;Liga 1;1;39;Romania;67;68;66;66;95782;Molton Road (Sheldon Stadium);100761;2;7.0;;3500000.0;28.0;25.68;156221;262477;233871;233871;262477;156221.0;262477;262477.0;Balanced;51;41;;;;;;Fast Build Up;Forward Runs;61;3;3;3;;;;;;;;
417;/team/417/molde-fk/230002;23;2;26.09.2022;Molde;41;Eliteserien;1;36;Norway;67;69;66;68;32396043;Stadion Neder;298;3;10.0;;16000000.0;25.82;25.57;153048;153048;153048;153048;153048;263823.0;153048;153048.0;Balanced;41;41;;;;;;Balanced;Balanced;61;4;3;3;;;;;;;;
433;/team/433/aik/230002;23;2;26.09.2022;AIK;56;Allsvenskan;1;46;Sweden;67;70;66;68;184993;Waldstadion (Fussballstadion);710;2;9.0;;18300000.0;29.55;26.27;164459;164459;164459;164459;164459;164459.0;164459;164459.0;Balanced;51;51;;;;;;Balanced;Balanced;61;4;3;3;;;;;;;;
693;/team/693/chicago-fire-football-club/230002;23;2;26.09.2022;Chicago Fire;39;Major League Soccer;1;95;United States;67;70;70;66;261388;El Monumento (Estadio Latino);691;1;5.0;;301500000.0;25.91;23.82;211826;193348;193348;193348;193348;193348.0;227772;227772.0;Balanced;41;41;;;;;;Balanced;Balanced;51;7;3;3;;;;;;;;
700;/team/700/if-elfsborg/230002;23;2;26.09.2022;Elfsborg;56;Allsvenskan;1;46;Sweden;67;66;64;69;457107;Stade Municipal;319;1;6.0;;8600000.0;26.82;23.48;198455;198455;198455;198455;198455;210646.0;198455;198455.0;Balanced;51;51;;;;;;Long Ball;Direct Passing;51;5;3;3;;;;;;;;
820;/team/820/aalborg-bk/230002;23;2;26.09.2022;AaB;1;Superliga;1;13;Denmark;67;67;69;66;24065134;Court Lane;271;1;7.0;;9400000.0;23.82;23.81;203903;243793;213777;203903;243793;213777.0;203903;243793.0;Balanced;51;51;;;;;;Balanced;Balanced;61;4;3;3;;;;;;;;
897;/team/897/fc-luzern/230002;23;2;26.09.2022;Luzern;189;Super League;1;47;Switzerland;67;66;66;67;127536;Molton Road (Sheldon Stadium);898;3;6.0;;12000000.0;25.73;24.0;257186;231077;231077;257186;231077;190058.0;242041;231077.0;Pressure On Heavy Touch;51;51;;;;;;Balanced;Balanced;61;5;3;3;;;;;;;;
982;/team/982/fc-seoul/230002;23;2;26.09.2022;Seoul;83;K League 1;1;167;Korea Republic;67;68;66;65;37523318;Sanderson Park (FIFA 13 NEW generic);983;6;6.0;;16800000.0;25.73;26.39;238097;180283;180283;180283;180283;244582.0;238097;244582.0;Press After Possession Loss;41;51;;;;;;Slow Build Up;Possession;51;8;3;3;;;;;;;;
1474;/team/1474/pohang-steelers/230002;23;2;26.09.2022;Pohang Steelers;83;K League 1;1;167;Korea Republic;67;65;67;66;319508;Stadion Hanguk;1473;5;7.0;;10900000.0;28.73;26.39;202986;202986;202986;202986;202986;202986.0;202986;202986.0;Balanced;41;51;;;;;;Balanced;Balanced;61;3;3;3;;;;;;;;
1744;/team/1744/modena/230002;23;2;26.09.2022;Modena;32;Serie B;2;27;Italy;67;68;65;67;1553202;Crown Lane;189;1;4.0;;12000000.0;29.18;26.5;230925;200930;189065;200930;200930;200930.0;200930;200930.0;Balanced;61;51;;;;;;Slow Build Up;Possession;61;3;3;3;;;;;;;;
1786;/team/1786/randers-fc/230002;23;2;26.09.2022;Randers;1;Superliga;1;13;Denmark;67;66;66;66;457649;Court Lane;271;1;5.0;;5500000.0;26.91;25.0;180174;201271;201271;201271;229504;241659.0;229504;229504.0;Balanced;61;51;;;;;;Balanced;Balanced;61;3;3;3;;;;;;;;
1797;/team/1797/rotherham-united/230002;23;2;26.09.2022;Rotherham United;14;Championship;2;14;England;67;66;68;66;2733;Molton Road (Sheldon Stadium);1807;1;1.0;;4700000.0;26.18;25.4;156464;227806;227806;227806;192624;227806.0;227806;192624.0;Press After Possession Loss;41;61;;;;;;Long Ball;Direct Passing;61;3;3;3;;;;;;;;
1807;/team/1807/sheffield-wednesday/230002;23;2;26.09.2022;Sheffield Wednesday;60;Championship;3;14;England;67;67;69;67;384;Ivy Lane;1794;1;10.0;;9000000.0;29.18;26.96;183540;183540;183540;183540;183540;219216.0;183540;183540.0;Balanced;61;51;;;;;;Balanced;Balanced;81;3;3;3;;;;;;;;
1915;/team/1915/fc-groningen/230002;23;2;26.09.2022;FC Groningen;10;Eredivisie;1;34;Netherlands;67;69;68;66;19282253;Waldstadion (Fussballstadion);1913;2;5.0;;47400000.0;23.18;22.59;209701;255233;255233;250893;255233;235670.0;250893;255233.0;Balanced;61;51;;;;;;Fast Build Up;Forward Runs;51;3;3;3;;;;;;;;
1926;/team/1926/blackpool/230002;23;2;26.09.2022;Blackpool;14;League One;2;14;England;67;68;66;67;524310;Molton Road (Sheldon Stadium);1801;1;2.0;;5600000.0;23.27;23.76;250810;233105;233105;233105;233105;226507.0;233105;233105.0;Balanced;51;71;;;;;;Fast Build Up;Forward Runs;81;3;3;3;;;;;;;;
1938;/team/1938/peterborough-united/230002;23;2;26.09.2022;Peterborough United;60;League One;3;14;England;67;69;67;67;1749;Court Lane;1944;1;9.0;;8800000.0;23.82;22.71;200779;200779;200779;200779;200779;200779.0;248050;228894.0;Balanced;61;41;;;;;;Slow Build Up;Possession;61;6;3;3;;;;;;;;
2013;/team/2013/kas-eupen/230002;23;2;26.09.2022;AS Eupen;4;Jupiler Pro League;1;7;Belgium;67;68;67;64;474761;Court Lane;232;1;2.0;;20000000.0;24.09;22.89;206577;206577;206577;223596;206577;223596.0;206577;206577.0;Balanced;41;41;;;;;;Balanced;Balanced;71;3;3;3;;;;;;;;
10032;/team/10032/fc-lugano/230002;23;2;26.09.2022;Lugano;189;Super League;1;47;Switzerland;67;68;68;66;198883;Euro Park;110770;2;4.0;;7600000.0;27.73;24.43;229845;240317;229845;108061;240317;240317.0;108061;108061.0;Balanced;61;41;;;;;;Fast Build Up;Forward Runs;71;4;3;3;;;;;;;;
15005;/team/15005/sv-zulte-waregem/230002;23;2;26.09.2022;Zulte-Waregem;4;Jupiler Pro League;1;7;Belgium;67;70;65;66;60361;Ivy Lane;100081;4;5.0;;35000000.0;24.82;24.11;176137;222828;224191;222828;222828;176137.0;224191;222828.0;Balanced;51;51;;;;;;Balanced;Balanced;61;3;3;3;;;;;;;;
100646;/team/100646/sparta-rotterdam/230002;23;2;26.09.2022;Sparta Rotterdam;10;Eredivisie;1;34;Netherlands;67;65;68;66;458500;Stadion Neder;246;1;3.0;;20000000.0;26.91;24.37;185171;237895;185171;237895;226539;237895.0;226539;237895.0;Balanced;41;51;;;;;;Fast Build Up;Forward Runs;51;5;3;3;;;;;;;;
101110;/team/101110/club-atletico-penarol/230002;23;2;26.09.2022;Pe?arol;338;Primera Division;1;60;Uruguay;67;68;67;66;459614;El Libertador (La Bombastico);111325;8;9.0;;48200000.0;28.09;25.14;182859;182859;182859;182859;182859;205972.0;226459;182859.0;Press After Possession Loss;61;61;;;;;;Fast Build Up;Forward Runs;71;5;3;3;;;;;;;;
110069;/team/110069/cd-mirandes/230002;23;2;26.09.2022;Mirandés;54;La Liga 2;2;45;Spain;67;66;68;64;185262;Town Park;463;1;3.0;;2500000.0;23.0;22.75;262742;246169;246169;246169;246169;253416.0;246169;246169.0;Press After Possession Loss;51;41;;;;;;Balanced;Balanced;61;4;3;3;;;;;;;;
110394;/team/110394/arsenal-de-sarandi/230002;23;2;26.09.2022;Arsenal de Sarandi;353;Liga Profesional;1;52;Argentina;67;67;67;67;896665;Arena del Centenario (Estadio del Pueblo);111710;3;3.0;;7500000.0;27.64;25.58;215049;228961;228961;228961;228961;235946.0;228961;215049.0;Balanced;41;41;;;;;;Fast Build Up;Forward Runs;51;3;3;3;;;;;;;;
110456;/team/110456/valenciennes-fc/230002;23;2;26.09.2022;Valenciennes;17;Ligue 2;2;18;France;67;68;66;67;94983;Waldstadion (Fussballstadion);65;1;4.0;;10500000.0;26.0;24.26;199537;199537;199537;199537;199537;199537.0;254784;254784.0;Balanced;51;51;;;;;;Balanced;Balanced;61;4;3;3;;;;;;;;
110500;/team/110500/eintracht-braunschweig/230002;23;2;26.09.2022;Eintracht Braunschweig;20;2. Bundesliga;2;21;Germany;67;68;68;67;36891;Euro Arena;485;1;1.0;;9300000.0;27.45;25.58;169404;207954;232406;207954;207954;198554.0;243904;243904.0;Balanced;51;41;;;;;;Long Ball;Direct Passing;71;3;3;3;;;;;;;;
110581;/team/110581/patronato/230002;23;2;26.09.2022;Patronato;353;Liga Profesional;1;52;Argentina;67;68;67;67;412537;Arena del Centenario (Estadio del Pueblo);111716;1;1.0;;4800000.0;27.0;25.82;234458;220851;220851;220851;220851;243977.0;220851;220851.0;Balanced;51;51;;;;;;Balanced;Balanced;61;3;3;3;;;;;;;;
110588;/team/110588/1-fc-magdeburg/230002;23;2;26.09.2022;Magdeburg;20;2. Bundesliga;2;21;Germany;67;67;67;67;2206526;Stadion Neder;110482;1;1.0;;9500000.0;25.09;24.2;234860;233520;257283;233520;233520;233520.0;233520;233520.0;Pressure On Heavy Touch;61;71;;;;;;Slow Build Up;Possession;61;7;3;3;;;;;;;;
110831;/team/110831/cd-lugo/230002;23;2;26.09.2022;Lugo;54;La Liga 2;2;45;Spain;67;68;68;66;21072678;Court Lane;450;1;3.0;;2600000.0;27.64;24.9;188128;227990;227990;227990;227990;188128.0;179528;179528.0;Pressure On Heavy Touch;51;51;;;;;;Long Ball;Direct Passing;71;4;3;3;;;;;;;;
110969;/team/110969/club-the-strongest/230002;23;2;26.09.2022;The Strongest;2017;Liga De Futbol Prof;1;53;Bolivia;67;67;69;66;37656591;El Monumento (Estadio Latino);114577;4;9.0;;14600000.0;30.73;28.35;247884;259961;233569;259961;259961;217201.0;259961;259961.0;Balanced;51;51;;;;;;Long Ball;Direct Passing;51;3;3;3;;;;;;;;
111011;/team/111011/cienciano/230002;23;2;26.09.2022;Cienciano;2020;Primera Division;1;59;Peru;67;67;68;67;468375;Estadio de las Artes (Generic Stadium NG);111334;4;6.0;;12500000.0;27.36;25.5;253557;253653;253653;219118;253653;253557.0;253653;253653.0;Balanced;51;51;;;;;;Fast Build Up;Forward Runs;51;3;3;3;;;;;;;;
111086;/team/111086/piast-gliwice/230002;23;2;26.09.2022;Piast Gliwice;66;Ekstraklasa;1;37;Poland;67;69;66;66;4977578;Molton Road (Sheldon Stadium);420;3;8.0;;6300000.0;27.09;26.11;214882;211626;211626;194059;211626;190915.0;194059;211626.0;Balanced;51;51;;;;;;Balanced;Balanced;51;4;3;3;;;;;;;;
112120;/team/112120/gzt-giresunspor/230002;23;2;26.09.2022;Giresunspor;68;Super Lig;1;48;Turkey;67;68;67;67;25583713;Stadion Neder;436;1;2.0;;3100000.0;26.64;25.2;262620;262620;262620;262620;262620;262620.0;262620;262620.0;Balanced;51;51;;;;;;Fast Build Up;Forward Runs;61;4;3;3;;;;;;;;
112168;/team/112168/cosenza/230002;23;2;26.09.2022;Cosenza;32;Serie B;2;27;Italy;67;73;66;66;5666628;Euro Arena;110373;1;2.0;;12000000.0;27.73;24.5;179751;203721;203721;203721;203721;179751.0;189557;189557.0;Balanced;51;51;;;;;;Slow Build Up;Possession;61;3;3;3;;;;;;;;
112392;/team/112392/al-raed/230002;23;2;26.09.2022;Al Raed;350;Pro League;1;183;Saudi Arabia;67;68;67;66;456665;Stade Kokoto (Generic Africa 2);112393;2;4.0;;10700000.0;30.36;27.69;210898;240526;205983;240526;240526;259345.0;240526;240526.0;Balanced;61;51;;;;;;Fast Build Up;Forward Runs;71;4;3;3;;;;;;;;
112393;/team/112393/al-taawoun/230002;23;2;26.09.2022;Al Taawon;350;Pro League;1;183;Saudi Arabia;67;75;68;64;24445026;Stade Kokoto (Generic Africa 2);112392;4;6.0;;22100000.0;26.82;25.07;210843;212476;212476;212476;212476;244727.0;212476;212476.0;Pressure On Heavy Touch;61;61;;;;;;Slow Build Up;Possession;61;4;3;3;;;;;;;;
112523;/team/112523/la-equidad/230002;23;2;26.09.2022;La Equidad;336;Liga BetPlay;1;56;Colombia;67;69;68;67;27057544;Arena del Centenario (Estadio del Pueblo);111722;2;4.0;;15500000.0;27.0;26.69;244514;238046;244514;238046;238046;233078.0;238046;238046.0;Balanced;41;51;;;;;;Long Ball;Direct Passing;61;4;3;3;;;;;;;;
112533;/team/112533/cd-antofagasta/230002;23;2;26.09.2022;Antofagasta;335;Primera Division;1;55;Chile;67;65;66;66;896760;Arena d'Oro;110975;1;2.0;;10300000.0;28.27;25.93;232194;213591;213591;213591;213591;267471.0;213591;221489.0;Balanced;51;51;;;;;;Fast Build Up;Forward Runs;61;3;3;3;;;;;;;;
112584;/team/112584/cd-everton-de-vina-del-mar/230002;23;2;26.09.2022;Everton;335;Primera Division;1;55;Chile;67;69;65;68;25931173;Estadio Presidente G.Lopes;110980;2;4.0;;15000000.0;28.18;25.62;158956;165531;165531;165531;165531;165531.0;165531;165531.0;Pressure On Heavy Touch;51;41;;;;;;Balanced;Balanced;61;4;3;3;;;;;;;;
113057;/team/113057/al-fayha/230002;23;2;26.09.2022;Al Fayha;350;Pro League;1;183;Saudi Arabia;67;70;68;62;1552604;Stade Kokoto (Generic Africa 2);112392;2;4.0;;6100000.0;30.64;28.27;238902;190084;190084;190084;190084;190084.0;190084;190084.0;Balanced;41;41;;;;;;Balanced;Balanced;51;4;3;3;;;;;;;;
113217;/team/113217/damac-fc/230002;23;2;26.09.2022;Damac;350;Pro League;1;183;Saudi Arabia;67;68;70;64;37287279;Stade Kokoto (Generic Africa 2);113058;1;3.0;;4900000.0;29.64;26.72;254895;216351;216351;216351;216351;216351.0;216351;216351.0;Balanced;41;41;;;;;;Balanced;Balanced;51;3;3;3;;;;;;;;
113796;/team/113796/umraniyespor/230002;23;2;26.09.2022;Ümraniyespor;68;Super Lig;1;48;Turkey;67;67;66;67;7693712;469;111117;1;1.0;;1000000.0;30.45;27.44;144172;269871;269871;269871;269871;269871.0;199283;199283.0;Pressure On Heavy Touch;51;51;;;;;;Long Ball;Direct Passing;51;3;3;3;;;;;;;;
116361;/team/116361/wuhan-three-towns/230002;23;2;26.09.2022;Wuhan Three Towns;2012;Super League;1;155;China PR;67;73;66;66;1553229;Euro Arena;112541;1;7.0;;15300000.0;29.18;28.61;222235;212207;212207;212207;212207;212207.0;212207;212207.0;Balanced;51;51;;;;;;Balanced;Balanced;51;3;3;3;;;;;;;;
33;/team/33/tsv-1860-munchen/230002;23;2;26.09.2022;1860 München;2076;3. Liga;3;21;Germany;66;66;65;65;456450;Town Park;111239;1;10.0;;5600000.0;25.27;24.29;213117;204044;204044;204044;204044;204044.0;204044;204044.0;Balanced;51;61;;;;;;Balanced;Balanced;51;4;3;3;;;;;;;;
181;/team/181/dundee-united/230002;23;2;26.09.2022;Dundee United;50;Premiership;1;42;Scotland;66;64;65;67;171828;Court Lane;77;2;7.0;;4000000.0;27.64;25.0;208752;178417;178417;178417;178417;178417.0;243349;178417.0;Balanced;51;41;;;;;;Slow Build Up;Possession;51;4;3;3;;;;;;;;
270;/team/270/silkeborg-if/230002;23;2;26.09.2022;Silkeborg;1;Superliga;1;13;Denmark;66;67;66;66;457779;Court Lane;1516;1;3.0;;5000000.0;25.18;23.85;201265;201265;231233;201265;201265;201265.0;201266;250855.0;Balanced;51;61;;;;;;Fast Build Up;Forward Runs;41;4;3;3;;;;;;;;
299;/team/299/lillestrom-sk/230002;23;2;26.09.2022;Lillestr?m;41;Eliteserien;1;36;Norway;66;68;66;66;458681;Crown Lane;920;1;6.0;;7500000.0;25.73;24.24;197954;197954;247009;197954;197954;213778.0;246389;246389.0;Balanced;61;51;;;;;;Balanced;Balanced;61;4;3;3;;;;;;;;
300;/team/300/viking-fk/230002;23;2;26.09.2022;Viking;41;Eliteserien;1;36;Norway;66;68;65;66;37571867;Molton Road (Sheldon Stadium);1463;1;6.0;;10200000.0;24.91;24.0;205214;205214;205214;205214;205214;205214.0;205214;205214.0;Press After Possession Loss;51;51;;;;;;Fast Build Up;Forward Runs;61;4;3;3;;;;;;;;
319;/team/319/ifk-goteborg/230002;23;2;26.09.2022;IFK Göteborg;56;Allsvenskan;1;46;Sweden;66;70;65;65;452689;Stadion Neder;433;1;7.0;;12100000.0;28.55;24.63;176733;144429;201965;191111;144429;176733.0;201965;144429.0;Press After Possession Loss;51;51;;;;;;Fast Build Up;Forward Runs;61;7;3;3;;;;;;;;
322;/team/322/grasshopper-club-zurich/230002;23;2;26.09.2022;Grasshopper;189;Super League;1;47;Switzerland;66;63;67;66;896655;Euro Arena;894;3;4.0;;14200000.0;25.36;23.96;199282;232823;239016;239016;232823;239016.0;239016;239016.0;Balanced;71;51;;;;;;Fast Build Up;Forward Runs;61;3;3;3;;;;;;;;
503;/team/503/sg-dynamo-dresden/230002;23;2;26.09.2022;Dynamo Dresden;2076;3. Liga;3;21;Germany;66;66;66;66;344426;Stadion Neder;506;1;10.0;;10300000.0;25.09;24.11;211723;231424;211723;231424;231424;216377.0;231424;231424.0;Balanced;51;41;;;;;;Long Ball;Direct Passing;61;3;3;3;;;;;;;;
647;/team/647/sc-cambuur/230002;23;2;26.09.2022;SC Cambuur;10;Eredivisie;1;34;Netherlands;66;66;67;66;456650;Crown Lane;1913;1;2.0;;17700000.0;24.18;24.37;245212;242381;242381;242381;242381;243716.0;208878;242381.0;Balanced;51;51;;;;;;Balanced;Balanced;61;4;3;3;;;;;;;;
702;/team/702/ifk-norrkoping/230002;23;2;26.09.2022;Norrköping;56;Allsvenskan;1;46;Sweden;66;68;67;65;459045;Molton Road (Sheldon Stadium);320;1;8.0;;14700000.0;27.64;24.79;202905;239669;239669;239669;239669;202905.0;239669;239669.0;Press After Possession Loss;51;71;;;;;;Slow Build Up;Possession;61;5;3;3;;;;;;;;
711;/team/711/bk-hacken/230002;23;2;26.09.2022;Häcken;56;Allsvenskan;1;46;Sweden;66;66;67;65;896740;Molton Road (Sheldon Stadium);319;1;7.0;;11600000.0;27.36;24.76;213614;213614;234488;213614;213614;221605.0;234488;213614.0;Press After Possession Loss;61;51;;;;;;Fast Build Up;Forward Runs;61;6;3;3;;;;;;;;
898;/team/898/fc-st-gallen-1879/230002;23;2;26.09.2022;St. Gallen;189;Super League;1;47;Switzerland;66;66;64;65;455701;Stadion Neder;897;4;6.0;;18000000.0;24.18;23.14;228645;210619;210619;210619;210619;210619.0;210619;228645.0;Press After Possession Loss;51;51;;;;;;Balanced;Balanced;41;4;3;3;;;;;;;;
920;/team/920/valerenga-fotball/230002;23;2;26.09.2022;V?lerenga;41;Eliteserien;1;36;Norway;66;67;65;68;456414;Ivy Lane;299;2;8.0;;10100000.0;26.36;24.3;183377;186267;186267;186267;242640;193422.0;186267;242640.0;Pressure On Heavy Touch;51;51;;;;;;Slow Build Up;Possession;71;6;3;3;;;;;;;;
983;/team/983/suwon-samsung-bluewings/230002;23;2;26.09.2022;Suwon Bluewings;83;K League 1;1;167;Korea Republic;66;65;66;67;22536116;Estadio de las Artes (Generic Stadium NG);982;3;5.0;;12300000.0;27.27;27.5;202978;212066;244517;212066;212066;248712.0;212066;212066.0;Balanced;51;51;;;;;;Fast Build Up;Forward Runs;61;3;3;3;;;;;;;;
1738;/team/1738/le-havre-ac/230002;23;2;26.09.2022;Le Havre;17;Ligue 1;2;18;France;66;66;64;67;3187813;Waldstadion (Fussballstadion);210;1;6.0;;17000000.0;24.82;23.29;213841;225584;225584;225584;225584;225584.0;225584;225584.0;Balanced;61;41;;;;;;Balanced;Balanced;61;3;3;3;;;;;;;;
1790;/team/1790/portsmouth/230002;23;2;26.09.2022;Portsmouth;60;League One;3;14;England;66;66;67;67;896541;Fratton Park;17;1;8.0;;5500000.0;25.73;25.36;238450;196916;196916;196916;196916;221692.0;196916;196916.0;Press After Possession Loss;51;61;;;;;;Balanced;Balanced;61;4;3;3;;;;;;;;
1805;/team/1805/grenoble-foot-38/230002;23;2;26.09.2022;Grenoble Foot 38;17;Ligue 2;2;18;France;66;64;65;65;94233;Stadion Neder;66;1;4.0;;10000000.0;26.55;25.97;196316;208585;208585;208585;208585;208585.0;208585;208585.0;Balanced;51;51;;;;;;Fast Build Up;Forward Runs;61;3;3;3;;;;;;;;
1816;/team/1816/amiens-sc/230002;23;2;26.09.2022;Amiens SC;17;Ligue 2;2;18;France;66;67;67;66;460151;Stadion Neder;65;1;4.0;;13000000.0;25.0;23.76;176994;224590;224590;224590;224590;258911.0;224590;224590.0;Balanced;71;37;;;;;;Fast Build Up;Forward Runs;61;3;3;3;;;;;;;;
1854;/team/1854/albacete-bp/230002;23;2;26.09.2022;Albacete;54;La Liga 2;2;45;Spain;66;64;67;66;533871;Estadio Nacional (El Medio);1853;1;4.0;;2500000.0;26.45;25.07;252079;252079;252079;252079;252079;215615.0;252079;252079.0;Balanced;51;41;;;;;;Fast Build Up;Forward Runs;51;4;3;3;;;;;;;;
1905;/team/1905/rkc-waalwijk/230002;23;2;26.09.2022;RKC Waalwijk;10;Eredivisie;1;34;Netherlands;66;66;65;66;22158402;Molton Road (Sheldon Stadium);634;1;2.0;;15000000.0;26.27;25.31;184614;225531;225531;225531;225531;184614.0;220118;220118.0;Balanced;51;41;;;;;;Balanced;Balanced;51;4;3;3;;;;;;;;
1933;/team/1933/wycombe-wanderers/230002;23;2;26.09.2022;Wycombe Wanderers;60;League One;3;14;England;66;67;66;67;1819;Court Lane;1935;1;6.0;;5500000.0;28.82;25.79;183449;183449;183449;183449;183449;183449.0;183449;183449.0;Press After Possession Loss;71;51;;;;;;Long Ball;Direct Passing;71;6;3;3;;;;;;;;
1951;/team/1951/oxford-united/230002;23;2;26.09.2022;Oxford United;60;League One;3;14;England;66;65;66;65;455357;Court Lane;1934;1;7.0;;4800000.0;26.45;25.14;235263;220940;220940;220940;220940;220940.0;200440;200440.0;Pressure On Heavy Touch;61;61;;;;;;Slow Build Up;Possession;71;5;3;3;;;;;;;;
2017;/team/2017/tsv-egger-glas-hartberg/230002;23;2;26.09.2022;Hartberg;80;Bundesliga;1;4;Austria;66;68;65;65;452767;Euro Park;209;1;2.0;;10000000.0;27.91;26.57;229817;212114;243618;212114;212114;201891.0;212114;212114.0;Balanced;61;51;;;;;;Fast Build Up;Forward Runs;51;5;3;3;;;;;;;;
100628;/team/100628/fc-emmen/230002;23;2;26.09.2022;FC Emmen;10;Eredivisie;1;34;Netherlands;66;65;66;66;458537;Court Lane;1915;1;2.0;;14400000.0;25.73;24.37;189512;216289;216289;216289;216289;216289.0;216289;216289.0;Balanced;51;41;;;;;;Fast Build Up;Forward Runs;51;3;3;3;;;;;;;;
100632;/team/100632/go-ahead-eagles/230002;23;2;26.09.2022;Go Ahead Eagles;10;Eredivisie;1;34;Netherlands;66;63;66;67;455925;Molton Road (Sheldon Stadium);1908;1;2.0;;15900000.0;23.36;23.33;217585;239406;239406;239406;239406;239406.0;262403;262403.0;Balanced;41;41;;;;;;Fast Build Up;Forward Runs;51;4;3;3;;;;;;;;
110532;/team/110532/sv-waldhof-mannheim-07/230002;23;2;26.09.2022;Waldhof Mannheim;2076;3. Liga;3;21;Germany;66;66;66;66;20693361;Stadion Neder;29;1;9.0;;3800000.0;27.73;25.07;239181;211703;211703;211703;211703;244133.0;211703;211703.0;Pressure On Heavy Touch;51;61;;;;;;Slow Build Up;Possession;61;4;3;3;;;;;;;;
110745;/team/110745/jagiellonia-bialystok/230002;23;2;26.09.2022;Jagiellonia Bia³ystok;66;Ekstraklasa;1;37;Poland;66;66;66;66;154013;Waldstadion (Fussballstadion);1871;3;8.0;;6200000.0;27.91;25.32;224336;251486;251486;201129;251486;236692.0;201129;251486.0;Balanced;51;51;;;;;;Balanced;Balanced;61;4;3;3;;;;;;;;
110765;/team/110765/incheon-united-fc/230002;23;2;26.09.2022;Incheon United;83;K League 1;1;167;Korea Republic;66;64;69;66;465969;Estadio de las Artes (Generic Stadium NG);982;1;1.0;;10200000.0;28.45;29.11;221643;242737;242737;242737;242737;242737.0;242737;242737.0;Balanced;71;41;;;;;;Balanced;Balanced;61;6;3;3;;;;;;;;
110974;/team/110974/club-deportivo-jorge-wilstermann/230002;23;2;26.09.2022;Wilstermann;2017;Liga De Futbol Prof;1;53;Bolivia;66;65;65;63;22158887;Arena d'Oro;110970;3;7.0;;13500000.0;28.55;27.92;223553;223553;223553;223553;223553;223553.0;223553;223553.0;Balanced;61;51;;;;;;Balanced;Balanced;51;3;3;3;;;;;;;;
110977;/team/110977/union-espanola/230002;23;2;26.09.2022;Unión Espa?ola;335;Primera Division;1;55;Chile;66;68;64;66;219788;Arena del Centenario (Estadio del Pueblo);112535;3;6.0;;15500000.0;27.45;26.04;202089;244825;205410;205410;244825;219614.0;244825;244825.0;Balanced;51;41;;;;;;Fast Build Up;Forward Runs;51;5;3;3;;;;;;;;
110989;/team/110989/caracas-futbol-club/230002;23;2;26.09.2022;Caracas;2019;Primera Division;1;61;Venezuela;66;66;65;66;37324873;Euro Arena;110990;3;9.0;;13500000.0;25.55;23.56;209073;261226;261226;261226;261226;261227.0;255061;255061.0;Balanced;41;51;;;;;;Long Ball;Direct Passing;51;4;3;3;;;;;;;;
111091;/team/111091/lechia-gdansk/230002;23;2;26.09.2022;Lechia Gdañsk;66;Ekstraklasa;1;37;Poland;66;69;66;65;458915;Sanderson Park (FIFA 13 NEW generic);1871;3;8.0;;6500000.0;28.45;26.15;194082;210000;210000;210000;210000;194082.0;244521;223307.0;Balanced;51;61;;;;;;Balanced;Balanced;61;4;3;3;;;;;;;;
111239;/team/111239/fc-ingolstadt-04/230002;23;2;26.09.2022;Ingolstadt;2076;3. Liga;3;21;Germany;66;66;65;65;460156;Stadion Neder;33;1;10.0;;12500000.0;25.09;23.93;211954;211954;211954;211954;211954;198019.0;236787;256746.0;Balanced;51;51;;;;;;Fast Build Up;Forward Runs;51;5;3;3;;;;;;;;
111326;/team/111326/liverpool-futbol-club/230002;23;2;26.09.2022;Liverpool;338;Primera Division;1;60;Uruguay;66;67;66;66;212901;Arena del Centenario (Estadio del Pueblo);111001;2;7.0;;15200000.0;24.27;22.71;255882;255878;255878;255878;255878;255878.0;255878;255878.0;Balanced;51;51;;;;;;Slow Build Up;Possession;81;8;3;3;;;;;;;;
111397;/team/111397/melbourne-victory/230002;23;2;26.09.2022;Melbourne Victory;351;A-League;1;195;Australia;66;65;68;65;896782;Stade Municipal;111400;5;8.0;;11500000.0;28.36;25.67;203308;240262;240262;240262;240262;240262.0;240262;240262.0;Balanced;41;51;;;;;;Balanced;Balanced;61;3;3;3;;;;;;;;
111768;/team/111768/beijing-guoan-fc/230002;23;2;26.09.2022;Beijing Guoan;2012;Super League;1;155;China PR;66;69;66;65;458508;Stadion Hanguk;110955;5;8.0;;10300000.0;29.73;27.46;183997;221820;222734;221820;221820;228017.0;222734;221820.0;Balanced;41;51;;;;;;Slow Build Up;Possession;51;3;3;3;;;;;;;;
111822;/team/111822/rz-pellets-wolfsberger-ac/230002;23;2;26.09.2022;Wolfsberger AC;80;Bundesliga;1;4;Austria;66;67;66;65;12066298;Euro Park;209;4;5.0;;15000000.0;24.91;23.76;216182;216182;216182;216182;216182;263180.0;216182;216182.0;Pressure On Heavy Touch;41;51;;;;;;Fast Build Up;Forward Runs;41;3;3;3;;;;;;;;
112184;/team/112184/club-atletico-river-plate/230002;23;2;26.09.2022;River Plate;338;Primera Division;1;60;Uruguay;66;66;67;67;2876007;Arena del Centenario (Estadio del Pueblo);111001;2;5.0;;15500000.0;27.64;24.81;174379;174379;174379;174379;174379;174379.0;174379;174379.0;Balanced;61;51;;;;;;Balanced;Balanced;71;4;3;3;;;;;;;;
112224;/team/112224/melbourne-city-fc/230002;23;2;26.09.2022;Melbourne City;351;A-League;1;195;Australia;66;75;68;66;1631;Stade Municipal;111397;3;10.0;;12900000.0;28.82;24.63;178589;193427;193427;193427;193427;212232.0;193427;193427.0;Balanced;61;51;;;;;;Fast Build Up;Forward Runs;61;4;3;3;;;;;;;;
112408;/team/112408/al-wehda/230002;23;2;26.09.2022;Al Wahda;350;Pro League;1;183;Saudi Arabia;66;77;67;64;460164;Stade Kokoto (Generic Africa 2);607;3;5.0;;9200000.0;31.18;27.83;210028;205083;205083;205083;205083;205083.0;197402;197402.0;Balanced;51;51;;;;;;Fast Build Up;Forward Runs;71;3;3;3;;;;;;;;
112427;/team/112427/western-sydney-wanderers/230002;23;2;26.09.2022;Western Sydney Wanderers;351;A-League;1;195;Australia;66;65;66;65;197728;Waldstadion (Fussballstadion);111400;5;7.0;;6300000.0;31.0;25.78;193177;179903;179903;179903;179903;179903.0;179903;179903.0;Press After Possession Loss;51;51;;;;;;Fast Build Up;Forward Runs;61;4;3;3;;;;;;;;
112494;/team/112494/sudtirol/230002;23;2;26.09.2022;Südtirol;32;Serie B;2;27;Italy;66;67;65;67;896634;469;55;1;1.0;;10000000.0;28.55;27.57;268753;192853;253162;192853;192853;192853.0;253162;268736.0;Balanced;51;51;;;;;;Balanced;Balanced;51;3;3;3;;;;;;;;
112535;/team/112535/union-la-calera/230002;23;2;26.09.2022;Unión La Calera;335;Primera Division;1;55;Chile;66;66;66;67;252491;Arena d'Oro;112533;1;3.0;;14500000.0;28.27;25.5;198426;198426;198426;198426;198426;213619.0;198426;198426.0;Pressure On Heavy Touch;51;51;;;;;;Slow Build Up;Possession;61;3;3;3;;;;;;;;
112585;/team/112585/deportivo-nublense/230002;23;2;26.09.2022;?ublense;335;Primera Division;1;55;Chile;66;67;68;66;459961;Stadion Neder;112535;1;6.0;;13500000.0;28.36;25.79;218232;263527;263527;263527;263527;239936.0;263527;263527.0;Pressure On Heavy Touch;61;51;;;;;;Fast Build Up;Forward Runs;61;3;3;3;;;;;;;;
113058;/team/113058/abha-club/230002;23;2;26.09.2022;Abha;350;Pro League;1;183;Saudi Arabia;66;75;67;63;37666404;Stade Kokoto (Generic Africa 2);113217;1;2.0;;5800000.0;28.27;27.48;241750;241750;241750;241750;241750;241750.0;241750;241750.0;Balanced;51;51;;;;;;Balanced;Balanced;51;4;3;3;;;;;;;;
113378;/team/113378/sepsi-osk-sf-gheorghe/230002;23;2;26.09.2022;Sepsi;330;Liga 1;1;39;Romania;66;66;65;65;25567014;Stadion Neder;110750;3;8.0;;5800000.0;27.0;26.15;236963;248061;248009;248061;248009;247941.0;248061;248061.0;Balanced;51;51;;;;;;Balanced;Balanced;51;4;3;3;;;;;;;;
114023;/team/114023/western-united-fc/230002;23;2;26.09.2022;Western United;351;A-League;1;195;Australia;66;65;66;68;896783;Stade Municipal;112224;2;5.0;;6000000.0;30.64;26.71;202678;238360;162900;238360;238360;189757.0;162900;162900.0;Balanced;51;51;;;;;;Balanced;Balanced;51;4;3;3;;;;;;;;
114512;/team/114512/ayacucho/230002;23;2;26.09.2022;Ayacucho;2020;Primera Division;1;59;Peru;66;67;66;66;37648549;Stadion 23. Maj;111011;1;3.0;;12500000.0;28.27;25.54;259942;259942;259942;259942;259942;259942.0;228404;228404.0;Balanced;51;51;;;;;;Long Ball;Direct Passing;61;4;3;3;;;;;;;;
114577;/team/114577/club-always-ready/230002;23;2;26.09.2022;Always Ready;2017;Liga De Futbol Prof;1;53;Bolivia;66;68;67;66;37663858;Estadio Presidente G.Lopes;110969;2;4.0;;10700000.0;30.09;27.24;176472;221318;221318;221318;221318;224137.0;221318;221318.0;Balanced;51;51;;;;;;Long Ball;Direct Passing;51;5;3;3;;;;;;;;
114579;/team/114579/royal-pari/230002;23;2;26.09.2022;Royal Pari;2017;Liga De Futbol Prof;1;53;Bolivia;66;66;66;64;23637730;Arena d'Oro;110970;1;3.0;;4000000.0;29.27;27.0;226659;259960;229108;259960;259960;196910.0;229108;226659.0;Pressure On Heavy Touch;61;61;;;;;;Fast Build Up;Forward Runs;61;4;3;3;;;;;;;;
114581;/team/114581/cd-universidad-catolica-del-ecuador/230002;23;2;26.09.2022;Universidad Católica;2018;Liga Pro;1;57;Ecuador;66;69;65;66;37602374;El Monumento (Estadio Latino);110986;1;6.0;;13500000.0;27.45;25.42;167663;167663;167663;167663;167663;200207.0;167663;167663.0;Balanced;61;61;;;;;;Balanced;Balanced;61;4;3;3;;;;;;;;
115536;/team/115536/cerro-largo-futbol-club/230002;23;2;26.09.2022;Cerro Largo;338;Primera Division;1;60;Uruguay;66;66;65;66;21404414;Arena del Centenario (Estadio del Pueblo);111326;1;2.0;;5000000.0;25.91;25.57;264578;264578;264578;264578;264578;259323.0;264578;264578.0;Balanced;51;51;;;;;;Long Ball;Direct Passing;61;3;3;3;;;;;;;;
4;/team/4/bolton-wanderers/230002;23;2;26.09.2022;Bolton Wanderers;60;League One;3;14;England;65;66;65;64;491;Sanderson Park (FIFA 13 NEW generic);1917;1;8.0;;5000000.0;24.45;25.5;212090;235807;235807;235807;235807;235807.0;235807;235807.0;Press After Possession Loss;51;51;;;;;;Slow Build Up;Possession;71;5;3;3;;;;;;;;
77;/team/77/aberdeen/230002;23;2;26.09.2022;Aberdeen;50;Premiership;1;42;Scotland;65;66;66;65;1621;Ivy Lane;86;2;8.0;;7500000.0;25.0;23.88;203139;163619;163619;163619;163619;269953.0;163619;163619.0;Pressure On Heavy Touch;61;51;;;;;;Balanced;Balanced;71;4;3;3;;;;;;;;
83;/team/83/motherwell/230002;23;2;26.09.2022;Motherwell;50;Premiership;1;42;Scotland;65;66;64;65;171878;Ivy Lane;86;1;6.0;;3800000.0;27.27;25.15;213570;213695;213695;213695;213695;227446.0;213695;213695.0;Balanced;41;41;;;;;;Slow Build Up;Possession;41;5;3;3;;;;;;;;
89;/team/89/charlton-athletic/230002;23;2;26.09.2022;Charlton Athletic;60;League One;3;14;England;65;65;66;65;37386304;Forest Park Stadium (Square Ground);97;1;7.0;;6400000.0;24.45;23.89;195427;205145;245761;205145;205145;195427.0;245761;245761.0;Pressure On Heavy Touch;61;51;;;;;;Balanced;Balanced;61;4;3;3;;;;;;;;
127;/team/127/shrewsbury-town/230002;23;2;26.09.2022;Shrewsbury Town;60;League One;3;14;England;65;62;66;65;5332015;Court Lane;1803;1;4.0;;3300000.0;26.82;24.4;239119;233378;239119;233378;233378;239119.0;239119;239119.0;Balanced;61;61;;;;;;Long Ball;Direct Passing;71;8;3;3;;;;;;;;
272;/team/272/odense-boldklub/230002;23;2;26.09.2022;OB;1;Superliga;1;13;Denmark;65;64;64;65;465296;Court Lane;271;1;5.0;;6900000.0;27.18;22.86;224067;235236;235236;235236;235236;235236.0;235236;235236.0;Balanced;71;51;;;;;;Fast Build Up;Forward Runs;71;3;3;3;;;;;;;;
420;/team/420/gornik-zabrze/230002;23;2;26.09.2022;Górnik Zabrze;66;Ekstraklasa;1;37;Poland;65;65;65;63;20693356;Waldstadion (Fussballstadion);1871;2;6.0;;5900000.0;28.64;25.5;150516;150516;225996;150516;150516;150516.0;225996;225996.0;Balanced;41;51;;;;;;Fast Build Up;Forward Runs;51;4;3;3;;;;;;;;
487;/team/487/vfl-osnabruck/230002;23;2;26.09.2022;Osnabrück;2076;2. Bundesliga;3;21;Germany;65;64;66;64;35472;Court Lane;110597;1;6.0;;6400000.0;26.73;24.3;238657;251281;251281;251281;251281;238657.0;263089;263089.0;Pressure On Heavy Touch;51;81;;;;;;Fast Build Up;Forward Runs;71;4;3;3;;;;;;;;
506;/team/506/fc-erzgebirge-aue/230002;23;2;26.09.2022;Erzgebirge Aue;2076;3. Liga;3;21;Germany;65;65;65;64;29740;Stadion Neder;503;1;9.0;;9300000.0;27.82;25.59;182520;216255;216255;216255;216255;211870.0;216255;239686.0;Pressure On Heavy Touch;51;61;;;;;;Fast Build Up;Forward Runs;71;6;3;3;;;;;;;;
523;/team/523/1-fc-saarbrucken/230002;23;2;26.09.2022;Saarbrücken;2076;3. Liga;3;21;Germany;65;65;66;64;33148;Stadion Neder;29;1;8.0;;4700000.0;28.82;26.74;260369;224424;224424;224424;224424;223899.0;224424;224424.0;Balanced;41;51;;;;;;Long Ball;Direct Passing;71;3;3;3;;;;;;;;
645;/team/645/fc-volendam/230002;23;2;26.09.2022;FC Volendam;10;Eredivisie;1;34;Netherlands;65;66;66;63;37257614;Court Lane;1906;1;1.0;;13000000.0;24.27;22.75;223814;204840;234203;204840;204840;225152.0;204840;204840.0;Balanced;51;51;;;;;;Balanced;Balanced;51;3;3;3;;;;;;;;
780;/team/780/sv-ried/230002;23;2;26.09.2022;Ried;80;Bundesliga;1;4;Austria;65;66;64;66;37530232;Stadion Neder;252;1;3.0;;10000000.0;26.73;24.0;190597;216184;216184;216184;216184;216184.0;216184;216184.0;Balanced;51;41;;;;;;Fast Build Up;Forward Runs;61;3;3;3;;;;;;;;
981;/team/981/seongnam-fc/230002;23;2;26.09.2022;Seongnam;83;K League 1;1;167;Korea Republic;65;65;65;63;37656417;Euro Arena;983;2;2.0;;11100000.0;28.91;27.64;191673;191673;191673;191673;191673;226114.0;191673;191673.0;Balanced;41;41;;;;;;Slow Build Up;Possession;61;4;3;3;;;;;;;;
1443;/team/1443/viborg-ff/230002;23;2;26.09.2022;Viborg;1;Superliga;1;13;Denmark;65;65;66;65;27440829;Court Lane;1516;1;2.0;;5100000.0;24.09;23.5;215686;224185;224185;224185;224185;256741.0;224185;224185.0;Balanced;51;51;;;;;;Balanced;Balanced;71;3;3;3;;;;;;;;
1569;/team/1569/wisla-plock/230002;23;2;26.09.2022;Wis³a P³ock;66;Ekstraklasa;1;37;Poland;65;65;66;63;153980;Stadion Neder;1871;1;4.0;;4300000.0;27.64;24.89;156259;204078;204078;204078;224014;224014.0;193087;208630.0;Balanced;61;51;;;;;;Balanced;Balanced;71;4;3;3;;;;;;;;
1787;/team/1787/sk-austria-klagenfurt/230002;23;2;26.09.2022;Austria Klagenfurt;80;Bundesliga;1;4;Austria;65;65;64;65;463195;Waldstadion (Fussballstadion);111822;2;2.0;;8500000.0;27.09;24.68;193260;202518;202518;202518;202518;193260.0;202518;202518.0;Balanced;51;41;;;;;;Fast Build Up;Forward Runs;51;4;3;3;;;;;;;;
1788;/team/1788/fc-nordsjaelland/230002;23;2;26.09.2022;Nordsj?lland;1;Superliga;1;13;Denmark;65;63;66;65;35305804;Stadion Neder;819;1;6.0;;12600000.0;21.73;20.61;190942;262721;262721;262721;262721;260952.0;262721;262721.0;Balanced;51;61;;;;;;Slow Build Up;Possession;61;6;3;3;;;;;;;;
1798;/team/1798/milton-keynes-dons/230002;23;2;26.09.2022;Milton Keynes Dons;60;League Two;3;14;England;65;64;65;65;25187743;Molton Road (Sheldon Stadium);1938;1;7.0;;3800000.0;24.73;24.0;138830;138830;198704;198704;138830;239611.0;198704;198704.0;Balanced;51;61;;;;;;Slow Build Up;Possession;71;4;3;3;;;;;;;;
1813;/team/1813/chamois-niortais-football-club/230002;23;2;26.09.2022;Niort;17;Ligue 2;2;18;France;65;62;66;65;98545;Euro Park;1530;1;3.0;;9000000.0;25.0;22.89;209423;226295;226295;226295;226295;226295.0;226295;226295.0;Balanced;51;51;;;;;;Balanced;Balanced;51;3;3;3;;;;;;;;
1814;/team/1814/stade-lavallois-mayenne-fc/230002;23;2;26.09.2022;Laval;17;Ligue 2;2;18;France;65;65;66;65;456483;Town Park;1530;1;1.0;;9500000.0;30.91;28.33;208865;269293;269293;208865;269293;269296.0;269293;269293.0;Balanced;51;41;;;;;;Fast Build Up;Forward Runs;61;3;3;3;;;;;;;;
1929;/team/1929/plymouth-argyle/230002;23;2;26.09.2022;Plymouth Argyle;60;Championship;3;14;England;65;66;64;66;7101;Molton Road (Sheldon Stadium);143;1;7.0;;3300000.0;24.36;24.13;192231;251306;251306;251306;251306;226084.0;251306;251306.0;Balanced;61;61;;;;;;Slow Build Up;Possession;61;4;3;3;;;;;;;;
1932;/team/1932/barnsley/230002;23;2;26.09.2022;Barnsley;60;League One;3;14;England;65;64;63;66;1458;Forest Park Stadium (Square Ground);1794;1;9.0;;11000000.0;23.36;22.63;228419;247140;247140;247140;247140;206134.0;245988;245988.0;Pressure On Heavy Touch;51;51;;;;;;Fast Build Up;Forward Runs;41;3;3;3;;;;;;;;
1971;/team/1971/excelsior/230002;23;2;26.09.2022;Excelsior;10;Eredivisie;1;34;Netherlands;65;65;66;64;4187834;Court Lane;100646;1;1.0;;11300000.0;24.09;22.84;269436;269471;269436;269471;204102;205603.0;269471;204102.0;Balanced;41;41;;;;;;Long Ball;Direct Passing;41;3;3;3;;;;;;;;
2056;/team/2056/daegu-fc/230002;23;2;26.09.2022;Daegu;83;K League 1;1;167;Korea Republic;65;66;64;65;319683;Stadion Neder;1474;4;8.0;;12100000.0;26.82;25.75;228464;225733;225733;225733;225733;225733.0;225733;225733.0;Balanced;51;51;;;;;;Slow Build Up;Possession;61;5;3;3;;;;;;;;
100325;/team/100325/hjk-helsinki/230002;23;2;26.09.2022;HJK;322;Veikkausliiga;1;17;Finland;65;64;64;65;90958;Court Lane;320;1;10.0;;4100000.0;27.18;26.57;254994;194163;194163;172233;194163;251502.0;233227;233227.0;Press After Possession Loss;61;51;;;;;;Slow Build Up;Possession;61;3;3;3;;;;;;;;
100804;/team/100804/st-johnstone-fc/230002;23;2;26.09.2022;St. Johnstone;50;Premiership;1;42;Scotland;65;64;63;64;1742;Court Lane;181;1;4.0;;4400000.0;26.82;26.82;210742;210742;210742;210742;210742;210742.0;210742;192451.0;Pressure On Heavy Touch;51;51;;;;;;Fast Build Up;Forward Runs;61;3;3;3;;;;;;;;
110075;/team/110075/fc-farul-constanta/230002;23;2;26.09.2022;SSC Farul;330;Liga 1;1;39;Romania;65;64;67;64;524523;468;113182;3;8.0;;6200000.0;26.36;24.07;247963;201326;248111;201326;201326;201326.0;248680;248680.0;Balanced;51;61;;;;;;Balanced;Balanced;51;5;3;3;;;;;;;;
110321;/team/110321/pau-fc/230002;23;2;26.09.2022;Pau;17;Ligue 2;2;18;France;65;67;65;64;15084021;469;1809;1;2.0;;8500000.0;27.18;24.79;198517;225685;225685;244736;225685;244736.0;244736;244736.0;Balanced;61;51;;;;;;Fast Build Up;Forward Runs;61;5;3;3;;;;;;;;
110747;/team/110747/cracovia/230002;23;2;26.09.2022;Cracovia Kraków;66;Ekstraklasa;1;37;Poland;65;64;65;66;456647;Stade Municipal;110746;3;7.0;;6400000.0;24.45;24.5;239762;211607;211607;211607;211607;248568.0;211607;211607.0;Balanced;61;41;;;;;;Long Ball;Direct Passing;71;4;3;3;;;;;;;;
110749;/team/110749/zaglebie-lubin/230002;23;2;26.09.2022;Zag³êbie Lubin;66;Ekstraklasa;1;37;Poland;65;65;65;65;456984;Molton Road (Sheldon Stadium);112505;3;7.0;;6900000.0;25.73;24.93;201081;208631;208631;208631;260501;208631.0;208631;208631.0;Balanced;61;61;;;;;;Long Ball;Direct Passing;71;3;3;3;;;;;;;;
110750;/team/110750/afc-uta-arad/230002;23;2;26.09.2022;UTA Arad;330;Liga 1;1;39;Romania;65;65;65;65;163593;Stadion Neder;113378;1;5.0;;3600000.0;29.0;25.61;257794;262817;262817;262817;211019;165429.0;262817;211019.0;Balanced;51;51;;;;;;Slow Build Up;Possession;51;6;3;3;;;;;;;;
110902;/team/110902/villarreal-club-de-futbol-b/230002;23;2;26.09.2022;Villarreal II;54;La Liga 2;2;45;Spain;65;67;65;65;5967966;Town Park;1853;1;1.0;;2500000.0;22.18;21.27;245290;252598;252598;252598;252598;252598.0;252598;252598.0;Balanced;51;51;;;;;;Balanced;Balanced;61;5;3;3;;;;;;;;
110955;/team/110955/shanghai-shenhua-fc/230002;23;2;26.09.2022;Shanghai Shenhua;2012;Super League;1;155;China PR;65;67;66;62;4916358;Stadion Olympik;112540;3;5.0;;9400000.0;29.55;29.25;182043;217160;217160;217160;217160;231138.0;217160;217160.0;Balanced;51;51;;;;;;Fast Build Up;Forward Runs;51;4;3;3;;;;;;;;
110990;/team/110990/deportivo-tachira-fc/230002;23;2;26.09.2022;Deportivo Táchira;2019;Primera Division;1;61;Venezuela;65;66;66;65;1548557;El Monumento (Estadio Latino);110989;4;10.0;;12500000.0;27.55;25.47;196873;261648;261648;261648;261648;261648.0;261648;261648.0;Balanced;61;61;;;;;;Balanced;Balanced;51;3;3;3;;;;;;;;
111001;/team/111001/montevideo-wanderers/230002;23;2;26.09.2022;Wanderers;338;Primera Division;1;60;Uruguay;65;64;66;66;6608228;Aloha Park (Generic Oceania 2);112184;3;6.0;;15900000.0;25.27;24.13;224435;259875;259893;259893;259875;219104.0;259875;259893.0;Balanced;51;51;;;;;;Balanced;Balanced;71;3;3;3;;;;;;;;
111016;/team/111016/sport-boys/230002;23;2;26.09.2022;Sport Boys;2020;Primera Division;1;59;Peru;65;65;66;65;258715;Arena d'Oro;111010;2;4.0;;11500000.0;27.82;27.12;196433;196433;196433;196433;196433;196433.0;265445;265445.0;Balanced;61;37;;;;;;Slow Build Up;Possession;51;3;3;3;;;;;;;;
111088;/team/111088/radomiak-radom/230002;23;2;26.09.2022;Radomiak Radom;66;Ekstraklasa;1;37;Poland;65;65;65;66;204726;Euro Park;111083;1;5.0;;4500000.0;27.73;25.12;262685;248080;248080;203575;248080;248080.0;248080;248080.0;Pressure On Heavy Touch;51;51;;;;;;Balanced;Balanced;61;3;3;3;;;;;;;;
111092;/team/111092/slask-wroclaw/230002;23;2;26.09.2022;Œl¹sk Wroc³aw;66;Ekstraklasa;1;37;Poland;65;67;65;65;154225;Waldstadion (Fussballstadion);110749;3;8.0;;6200000.0;25.91;23.82;201035;251026;226087;251026;251026;251026.0;226087;226087.0;Balanced;51;51;;;;;;Balanced;Balanced;61;4;3;3;;;;;;;;
111332;/team/111332/estudiantes-de-merida/230002;23;2;26.09.2022;Estudiantes Mérida;2019;Primera Division;1;61;Venezuela;65;64;65;64;467533;Estadio de las Artes (Generic Stadium NG);110990;2;5.0;;4100000.0;31.82;26.34;205205;193485;193485;193485;193485;255067.0;193485;193485.0;Balanced;71;51;;;;;;Slow Build Up;Possession;71;4;3;3;;;;;;;;
111400;/team/111400/sydney-fc/230002;23;2;26.09.2022;Sydney;351;A-League;1;195;Australia;65;68;65;65;17159485;Stadion 23. Maj;112427;5;9.0;;12500000.0;29.91;26.95;181479;209886;209886;209886;209886;163828.0;209886;209886.0;Pressure On Heavy Touch;51;51;;;;;;Slow Build Up;Possession;61;4;3;3;;;;;;;;
111659;/team/111659/rodez-aveyron-football/230002;23;2;26.09.2022;Rodez;17;Ligue 2;2;18;France;65;63;65;64;529460;Molton Road (Sheldon Stadium);1809;1;2.0;;8200000.0;24.64;24.67;250868;250868;250868;250868;250868;250868.0;250868;250868.0;Balanced;41;51;;;;;;Long Ball;Direct Passing;71;3;3;3;;;;;;;;
111766;/team/111766/wellington-phoenix/230002;23;2;26.09.2022;Wellington Phoenix;351;A-League;1;198;New Zealand;65;66;64;63;317694;O Dromo;114023;1;3.0;;5900000.0;24.45;24.19;225993;239458;232162;239458;239458;245539.0;232162;232162.0;Balanced;61;41;;;;;;Fast Build Up;Forward Runs;61;3;3;3;;;;;;;;
111769;/team/111769/changchun-yatai-fc/230002;23;2;26.09.2022;Changchun Yatai;2012;Super League;1;155;China PR;65;72;63;62;13225192;Euro Arena;112985;2;3.0;;9500000.0;28.91;28.07;221972;216391;216391;216391;216391;189224.0;216391;216391.0;Balanced;41;37;;;;;;Long Ball;Direct Passing;41;3;3;3;;;;;;;;
111779;/team/111779/henan-songshan-longmen-fc/230002;23;2;26.09.2022;Henan;2012;Super League;1;155;China PR;65;74;66;65;37543306;Stadion Olympik;111768;2;4.0;;7000000.0;30.0;27.14;216736;162280;162280;162280;162280;215553.0;162280;162280.0;Balanced;41;41;;;;;;Fast Build Up;Forward Runs;61;3;3;3;;;;;;;;
111993;/team/111993/cittadella/230002;23;2;26.09.2022;Cittadella;32;Serie B;2;27;Italy;65;64;66;64;131125;Aloha Park (Generic Oceania 2);205;1;3.0;;13000000.0;26.55;25.89;171721;243251;243251;243251;243251;226267.0;243251;243251.0;Balanced;61;51;;;;;;Slow Build Up;Possession;61;4;3;3;;;;;;;;
112115;/team/112115/gangwon-fc/230002;23;2;26.09.2022;Gangwon;83;K League 1;1;167;Korea Republic;65;64;66;64;453032;Euro Arena;1474;1;5.0;;13000000.0;26.91;26.32;245981;233018;233018;233018;233018;233018.0;233018;233018.0;Pressure On Heavy Touch;71;51;;;;;;Slow Build Up;Possession;71;3;3;3;;;;;;;;
112199;/team/112199/sarpsborg-08-ff/230002;23;2;26.09.2022;Sarpsborg 08;41;Eliteserien;1;36;Norway;65;66;65;64;10626699;Court Lane;920;1;4.0;;6300000.0;28.27;26.18;184229;219951;219951;219951;219951;219951.0;219951;219951.0;Balanced;41;41;;;;;;Fast Build Up;Forward Runs;51;4;3;3;;;;;;;;
112505;/team/112505/miedz-legnica/230002;23;2;26.09.2022;MiedŸ Legnica;66;Ekstraklasa;1;37;Poland;65;64;66;64;153793;Town Park;110749;1;2.0;;3000000.0;26.27;25.0;198892;192362;230690;192362;192362;210296.0;224300;224300.0;Balanced;51;41;;;;;;Balanced;Balanced;61;6;3;3;;;;;;;;
112552;/team/112552/us-quevilly-rouen-metropole/230002;23;2;26.09.2022;Quevilly Rouen;17;Ligue 2;2;18;France;65;66;64;65;94389;Town Park;1738;1;1.0;;7000000.0;27.18;24.74;173040;173040;173040;173040;173040;243951.0;173040;173040.0;Balanced;41;41;;;;;;Long Ball;Direct Passing;61;3;3;3;;;;;;;;
112558;/team/112558/suwon-fc/230002;23;2;26.09.2022;Suwon;83;K League 1;1;167;Korea Republic;65;67;67;64;37476493;Stadion 23. Maj;983;1;6.0;;10200000.0;29.73;28.61;191566;224794;224794;224794;224794;208153.0;224794;224794.0;Balanced;51;51;;;;;;Balanced;Balanced;61;3;3;3;;;;;;;;
112572;/team/112572/al-tai/230002;23;2;26.09.2022;Al Tai;350;Pro League;1;183;Saudi Arabia;65;65;67;62;460152;Stade Kokoto (Generic Africa 2);112990;1;2.0;;3400000.0;28.45;25.97;194171;205594;205594;205594;205594;263893.0;194171;263893.0;Balanced;51;41;;;;;;Long Ball;Direct Passing;51;3;3;3;;;;;;;;
112671;/team/112671/club-nacional/230002;23;2;26.09.2022;Nacional Asunción;337;Primera División;1;58;Paraguay;65;66;66;64;9605704;Arena del Centenario (Estadio del Pueblo);112716;4;4.0;;14500000.0;26.82;25.39;223734;254701;254701;254701;254701;267481.0;254701;254701.0;Balanced;51;41;;;;;;Long Ball;Direct Passing;61;3;3;3;;;;;;;;
112695;/team/112695/seraing/230002;23;2;26.09.2022;RFC Seraing;4;Jupiler Pro League;1;7;Belgium;65;66;63;64;34874032;Town Park;232;1;1.0;;2500000.0;24.73;23.68;137359;243953;262710;243953;243953;137359.0;190494;243953.0;Balanced;51;41;;;;;;Balanced;Balanced;51;3;3;3;;;;;;;;
112853;/team/112853/deportivo-la-guaira-fc/230002;23;2;26.09.2022;Deportivo La Guaira;2019;Primera Division;1;61;Venezuela;65;64;65;65;460239;El Monumento (Estadio Latino);110989;1;7.0;;7200000.0;25.18;22.41;233532;259850;259850;259850;259850;259858.0;259850;259850.0;Balanced;51;51;;;;;;Balanced;Balanced;61;4;3;3;;;;;;;;
112914;/team/112914/metropolitanos-de-caracas-fc/230002;23;2;26.09.2022;Metropolitanos;2019;Primera Division;1;61;Venezuela;65;65;66;65;282308;Aloha Park (Generic Oceania 2);110989;1;6.0;;10500000.0;26.73;26.33;253841;267888;267888;267888;267888;245740.0;267888;267888.0;Balanced;51;51;;;;;;Fast Build Up;Forward Runs;51;4;3;3;;;;;;;;
113182;/team/113182/fc-voluntari/230002;23;2;26.09.2022;Voluntari;330;Liga 1;1;39;Romania;65;65;65;65;16112171;469;310;2;7.0;;3300000.0;28.45;25.96;190637;233879;233879;233879;233879;184433.0;251022;251022.0;Balanced;61;41;;;;;;Long Ball;Direct Passing;51;4;3;3;;;;;;;;
114554;/team/114554/fc-andorra/230002;23;2;26.09.2022;FC Andorra;54;La Liga 2;2;45;Spain;65;62;64;64;10293491;Town Park;110062;1;1.0;;2500000.0;26.45;25.11;204887;204887;204887;204887;204887;204887.0;204887;204887.0;Balanced;61;41;;;;;;Long Ball;Direct Passing;51;3;3;3;;;;;;;;
114580;/team/114580/delfin-sporting-club/230002;23;2;26.09.2022;Delfin;2018;Liga Pro;1;57;Ecuador;65;67;66;64;531536;Stadion Neder;110986;2;4.0;;11000000.0;26.55;26.63;189024;250796;250796;250796;250796;250796.0;250796;250796.0;Pressure On Heavy Touch;61;51;;;;;;Long Ball;Direct Passing;51;4;3;3;;;;;;;;
114600;/team/114600/club-deportivo-guabira/230002;23;2;26.09.2022;Guabirá;2017;Liga De Futbol Prof;1;53;Bolivia;65;67;65;64;785611;Arena del Centenario (Estadio del Pueblo);110970;1;1.0;;4000000.0;27.45;25.07;212095;259963;259963;259963;259963;205425.0;254943;260270.0;Balanced;51;51;;;;;;Balanced;Balanced;51;3;3;3;;;;;;;;
114615;/team/114615/mushuc-runa/230002;23;2;26.09.2022;Mushuc Runa;2018;Liga Pro;1;57;Ecuador;65;70;65;65;471322;Arena del Centenario (Estadio del Pueblo);110981;1;2.0;;6500000.0;26.09;25.8;224404;266661;266661;266661;266661;224404.0;266667;266667.0;Pressure On Heavy Touch;51;51;;;;;;Fast Build Up;Forward Runs;61;4;3;3;;;;;;;;
114688;/team/114688/guairena-fc/230002;23;2;26.09.2022;Guaire?a;337;Primera División;1;58;Paraguay;65;64;67;64;257375;Arena d'Oro;111008;1;1.0;;7000000.0;31.82;28.58;194841;254770;254770;254770;254770;235852.0;254770;254770.0;Balanced;61;41;;;;;;Long Ball;Direct Passing;61;3;3;3;;;;;;;;
115487;/team/115487/9-de-octubre/230002;23;2;26.09.2022;9 de Octubre;2018;Liga Pro;1;57;Ecuador;65;66;64;65;37632631;Arena d'Oro;110984;1;2.0;;14000000.0;28.91;26.56;259891;265707;265707;265707;265707;265507.0;265707;199105.0;Balanced;51;51;;;;;;Balanced;Balanced;61;3;3;3;;;;;;;;
115694;/team/115694/hermanos-colmenarez/230002;23;2;26.09.2022;Hermanos Colmenares;2019;Primera Division;1;61;Venezuela;65;66;64;65;6983853;Arena d'Oro;112914;1;2.0;;3000000.0;28.36;27.7;254666;265704;265704;265704;265704;223722.0;265704;265704.0;Balanced;51;51;;;;;;Long Ball;Direct Passing;51;4;3;3;;;;;;;;
115716;/team/115716/fc-u-craiova-1948/230002;23;2;26.09.2022;U Craiova 1948;330;Liga 1;1;39;Romania;65;65;65;66;134562;Sanderson Park (FIFA 13 NEW generic);308;1;6.0;;3500000.0;26.73;24.75;225376;262449;225376;262449;262449;213228.0;262449;213228.0;Balanced;51;61;;;;;;Slow Build Up;Possession;51;6;3;3;;;;;;;;
58;/team/58/sc-bastia/230002;23;2;26.09.2022;Bastia;17;Ligue 2;2;18;France;64;64;64;63;1677031;Town Park;614;1;4.0;;10000000.0;26.82;26.15;206243;232116;232116;232116;232116;250911.0;232116;232116.0;Balanced;51;51;;;;;;Balanced;Balanced;61;3;3;3;;;;;;;;
301;/team/301/widzew-lodz/230002;23;2;26.09.2022;Widzew Lodz;66;Ekstraklasa;1;37;Poland;64;63;64;64;37262404;Stadion Neder;1871;1;3.0;;3200000.0;26.73;25.92;211667;201114;210427;201114;201114;210427.0;210427;210427.0;Balanced;71;51;;;;;;Fast Build Up;Forward Runs;71;3;3;3;;;;;;;;
492;/team/492/sv-wehen-wiesbaden/230002;23;2;26.09.2022;Wehen Wiesbaden;2076;2. Bundesliga;3;21;Germany;64;64;64;64;896508;Stadion Neder;169;1;7.0;;7000000.0;25.45;24.88;210042;210042;229803;210042;210042;210042.0;262117;210042.0;Balanced;51;61;;;;;;Balanced;Balanced;51;4;3;3;;;;;;;;
526;/team/526/rot-weiss-essen/230002;23;2;26.09.2022;Rot-Weiss Essen;2076;3. Liga;3;21;Germany;64;62;65;64;29839;Stadion Neder;1825;1;4.0;;4100000.0;26.45;25.25;269314;251632;170159;251632;251632;269267.0;251632;251632.0;Balanced;51;61;;;;;;Long Ball;Direct Passing;61;6;3;3;;;;;;;;
561;/team/561/forest-green-rovers/230002;23;2;26.09.2022;Forest Green Rovers;60;League Two;3;14;England;64;63;64;63;458688;Town Park;1936;1;4.0;;3200000.0;24.36;23.18;208645;228638;227947;228638;228638;191089.0;227947;227947.0;Pressure On Heavy Touch;51;61;;;;;;Balanced;Balanced;61;3;3;3;;;;;;;;
621;/team/621/livingston-fc/230002;23;2;26.09.2022;Livingston;50;Premiership;1;42;Scotland;64;64;65;64;19256146;Molton Road (Sheldon Stadium);81;1;3.0;;3400000.0;27.55;26.48;204033;243841;243841;243841;243841;234785.0;234785;204033.0;Balanced;51;41;;;;;;Long Ball;Direct Passing;61;3;3;3;;;;;;;;
631;/team/631/ross-county-fc/230002;23;2;26.09.2022;Ross County;50;Premiership;1;42;Scotland;64;62;64;64;6971069;Town Park;77;1;2.0;;3900000.0;26.09;25.25;205393;241058;241058;241058;241058;241058.0;241058;205393.0;Pressure On Heavy Touch;41;37;;;;;;Long Ball;Direct Passing;51;4;3;3;;;;;;;;
746;/team/746/istanbulspor/230002;23;2;26.09.2022;?stanbulspor;68;Super Lig;1;48;Turkey;64;64;65;62;37584223;468;111117;1;2.0;;1200000.0;25.73;25.24;234254;269862;233465;269862;269862;203493.0;233465;233465.0;Pressure On Heavy Touch;51;51;;;;;;Fast Build Up;Forward Runs;51;3;3;3;;;;;;;;
922;/team/922/stromsgodset-if/230002;23;2;26.09.2022;Str?msgodset;41;Eliteserien;1;36;Norway;64;63;67;64;37524364;Crown Lane;920;1;5.0;;6400000.0;25.82;23.24;203363;205291;205291;205291;205291;205291.0;205291;204626.0;Pressure On Heavy Touch;51;61;;;;;;Long Ball;Direct Passing;61;4;3;3;;;;;;;;
1439;/team/1439/kalmar-ff/230002;23;2;26.09.2022;Kalmar;56;Allsvenskan;1;46;Sweden;64;63;65;63;189541;Molton Road (Sheldon Stadium);112072;1;3.0;;5000000.0;27.55;25.38;228325;193358;193358;193358;193358;228325.0;228325;254537.0;Pressure On Heavy Touch;51;61;;;;;;Slow Build Up;Possession;61;4;3;3;;;;;;;;
1456;/team/1456/odds-bk/230002;23;2;26.09.2022;Odd;41;Eliteserien;1;36;Norway;64;63;64;64;37430188;Ivy Lane;1757;1;6.0;;6200000.0;26.18;24.8;167159;148696;148696;148696;148696;148696.0;148696;148696.0;Pressure On Heavy Touch;61;61;;;;;;Balanced;Balanced;51;5;3;3;;;;;;;;
1755;/team/1755/aalesunds-fk/230002;23;2;26.09.2022;Aalesund;41;Eliteserien;1;36;Norway;64;63;65;64;458536;Court Lane;417;1;2.0;;4200000.0;27.64;24.96;207618;255464;255464;255464;255464;255464.0;255464;255464.0;Balanced;71;61;;;;;;Slow Build Up;Possession;61;3;3;3;;;;;;;;
1825;/team/1825/msv-duisburg/230002;23;2;26.09.2022;MSV Duisburg;2076;3. Liga;3;21;Germany;64;64;63;64;460646;Waldstadion (Fussballstadion);526;1;6.0;;10100000.0;26.91;25.07;157528;157528;203979;157528;157528;188305.0;157528;157528.0;Balanced;51;51;;;;;;Long Ball;Direct Passing;61;4;3;3;;;;;;;;
1944;/team/1944/cambridge-united/230002;23;2;26.09.2022;Cambridge United;60;League One;3;14;England;64;64;64;64;27048405;Town Park;1938;1;2.0;;2900000.0;25.64;24.2;206535;235247;228584;235247;235247;235247.0;228584;228584.0;Balanced;41;41;;;;;;Balanced;Balanced;41;4;3;3;;;;;;;;
1962;/team/1962/bristol-rovers/230002;23;2;26.09.2022;Bristol Rovers;60;League One;3;14;England;64;64;64;61;658;Court Lane;1919;1;6.0;;3200000.0;25.55;24.75;190122;231580;231580;231580;231580;231580.0;231580;231580.0;Balanced;51;61;;;;;;Slow Build Up;Possession;71;3;3;3;;;;;;;;
15009;/team/15009/sc-rheindorf-altach/230002;23;2;26.09.2022;Rheindorf Altach;80;Bundesliga;1;4;Austria;64;65;64;64;29560;Molton Road (Sheldon Stadium);781;2;4.0;;10000000.0;25.27;23.96;221768;236681;236681;236681;236681;188996.0;236681;236681.0;Balanced;51;41;;;;;;Balanced;Balanced;51;3;3;3;;;;;;;;
15015;/team/15015/burton-albion/230002;23;2;26.09.2022;Burton Albion;60;League One;3;14;England;64;64;63;65;11018;Town Park;91;1;4.0;;5000000.0;25.64;24.68;190247;235014;236487;235014;235014;236487.0;235014;235014.0;Pressure On Heavy Touch;41;51;;;;;;Long Ball;Direct Passing;61;4;3;3;;;;;;;;
15040;/team/15040/wsg-tirol/230002;23;2;26.09.2022;WSG Tirol;80;Bundesliga;1;4;Austria;64;64;65;63;452862;Stadion Neder;15009;1;1.0;;10000000.0;24.82;23.14;250781;204987;204987;204987;204987;204987.0;204987;204987.0;Balanced;51;51;;;;;;Fast Build Up;Forward Runs;61;3;3;3;;;;;;;;
100759;/team/100759/campionii-fc-arges/230002;23;2;26.09.2022;Argeº;330;Liga 1;1;39;Romania;64;64;63;66;23269910;Euro Park;113380;1;4.0;;3500000.0;30.0;27.0;199294;204213;204213;204213;204213;235313.0;235313;204213.0;Balanced;61;51;;;;;;Long Ball;Direct Passing;61;5;3;3;;;;;;;;
100805;/team/100805/st-mirren/230002;23;2;26.09.2022;St. Mirren;50;Premiership;1;42;Scotland;64;64;65;65;524215;Town Park;80;1;2.0;;3600000.0;27.73;26.52;211536;241244;211536;211536;241244;211536.0;241244;211536.0;Balanced;51;51;;;;;;Long Ball;Direct Passing;61;4;3;3;;;;;;;;
110078;/team/110078/petrolul-ploiesti/230002;23;2;26.09.2022;Petrolul 52;330;Liga 1;1;39;Romania;64;63;64;64;;Molton Road (Sheldon Stadium);310;1;3.0;;2800000.0;27.64;26.82;269412;269412;135537;269412;135537;269412.0;269412;;Balanced;51;51;;;;;;Balanced;Balanced;51;3;3;3;;;;;;;;
110592;/team/110592/fsv-zwickau/230002;23;2;26.09.2022;Zwickau;2076;3. Liga;3;21;Germany;64;65;63;64;459010;Court Lane;506;1;3.0;;3000000.0;28.64;25.74;238649;211825;211825;211825;211825;211825.0;211825;211825.0;Pressure On Heavy Touch;61;51;;;;;;Long Ball;Direct Passing;71;4;3;3;;;;;;;;
110597;/team/110597/sv-meppen/230002;23;2;26.09.2022;Meppen;2076;3. Liga;3;21;Germany;64;64;63;64;459371;Town Park;487;1;3.0;;3000000.0;27.09;25.96;193851;193851;193851;193851;193851;190724.0;238961;193851.0;Balanced;51;41;;;;;;Fast Build Up;Forward Runs;51;4;3;3;;;;;;;;
110645;/team/110645/viktoria-koln/230002;23;2;26.09.2022;Viktoria Köln;2076;3. Liga;3;21;Germany;64;64;64;64;896532;Town Park;31;1;5.0;;4400000.0;23.91;24.04;189234;189234;189234;189234;189234;189234.0;189234;189234.0;Pressure On Heavy Touch;61;61;;;;;;Fast Build Up;Forward Runs;71;4;3;3;;;;;;;;
110751;/team/110751/universitatea-cluj/230002;23;2;26.09.2022;Universitatea Cluj;330;Liga 1;1;39;Romania;64;65;64;63;460940;Stadion Hanguk;110816;1;2.0;;2100000.0;30.91;26.54;248100;212048;212048;212048;212048;212048.0;212048;212048.0;Balanced;51;51;;;;;;Long Ball;Direct Passing;51;3;3;3;;;;;;;;
110752;/team/110752/fc-botosani/230002;23;2;26.09.2022;Botoºani;330;Liga 1;1;39;Romania;64;63;65;64;2158474;Stadion 23. Maj;308;2;7.0;;4600000.0;27.18;25.7;248000;216706;216706;216706;216706;244154.0;244154;244154.0;Balanced;61;41;;;;;;Balanced;Balanced;61;4;3;3;;;;;;;;
110970;/team/110970/club-deportivo-oriente-petrolero/230002;23;2;26.09.2022;Oriente Petrolero;2017;Liga De Futbol Prof;1;53;Bolivia;64;64;65;64;16488543;Arena d'Oro;110974;2;7.0;;11200000.0;27.27;24.38;189228;253830;254375;253830;253830;253623.0;253830;246068.0;Balanced;51;51;;;;;;Slow Build Up;Possession;51;6;3;3;;;;;;;;
111393;/team/111393/adelaide-united/230002;23;2;26.09.2022;Adelaide United;351;A-League;1;195;Australia;64;62;67;63;23302395;Arena del Centenario (Estadio del Pueblo);111397;3;6.0;;8000000.0;29.73;24.58;209888;203024;203024;203024;203024;203024.0;203024;203024.0;Balanced;61;61;;;;;;Balanced;Balanced;71;3;3;3;;;;;;;;
111773;/team/111773/shenzhen-fc/230002;23;2;26.09.2022;Shenzhen;2012;Super League;1;155;China PR;64;72;61;62;37529364;Estadio de las Artes (Generic Stadium NG);112429;1;3.0;;11500000.0;30.27;27.04;158309;213013;213013;213013;213013;213013.0;213013;213013.0;Balanced;51;51;;;;;;Slow Build Up;Possession;51;4;3;3;;;;;;;;
112260;/team/112260/fleetwood-town/230002;23;2;26.09.2022;Fleetwood Town;60;League One;3;14;England;64;63;65;65;171725;Crown Lane;1926;1;5.0;;3300000.0;25.09;23.54;203060;190620;190620;190620;190620;242967.0;236043;236043.0;Balanced;61;41;;;;;;Balanced;Balanced;61;3;3;3;;;;;;;;
112511;/team/112511/warta-poznan/230002;23;2;26.09.2022;Warta Poznañ;66;Ekstraklasa;1;37;Poland;64;64;63;65;37529254;468;873;1;1.0;;2500000.0;25.55;24.83;257640;251079;246309;251079;251079;239627.0;246309;246309.0;Balanced;61;41;;;;;;Fast Build Up;Forward Runs;61;4;3;3;;;;;;;;
112883;/team/112883/al-khaleej/230002;23;2;26.09.2022;Al Khaleej;350;Pro League;1;183;Saudi Arabia;64;67;66;60;1533122;Stade Kokoto (Generic Africa 2);112096;2;3.0;;4100000.0;28.82;25.83;210495;213097;213097;213097;213097;213097.0;213097;213097.0;Balanced;61;51;;;;;;Long Ball;Direct Passing;61;3;3;3;;;;;;;;
113345;/team/113345/al-adalah/230002;23;2;26.09.2022;Al Adalh;350;Pro League;1;183;Saudi Arabia;64;66;67;60;37651957;Stade Kokoto (Generic Africa 2);112390;1;1.0;;1900000.0;29.09;26.73;209172;228271;209172;228271;228271;209172.0;214662;228271.0;Balanced;51;51;;;;;;Fast Build Up;Forward Runs;51;4;3;3;;;;;;;;
113387;/team/113387/afc-chindia-targoviste/230002;23;2;26.09.2022;Chindia Târgoviºte;330;Liga 1;1;39;Romania;64;65;64;63;37526382;Stadion 23. Maj;100759;1;1.0;;2300000.0;26.45;24.68;251052;210706;210706;210706;210706;251052.0;210706;210706.0;Pressure On Heavy Touch;51;41;;;;;;Long Ball;Direct Passing;61;3;3;3;;;;;;;;
115494;/team/115494/fc-annecy/230002;23;2;26.09.2022;Annecy;17;Ligue 2;2;18;France;64;67;64;63;1552334;Euro Park;1805;1;1.0;;8000000.0;27.45;25.68;194840;207994;188825;207994;207994;207994.0;207994;194840.0;Balanced;51;51;;;;;;Balanced;Balanced;51;3;3;3;;;;;;;;
115517;/team/115517/independiente-petrolero/230002;23;2;26.09.2022;Independiente Petrolero;2017;Liga De Futbol Prof;1;53;Bolivia;64;66;65;63;37609239;Stadion Olympik;110970;1;6.0;;7000000.0;27.45;27.68;254386;254386;254386;254386;254386;196913.0;196913;196913.0;Balanced;51;51;;;;;;Balanced;Balanced;51;4;3;3;;;;;;;;
82;/team/82/kilmarnock/230002;23;2;26.09.2022;Kilmarnock;50;Premiership;1;42;Scotland;63;64;64;62;896462;Ivy Lane;100805;1;3.0;;5500000.0;26.82;25.79;182689;166844;204275;166844;166844;166844.0;204275;204275.0;Balanced;41;51;;;;;;Balanced;Balanced;51;4;3;3;;;;;;;;
142;/team/142/doncaster-rovers/230002;23;2;26.09.2022;Doncaster Rovers;61;League Two;4;14;England;63;62;63;61;607;Molton Road (Sheldon Stadium);1797;1;9.0;;3300000.0;26.91;24.04;186385;172904;179663;172904;179663;231929.0;172904;179663.0;Balanced;51;51;;;;;;Balanced;Balanced;61;3;3;3;;;;;;;;
143;/team/143/exeter-city/230002;23;2;26.09.2022;Exeter City;60;League One;3;14;England;63;64;63;63;10629;Town Park;1929;1;2.0;;2900000.0;24.09;24.35;207646;213434;240605;240605;213434;213434.0;213434;213434.0;Balanced;51;51;;;;;;Long Ball;Direct Passing;71;3;3;3;;;;;;;;
149;/team/149/lincoln-city/230002;23;2;26.09.2022;Lincoln City;60;League One;3;14;England;63;64;62;63;2198;Crown Lane;92;1;6.0;;3400000.0;23.36;22.5;206263;240981;240981;240981;240981;206263.0;240981;227961.0;Balanced;41;41;;;;;;Slow Build Up;Possession;51;4;3;3;;;;;;;;
306;/team/306/shamrock-rovers/230002;23;2;26.09.2022;Shamrock Rovers;65;Premier Division;1;25;Republic of Ireland;63;64;63;63;120775;Town Park;305;2;10.0;;1200000.0;29.09;25.82;180352;218744;218744;218744;218744;218744.0;218744;218744.0;Balanced;61;71;;;;;;Slow Build Up;Possession;71;5;3;3;;;;;;;;
357;/team/357/morecambe/230002;23;2;26.09.2022;Morecambe;60;League Two;3;14;England;63;65;61;62;524027;Town Park;110313;1;2.0;;2700000.0;25.45;25.0;213686;207828;226679;207828;207828;207828.0;226679;226679.0;Balanced;41;37;;;;;;Long Ball;Direct Passing;51;3;3;3;;;;;;;;
418;/team/418/tromso-il/230002;23;2;26.09.2022;Troms?;41;Eliteserien;1;36;Norway;63;63;65;63;469995;Town Park;918;1;4.0;;3800000.0;26.18;23.22;177279;247333;245332;247333;247333;247333.0;245332;245332.0;Pressure On Heavy Touch;61;61;;;;;;Slow Build Up;Possession;61;6;3;3;;;;;;;;
432;/team/432/helsingborgs-if/230002;23;2;26.09.2022;Helsingborg;56;Allsvenskan;1;46;Sweden;63;63;63;62;51459;Molton Road (Sheldon Stadium);320;1;2.0;;6700000.0;26.09;25.25;206286;198490;198490;198490;198490;241415.0;198490;198490.0;Balanced;41;51;;;;;;Balanced;Balanced;51;3;3;3;;;;;;;;
580;/team/580/sv-elversberg/230002;23;2;26.09.2022;Elversberg;2076;2. Bundesliga;3;21;Germany;63;63;62;63;1548455;Town Park;523;1;2.0;;2000000.0;27.0;25.7;193240;238793;238793;250946;238793;185426.0;250946;238793.0;Pressure On Heavy Touch;51;61;;;;;;Fast Build Up;Forward Runs;51;3;3;3;;;;;;;;
781;/team/781/austria-lustenau/230002;23;2;26.09.2022;Austria Lustenau;80;Bundesliga;1;4;Austria;63;64;64;61;1547985;Aloha Park (Generic Oceania 2);15009;1;2.0;;5000000.0;24.09;22.75;247041;247041;240986;240986;247041;247041.0;240986;240986.0;Pressure On Heavy Touch;51;41;;;;;;Long Ball;Direct Passing;51;3;3;3;;;;;;;;
1446;/team/1446/ac-horsens/230002;23;2;26.09.2022;Horsens;1;Superliga;1;13;Denmark;63;64;63;63;16845924;Molton Road (Sheldon Stadium);271;1;2.0;;3500000.0;25.27;24.73;227567;258679;258679;258679;258679;184143.0;258679;258679.0;Balanced;51;37;;;;;;Balanced;Balanced;61;6;3;3;;;;;;;;
1463;/team/1463/fk-haugesund/230002;23;2;26.09.2022;Haugesund;41;Eliteserien;1;36;Norway;63;65;63;63;6972209;Town Park;300;1;5.0;;3600000.0;24.55;23.17;234365;264330;264330;264330;264330;201966.0;264330;264330.0;Balanced;51;51;;;;;;Balanced;Balanced;61;6;3;3;;;;;;;;
1596;/team/1596/gif-sundsvall/230002;23;2;26.09.2022;GIF Sundsvall;56;Allsvenskan;1;46;Sweden;63;63;62;64;7689026;Town Park;113458;1;2.0;;4500000.0;28.73;25.39;190539;226521;226521;226521;234296;190539.0;226521;226521.0;Balanced;41;51;;;;;;Slow Build Up;Possession;51;3;3;3;;;;;;;;
1713;/team/1713/fc-winterthur/230002;23;2;26.09.2022;Winterthur;189;Super League;1;47;Switzerland;63;65;63;61;3960;Town Park;894;1;3.0;;5500000.0;25.27;24.07;269564;206431;206431;206431;206431;206431.0;211237;211237.0;Balanced;61;37;;;;;;Long Ball;Direct Passing;61;3;3;3;;;;;;;;
1756;/team/1756/hamarkameratene/230002;23;2;26.09.2022;HamKam;41;Eliteserien;1;36;Norway;63;64;62;62;458446;Stadion Neder;920;1;2.0;;3200000.0;25.55;24.73;236937;236937;236937;236937;236937;267693.0;261623;236937.0;Balanced;51;41;;;;;;Fast Build Up;Forward Runs;61;4;3;3;;;;;;;;
1757;/team/1757/sandefjord-fotball/230002;23;2;26.09.2022;Sandefjord;41;Eliteserien;1;36;Norway;63;63;63;63;1553285;Town Park;1456;1;2.0;;2900000.0;25.73;24.75;179537;201993;179537;201993;201993;179537.0;179537;179537.0;Balanced;51;41;;;;;;Balanced;Balanced;51;3;3;3;;;;;;;;
1804;/team/1804/bradford-city/230002;23;2;26.09.2022;Bradford City;61;League Two;4;14;England;63;64;63;62;455458;Ivy Lane;8;1;9.0;;3000000.0;26.09;25.18;200806;228318;200806;228318;228318;192450.0;200806;228318.0;Balanced;51;51;;;;;;Slow Build Up;Possession;61;5;3;3;;;;;;;;
1928;/team/1928/port-vale/230002;23;2;26.09.2022;Port Vale;60;League One;3;14;England;63;64;64;63;524236;Court Lane;1806;1;3.0;;2900000.0;27.64;25.04;223902;179636;208812;208812;179636;203287.0;208812;179636.0;Balanced;41;61;;;;;;Balanced;Balanced;61;4;3;3;;;;;;;;
1930;/team/1930/northampton-town/230002;23;2;26.09.2022;Northampton Town;61;League One;4;14;England;63;63;62;62;37430718;Court Lane;1938;1;9.0;;2800000.0;23.91;23.87;208188;213969;213969;203328;213969;203328.0;203328;213969.0;Pressure On Heavy Touch;41;61;;;;;;Long Ball;Direct Passing;61;4;3;3;;;;;;;;
1936;/team/1936/cheltenham-town/230002;23;2;26.09.2022;Cheltenham Town;60;League One;3;14;England;63;64;62;62;468;Court Lane;561;1;1.0;;3300000.0;24.64;23.15;218591;188490;244715;188490;188490;237332.0;188490;237332.0;Balanced;71;41;;;;;;Balanced;Balanced;61;4;3;3;;;;;;;;
1940;/team/1940/mansfield-town/230002;23;2;26.09.2022;Mansfield Town;61;League Two;4;14;England;63;63;63;61;455570;Court Lane;149;1;10.0;;2800000.0;28.45;26.68;202033;202033;202033;202033;202033;202033.0;173673;202033.0;Press After Possession Loss;41;71;;;;;;Fast Build Up;Forward Runs;51;5;3;3;;;;;;;;
2055;/team/2055/sangju-sangmu-fc/230002;23;2;26.09.2022;Sangju Sangmu;83;K League 1;1;167;Korea Republic;63;62;63;63;942497;Estadio de las Artes (Generic Stadium NG);1474;1;3.0;;16600000.0;26.73;25.12;228007;211927;232595;211927;211927;245400.0;232595;232595.0;Balanced;51;51;;;;;;Fast Build Up;Forward Runs;51;4;3;3;;;;;;;;
15001;/team/15001/lyngby-bk/230002;23;2;26.09.2022;Lyngby;1;Superliga;1;13;Denmark;63;62;64;63;37524040;Euro Park;1788;1;1.0;;3600000.0;27.82;24.22;198534;172529;172529;172529;172529;241956.0;198534;227041.0;Press After Possession Loss;51;61;;;;;;Fast Build Up;Forward Runs;61;3;3;3;;;;;;;;
110482;/team/110482/hallescher-fc/230002;23;2;26.09.2022;Hallescher FC;2076;3. Liga;3;21;Germany;63;62;63;64;20693394;Stadion Neder;110588;1;6.0;;4900000.0;24.27;23.23;238642;225875;225875;264439;225875;238642.0;264439;225875.0;Balanced;51;51;;;;;;Slow Build Up;Possession;61;4;3;3;;;;;;;;
110587;/team/110587/vfb-oldenburg/230002;23;2;26.09.2022;VfB Oldenburg;2076;3. Liga;3;21;Germany;63;62;63;62;38226;Euro Park;487;1;1.0;;1900000.0;26.91;26.39;205461;211850;238659;238659;211850;211850.0;238659;238659.0;Balanced;51;61;;;;;;Long Ball;Direct Passing;61;5;3;3;;;;;;;;
110676;/team/110676/borussia-dortmund-ii/230002;23;2;26.09.2022;Borussia Dortmund II;2076;3. Liga;3;21;Germany;63;64;63;64;2178947;Stadion 23. Maj;1825;1;2.0;;5500000.0;22.82;21.72;262635;262740;262740;262740;262740;224597.0;262740;262740.0;Pressure On Heavy Touch;41;61;;;;;;Long Ball;Direct Passing;51;4;3;3;;;;;;;;
111083;/team/111083/korona-kielce/230002;23;2;26.09.2022;Korona Kielce;66;Ekstraklasa;1;37;Poland;63;64;63;63;456904;Stadion Neder;111088;1;2.0;;3400000.0;28.18;25.96;176210;212988;212988;212988;212988;176210.0;212988;212988.0;Balanced;51;41;;;;;;Fast Build Up;Forward Runs;51;6;3;3;;;;;;;;
111396;/team/111396/central-coast-mariners/230002;23;2;26.09.2022;Central Coast Mariners;351;A-League;1;195;Australia;63;63;62;62;684;Crown Lane;111398;3;1.0;;5500000.0;23.73;23.39;261386;219948;243255;219948;219948;219948.0;248841;233645.0;Balanced;61;51;;;;;;Balanced;Balanced;61;4;3;3;;;;;;;;
111398;/team/111398/newcastle-jets/230002;23;2;26.09.2022;Newcastle Jets;351;A-League;1;195;Australia;63;66;64;63;1552268;Forest Park Stadium (Square Ground);111396;1;3.0;;7000000.0;26.73;24.39;192250;263166;263166;263166;263166;263166.0;242154;242154.0;Balanced;51;51;;;;;;Slow Build Up;Possession;61;5;3;3;;;;;;;;
111399;/team/111399/perth-glory/230002;23;2;26.09.2022;Perth Glory;351;A-League;1;195;Australia;63;65;63;63;5224;Forest Park Stadium (Square Ground);111766;2;5.0;;8700000.0;30.64;26.39;180717;189225;189225;189225;189225;189225.0;189225;189225.0;Balanced;51;41;;;;;;Balanced;Balanced;61;3;3;3;;;;;;;;
112080;/team/112080/club-sol-de-america/230002;23;2;26.09.2022;Sol de América;337;Primera División;1;58;Paraguay;63;57;66;61;216896;Aloha Park (Generic Oceania 2);112716;2;3.0;;11500000.0;27.0;25.63;198138;188992;188992;188992;188992;198138.0;188992;188992.0;Balanced;61;61;;;;;;Long Ball;Direct Passing;51;5;3;3;;;;;;;;
112163;/team/112163/zhejiang-professional-fc/230002;23;2;26.09.2022;Zhejiang;2012;Super League;1;155;China PR;63;64;65;61;13991808;Stadion Olympik;110955;1;4.0;;4900000.0;28.82;26.29;239148;176495;176495;176495;176495;176495.0;176495;176495.0;Balanced;61;51;;;;;;Balanced;Balanced;61;3;3;3;;;;;;;;
113458;/team/113458/ik-sirius/230002;23;2;26.09.2022;Sirius;56;Allsvenskan;1;46;Sweden;63;64;64;63;1553294;Town Park;433;1;3.0;;3200000.0;26.18;24.5;192125;237538;237538;237538;237538;202925.0;256874;256874.0;Pressure On Heavy Touch;51;61;;;;;;Slow Build Up;Possession;51;4;3;3;;;;;;;;
113459;/team/113459/kristiansund-bk/230002;23;2;26.09.2022;Kristiansund;41;Eliteserien;1;36;Norway;63;62;63;63;456268;Town Park;417;1;4.0;;4100000.0;26.82;24.86;198642;198519;198519;198519;229678;256669.0;198519;198519.0;Balanced;41;41;;;;;;Fast Build Up;Forward Runs;41;4;3;3;;;;;;;;
113926;/team/113926/salford-city/230002;23;2;26.09.2022;Salford City;61;League Two;4;14;England;63;63;63;62;37336557;Town Park;4;1;9.0;;2400000.0;24.73;24.04;204979;240599;241982;240599;204979;240599.0;241982;204979.0;Balanced;61;51;;;;;;Balanced;Balanced;71;4;3;3;;;;;;;;
114004;/team/114004/pge-fks-stal-mielec/230002;23;2;26.09.2022;Stal Mielec;66;Ekstraklasa;1;37;Poland;63;63;63;63;156328;Euro Park;111083;1;1.0;;3200000.0;27.0;24.78;188062;188062;188062;251089;188062;251089.0;251089;251089.0;Pressure On Heavy Touch;61;41;;;;;;Balanced;Balanced;71;5;3;3;;;;;;;;
114147;/team/114147/afc-hermannstadt/230002;23;2;26.09.2022;Hermannstadt;330;Liga 1;1;39;Romania;63;63;63;65;163560;Stadion 23. Maj;113378;1;2.0;;2500000.0;26.45;25.57;247993;247993;247993;247993;247993;247993.0;247993;247993.0;Balanced;61;51;;;;;;Fast Build Up;Forward Runs;61;4;3;3;;;;;;;;
114604;/team/114604/macarthur-fc/230002;23;2;26.09.2022;Macarthur;351;A-League;1;195;Australia;63;66;62;63;749101;Arena d'Oro;111400;1;2.0;;8600000.0;27.73;25.74;190581;190581;190581;190581;190581;190581.0;190581;190581.0;Balanced;41;41;;;;;;Balanced;Balanced;71;5;3;3;;;;;;;;
116007;/team/116007/general-caballero-jlm/230002;23;2;26.09.2022;General Caballero JLM;337;Primera División;1;58;Paraguay;63;58;63;63;37631748;Aloha Park (Generic Oceania 2);111008;1;1.0;;3500000.0;27.09;25.8;265502;221007;221007;221007;221007;253263.0;221007;221007.0;Balanced;51;51;;;;;;Slow Build Up;Possession;51;4;3;3;;;;;;;;
116360;/team/116360/chengdu-rongcheng-fc/230002;23;2;26.09.2022;Chengdu Rongcheng;2012;Super League;1;155;China PR;63;66;62;63;896791;Crown Lane;116361;1;1.0;;5200000.0;30.09;28.0;226194;226096;226096;218471;226096;226096.0;226096;226096.0;Balanced;51;51;;;;;;Balanced;Balanced;51;3;3;3;;;;;;;;
361;/team/361/stevenage/230002;23;2;26.09.2022;Stevenage;61;League One;4;14;England;62;62;62;62;524208;Town Park;1923;1;2.0;;3000000.0;27.73;26.09;200731;203416;198153;203416;203416;203416.0;203415;223981.0;Balanced;51;51;;;;;;Slow Build Up;Possession;61;3;3;3;;;;;;;;
1802;/team/1802/gillingham/230002;23;2;26.09.2022;Gillingham;61;League Two;4;14;England;62;64;62;60;3038;Court Lane;1934;1;6.0;;3400000.0;27.64;25.79;189492;240897;193206;240897;240897;204785.0;240897;244733.0;Balanced;41;51;;;;;;Long Ball;Direct Passing;51;3;3;3;;;;;;;;
1803;/team/1803/walsall/230002;23;2;26.09.2022;Walsall;61;League Two;4;14;England;62;62;61;61;2133;Court Lane;127;1;7.0;;2800000.0;25.0;24.96;209493;245893;245893;245893;248328;224870.0;245893;248328.0;Press After Possession Loss;51;61;;;;;;Balanced;Balanced;61;3;3;3;;;;;;;;
1931;/team/1931/stockport-county/230002;23;2;26.09.2022;Stockport County;61;League Two;4;14;England;62;61;62;62;1467959;Town Park;1955;1;6.0;;2400000.0;25.27;26.0;200210;200210;200210;200210;200210;200210.0;200210;196353.0;Balanced;51;61;;;;;;Balanced;Balanced;61;6;3;3;;;;;;;;
1935;/team/1935/colchester-united/230002;23;2;26.09.2022;Colchester United;61;League Two;4;14;England;62;62;62;61;1773;Court Lane;94;1;5.0;;2100000.0;27.73;25.93;162053;184471;184471;184471;184471;187077.0;184471;184471.0;Balanced;51;41;;;;;;Balanced;Balanced;51;4;3;3;;;;;;;;
1947;/team/1947/wrexham-afc/230002;23;2;26.09.2022;Wrexham;62;League Two;5;50;Wales;62;65;63;62;6983785;Crown Lane;127;1;8.0;;2500000.0;27.18;25.36;202698;237185;237185;237185;237185;214896.0;202698;237185.0;Balanced;51;61;;;;;;Long Ball;Direct Passing;71;6;3;3;;;;;;;;
1958;/team/1958/leyton-orient/230002;23;2;26.09.2022;Leyton Orient;61;League One;4;14;England;62;61;62;62;2103;Court Lane;19;1;6.0;;2400000.0;26.09;23.85;156894;201446;201446;201446;201446;201446.0;222583;238846.0;Balanced;41;51;;;;;;Slow Build Up;Possession;41;3;3;3;;;;;;;;
15048;/team/15048/tranmere-rovers/230002;23;2;26.09.2022;Tranmere Rovers;61;League Two;4;14;England;62;63;60;61;896498;Ivy Lane;4;1;7.0;;2800000.0;24.73;24.04;204860;252415;252415;252415;252415;204860.0;252415;252415.0;Pressure On Heavy Touch;61;61;;;;;;Balanced;Balanced;61;6;3;3;;;;;;;;
110194;/team/110194/spvgg-bayreuth/230002;23;2;26.09.2022;Bayreuth;2076;3. Liga;3;21;Germany;62;61;62;62;29740;Euro Park;171;1;1.0;;2000000.0;26.0;24.93;234162;239341;234162;234162;239341;234162.0;239341;239341.0;Balanced;51;51;;;;;;Fast Build Up;Forward Runs;51;3;3;3;;;;;;;;
110313;/team/110313/accrington-stanley/230002;23;2;26.09.2022;Accrington Stanley;60;League Two;3;14;England;62;58;63;62;524572;Town Park;357;1;3.0;;4200000.0;24.82;24.25;191108;191108;191108;191108;240513;191108.0;191108;191108.0;Balanced;61;51;;;;;;Long Ball;Direct Passing;61;3;3;3;;;;;;;;
110501;/team/110501/sportclub-verl/230002;23;2;26.09.2022;Verl;2076;3. Liga;3;21;Germany;62;62;63;62;39433;Benteler-Arena;487;1;2.0;;2300000.0;24.45;23.29;231897;238953;238953;244091;238953;242433.0;231897;231897.0;Pressure On Heavy Touch;61;61;;;;;;Slow Build Up;Possession;51;3;3;3;;;;;;;;
110890;/team/110890/crawley-town/230002;23;2;26.09.2022;Crawley Town;61;League Two;4;14;England;62;63;63;60;3494;Town Park;112259;1;6.0;;2100000.0;25.36;24.04;204007;209368;209368;209368;209368;204007.0;209368;209368.0;Balanced;61;51;;;;;;Balanced;Balanced;51;3;3;3;;;;;;;;
111395;/team/111395/brisbane-roar/230002;23;2;26.09.2022;Brisbane Roar;351;A-League;1;195;Australia;62;66;63;62;1030239;Court Lane;111400;4;5.0;;11000000.0;27.55;25.22;190962;180903;180903;180903;180903;195671.0;180903;180903.0;Balanced;51;41;;;;;;Fast Build Up;Forward Runs;71;4;3;3;;;;;;;;
112072;/team/112072/mjallby-aif/230002;23;2;26.09.2022;Mjällby;56;Allsvenskan;1;46;Sweden;62;62;63;61;586853;Court Lane;1439;1;2.0;;2600000.0;24.82;24.38;199080;199080;199080;199080;199080;199080.0;199080;199080.0;Balanced;41;51;;;;;;Balanced;Balanced;61;3;3;3;;;;;;;;
112126;/team/112126/ifk-varnamo/230002;23;2;26.09.2022;Värnamo;56;Allsvenskan;1;46;Sweden;62;65;62;62;17281534;Euro Park;700;1;1.0;;2500000.0;26.0;23.82;266174;223379;223379;223379;237268;206147.0;223379;237268.0;Balanced;41;41;;;;;;Fast Build Up;Forward Runs;51;5;3;3;;;;;;;;
112222;/team/112222/harrogate-town/230002;23;2;26.09.2022;Harrogate Town;61;League Two;4;14;England;62;62;60;60;1552186;Town Park;1804;1;1.0;;2200000.0;24.55;24.86;230812;244673;244673;244673;244673;226950.0;244673;244673.0;Balanced;51;41;;;;;;Balanced;Balanced;51;4;3;3;;;;;;;;
112259;/team/112259/afc-wimbledon/230002;23;2;26.09.2022;AFC Wimbledon;61;League Two;4;14;England;62;63;63;61;2003;Molton Road (Sheldon Stadium);1798;1;6.0;;3600000.0;25.09;22.64;221538;193958;193958;193958;193958;254838.0;193958;193958.0;Balanced;41;51;;;;;;Balanced;Balanced;41;3;3;3;;;;;;;;
112541;/team/112541/wuhan-fc/230002;23;2;26.09.2022;Wuhan Zall;2012;Super League;1;155;China PR;62;66;62;62;311623;Stadion Olympik;111779;1;4.0;;4800000.0;29.27;26.18;233196;247195;247195;247195;247195;199908.0;247195;222620.0;Balanced;51;51;;;;;;Balanced;Balanced;51;3;3;3;;;;;;;;
112985;/team/112985/shijiazhuang-ever-bright-fc/230002;23;2;26.09.2022;Cangzhou Mighty Lions;2012;Super League;1;155;China PR;62;67;58;63;36884109;Stadion Hanguk;112978;1;2.0;;3900000.0;29.18;27.89;190276;222351;222351;222351;222351;257518.0;222351;222351.0;Balanced;41;51;;;;;;Balanced;Balanced;51;3;3;3;;;;;;;;
113146;/team/113146/atk-mohun-bagan-fc/230002;23;2;26.09.2022;ATK Mohun Bagan;2149;Super League;1;159;India;62;59;64;62;528418;O Dromo;111629;4;9.0;;6500000.0;26.18;25.5;223618;223618;223618;223618;223618;223618.0;223618;223618.0;Pressure On Heavy Touch;51;61;;;;;;Fast Build Up;Forward Runs;71;4;3;3;;;;;;;;
113380;/team/113380/cs-mioveni/230002;23;2;26.09.2022;Mioveni;330;Liga 1;1;39;Romania;62;62;58;63;459553;Stadion 23. Maj;100759;1;1.0;;2300000.0;27.82;26.82;165110;251085;251085;251085;251085;251085.0;251085;251085.0;Balanced;51;41;;;;;;Long Ball;Direct Passing;51;3;3;3;;;;;;;;
113743;/team/113743/varbergs-bois-fc/230002;23;2;26.09.2022;Varberg BoIS;56;Allsvenskan;1;46;Sweden;62;62;62;62;191678;Euro Park;700;1;1.0;;2800000.0;27.82;25.18;262021;232161;266429;232161;232161;213305.0;232161;246552.0;Balanced;71;41;;;;;;Long Ball;Direct Passing;71;3;3;3;;;;;;;;
113892;/team/113892/degerfors-if/230002;23;2;26.09.2022;Degerfors;56;Allsvenskan;1;46;Sweden;62;61;62;62;191894;Town Park;433;1;1.0;;2700000.0;24.82;25.79;222145;243111;243111;243111;270574;243111.0;243111;270574.0;Balanced;61;51;;;;;;Slow Build Up;Possession;51;4;3;3;;;;;;;;
115489;/team/115489/fk-jerv/230002;23;2;26.09.2022;Jerv;41;Eliteserien;1;36;Norway;62;62;62;61;458533;469;300;1;1.0;;2100000.0;24.82;24.54;194724;194724;194724;194724;266169;228573.0;194724;266169.0;Balanced;51;41;;;;;;Long Ball;Direct Passing;51;3;3;3;;;;;;;;
92;/team/92/grimsby-town/230002;23;2;26.09.2022;Grimsby Town;61;League Two;4;14;England;61;60;61;60;17867632;Town Park;149;1;3.0;;2000000.0;26.73;24.0;189159;207513;207513;207513;207513;177597.0;247741;207513.0;Balanced;51;51;;;;;;Balanced;Balanced;61;3;3;3;;;;;;;;
121;/team/121/crewe-alexandra/230002;23;2;26.09.2022;Crewe Alexandra;61;League Two;4;14;England;61;61;61;60;37629634;Court Lane;1928;1;6.0;;2500000.0;24.09;22.52;241828;226261;226261;226261;226261;200781.0;226261;226261.0;Balanced;61;41;;;;;;Slow Build Up;Possession;61;5;3;3;;;;;;;;
381;/team/381/barrow/230002;23;2;26.09.2022;Barrow;61;League Two;4;14;England;61;62;61;60;28184231;469;357;1;1.0;;2100000.0;26.27;27.04;187154;221953;246874;221953;246874;239504.0;246874;246874.0;Balanced;51;51;;;;;;Slow Build Up;Possession;71;3;3;3;;;;;;;;
423;/team/423/st-patricks-athletic/230002;23;2;26.09.2022;St Patrick's;65;Premier Division;1;25;Republic of Ireland;61;62;61;61;121795;Town Park;306;1;7.0;;977000.0;25.0;23.65;202819;202819;202819;202819;202819;187761.0;202819;202819.0;Balanced;51;51;;;;;;Fast Build Up;Forward Runs;61;5;3;3;;;;;;;;
1480;/team/1480/carlisle-united/230002;23;2;26.09.2022;Carlisle United;61;League One;4;14;England;61;61;61;61;37354684;Crown Lane;381;1;4.0;;2100000.0;25.64;23.54;227878;187796;227878;227878;187796;240813.0;269156;269156.0;Balanced;51;41;;;;;;Long Ball;Direct Passing;61;5;3;3;;;;;;;;
1934;/team/1934/swindon-town/230002;23;2;26.09.2022;Swindon Town;61;League Two;4;14;England;61;61;60;60;15322;Court Lane;1951;1;8.0;;3100000.0;24.55;23.31;205655;222477;222477;222477;222477;221106.0;198776;198776.0;Pressure On Heavy Touch;61;51;;;;;;Slow Build Up;Possession;71;3;3;3;;;;;;;;
1941;/team/1941/hartlepool-united/230002;23;2;26.09.2022;Hartlepool United;61;League Two;4;14;England;61;61;62;61;524428;Town Park;1480;1;3.0;;2600000.0;26.27;25.42;183720;213805;213805;213805;213805;230900.0;213805;213805.0;Balanced;51;41;;;;;;Long Ball;Direct Passing;61;4;3;3;;;;;;;;
1955;/team/1955/rochdale/230002;23;2;26.09.2022;Rochdale;61;League Two;4;14;England;61;60;61;61;456159;Crown Lane;1931;1;6.0;;4000000.0;27.27;24.88;201958;221279;221279;221279;221279;221279.0;221279;221279.0;Balanced;51;41;;;;;;Slow Build Up;Possession;61;6;3;3;;;;;;;;
110691;/team/110691/sc-freiburg-ii/230002;23;2;26.09.2022;Freiburg II;2076;3. Liga;3;21;Germany;61;61;61;63;198296;Town Park;1832;1;1.0;;4900000.0;22.73;20.93;211917;270083;270083;270083;243041;216823.0;270083;270083.0;Balanced;51;37;;;;;;Fast Build Up;Forward Runs;61;4;3;3;;;;;;;;
110799;/team/110799/sutton-united/230002;23;2;26.09.2022;Sutton United;61;League Two;4;14;England;61;62;60;61;34455769;Town Park;112259;1;1.0;;2300000.0;27.73;25.96;186157;176442;176442;176442;176442;176442.0;176442;176442.0;Balanced;51;41;;;;;;Fast Build Up;Forward Runs;51;6;3;3;;;;;;;;
111774;/team/111774/tianjin-jinmen-tiger-fc/230002;23;2;26.09.2022;Tianjin Jinmen Tiger;2012;Super League;1;155;China PR;61;64;62;60;37566900;Stadion Olympik;111768;2;3.0;;5500000.0;28.55;27.57;228077;245348;245348;245348;245348;245348.0;245348;245348.0;Pressure On Heavy Touch;51;51;;;;;;Balanced;Balanced;61;3;3;3;;;;;;;;
112254;/team/112254/newport-county/230002;23;2;26.09.2022;Newport County;61;League Two;4;50;Wales;61;62;61;62;20284;Town Park;1961;1;7.0;;3300000.0;27.18;24.22;223381;193771;193771;193771;193771;234496.0;213151;233793.0;Balanced;41;51;;;;;;Slow Build Up;Possession;81;4;3;3;;;;;;;;
112429;/team/112429/guangzhou-city/230002;23;2;26.09.2022;Guangzhou R&F;2012;Super League;1;155;China PR;61;62;61;62;37564013;Euro Arena;111839;2;4.0;;5700000.0;30.45;26.21;222278;222577;222577;222577;222577;222577.0;222172;222172.0;Balanced;51;41;;;;;;Slow Build Up;Possession;61;6;3;3;;;;;;;;
113299;/team/113299/kerala-blasters-fc/230002;23;2;26.09.2022;Kerala Blasters;2149;Super League;1;159;India;61;66;61;61;60393;O Dromo;113297;2;6.0;;4000000.0;25.55;25.14;203902;203902;203902;203902;203902;210380.0;203902;203902.0;Pressure On Heavy Touch;51;51;;;;;;Slow Build Up;Possession;61;4;3;3;;;;;;;;
113300;/team/113300/mumbai-city-fc/230002;23;2;26.09.2022;Mumbai City;2149;Super League;1;159;India;61;67;62;61;37524407;Court Lane;113298;3;8.0;;6000000.0;28.27;26.42;248295;223746;223746;223746;223746;223746.0;223746;223746.0;Pressure On Heavy Touch;51;51;;;;;;Balanced;Balanced;61;4;3;3;;;;;;;;
113302;/team/113302/bengaluru-fc/230002;23;2;26.09.2022;Bengaluru;2149;Super League;1;159;India;61;64;60;60;523984;Arena d'Oro;113299;3;7.0;;4000000.0;29.0;25.82;190939;202589;202589;202589;202589;190939.0;202589;202589.0;Pressure On Heavy Touch;61;61;;;;;;Fast Build Up;Forward Runs;51;3;3;3;;;;;;;;
114628;/team/114628/meizhou-hakka/230002;23;2;26.09.2022;Meizhou Hakka;2012;Super League;1;155;China PR;61;61;59;63;1846934;Stadion Olympik;116361;1;1.0;;6400000.0;29.0;27.39;222175;221888;221888;221888;221888;269517.0;221888;221888.0;Balanced;51;51;;;;;;Balanced;Balanced;51;3;3;3;;;;;;;;
305;/team/305/bohemian-fc/230002;23;2;26.09.2022;Bohemians;65;Premier Division;1;25;Republic of Ireland;60;57;61;59;1182371;Town Park;306;1;7.0;;985000.0;23.18;22.92;236012;226429;226429;226429;226429;227288.0;226429;226429.0;Balanced;41;51;;;;;;Balanced;Balanced;61;3;3;3;;;;;;;;
445;/team/445/derry-city/230002;23;2;26.09.2022;Derry City;65;Premier Division;1;35;Northern Ireland;60;58;59;60;120315;Town Park;111131;1;6.0;;990000.0;25.09;23.61;201484;229718;229718;229718;229718;229718.0;229718;229718.0;Balanced;51;51;;;;;;Balanced;Balanced;61;3;3;3;;;;;;;;
563;/team/563/sligo-rovers/230002;23;2;26.09.2022;Sligo Rovers;65;Premier Division;1;25;Republic of Ireland;60;61;60;61;120469;Town Park;111131;1;6.0;;947000.0;24.09;23.7;182156;237838;182156;244200;237838;237863.0;244200;244200.0;Press After Possession Loss;41;51;;;;;;Slow Build Up;Possession;41;5;3;3;;;;;;;;
837;/team/837/dundalk-fc/230002;23;2;26.09.2022;Dundalk;65;Premier Division;1;25;Republic of Ireland;60;62;60;60;12393693;Town Park;1572;2;9.0;;1100000.0;24.0;25.82;200845;200134;199010;200134;200134;200845.0;200134;200134.0;Pressure On Heavy Touch;51;71;;;;;;Balanced;Balanced;71;5;3;3;;;;;;;;
111839;/team/111839/guangzhou-fc/230002;23;2;26.09.2022;Guangzhou Evergrande;2012;Super League;1;155;China PR;60;60;60;59;1713;Stadion Hanguk;112429;7;4.0;;3700000.0;23.18;23.0;223344;223344;223344;223344;223344;223344.0;223344;223344.0;Press After Possession Loss;51;61;;;;;;Balanced;Balanced;61;6;3;3;;;;;;;;
113301;/team/113301/hyderabad-fc/230002;23;2;26.09.2022;Hyderabad;2149;Super League;1;159;India;60;61;62;60;1552424;Euro Arena;113300;1;5.0;;1800000.0;28.55;25.71;191294;191294;191294;191294;191294;49486.0;228199;228199.0;Balanced;61;51;;;;;;Fast Build Up;Forward Runs;51;3;3;3;;;;;;;;
112378;/team/112378/dalian-professional-football-club/230002;23;2;26.09.2022;Dalian Professional;2012;Super League;1;155;China PR;59;59;57;59;37533057;Stadion Olympik;116360;1;5.0;;2800000.0;29.45;27.11;182474;181964;181964;181964;181964;222192.0;222190;222190.0;Balanced;61;41;;;;;;Balanced;Balanced;61;3;3;3;;;;;;;;
112990;/team/112990/al-batin/230002;23;2;26.09.2022;Al Batin;350;Pro League;1;183;Saudi Arabia;59;54;57;59;462184;Stade Kokoto (Generic Africa 2);112572;1;1.0;;4000000.0;24.36;23.5;225647;234121;234121;234121;234121;241954.0;234121;246838.0;Balanced;41;41;;;;;;Long Ball;Direct Passing;41;3;3;3;;;;;;;;
113297;/team/113297/chennaiyin-fc/230002;23;2;26.09.2022;Chennaiyin;2149;Super League;1;159;India;59;61;60;59;29621;O Dromo;113302;2;6.0;;3000000.0;28.0;25.82;245170;195838;195838;195838;195838;202930.0;245170;245170.0;Balanced;51;51;;;;;;Fast Build Up;Forward Runs;61;3;3;3;;;;;;;;
113298;/team/113298/fc-goa/230002;23;2;26.09.2022;Goa;2149;Super League;1;159;India;59;67;59;60;1489365;O Dromo;113300;3;7.0;;2500000.0;27.91;24.92;248298;248298;189958;248298;248298;201403.0;248298;248298.0;Pressure On Heavy Touch;61;51;;;;;;Slow Build Up;Possession;61;4;3;3;;;;;;;;
834;/team/834/shelbourne-fc/230002;23;2;26.09.2022;Shelbourne;65;Premier Division;1;25;Republic of Ireland;58;58;57;58;382;469;305;1;4.0;;942000.0;24.27;22.33;208290;261861;261861;261861;261861;261861.0;261861;261861.0;Balanced;61;51;;;;;;Slow Build Up;Possession;71;3;3;3;;;;;;;;
113257;/team/113257/odisha-fc/230002;23;2;26.09.2022;Odisha FC;2149;Super League;1;159;India;58;64;58;57;7346264;O Dromo;114168;1;2.0;;1500000.0;27.0;25.38;200727;211017;211017;211017;211017;207917.0;211017;248315.0;Balanced;51;51;;;;;;Fast Build Up;Forward Runs;51;4;3;3;;;;;;;;
114168;/team/114168/jamshedpur-fc/230002;23;2;26.09.2022;Jamshedpur;2149;Super League;1;159;India;58;61;56;59;942515;Arena d'Oro;113146;1;3.0;;1600000.0;28.09;25.83;169623;236546;236546;236546;236546;236546.0;236546;236546.0;Balanced;51;51;;;;;;Fast Build Up;Forward Runs;51;4;3;3;;;;;;;;
1572;/team/1572/drogheda-united/230002;23;2;26.09.2022;Drogheda United;65;Premier Division;1;25;Republic of Ireland;57;59;57;57;37618984;469;837;1;3.0;;945000.0;25.0;23.93;190031;190031;190031;190031;190031;246693.0;227082;227082.0;Pressure On Heavy Touch;61;51;;;;;;Long Ball;Direct Passing;61;4;3;3;;;;;;;;
111131;/team/111131/finn-harps/230002;23;2;26.09.2022;Finn Harps;65;Premier Division;1;25;Republic of Ireland;57;55;57;57;456463;Town Park;445;1;2.0;;940000.0;27.09;25.58;204383;200484;204383;200484;200484;204383.0;204383;200484.0;Balanced;41;41;;;;;;Balanced;Balanced;61;4;3;3;;;;;;;;
111629;/team/111629/sc-east-bengal-fc/230002;23;2;26.09.2022;East Bengal;2149;Super League;1;159;India;57;63;56;57;474498;O Dromo;113146;3;5.0;;3400000.0;27.82;26.83;248301;209975;209975;209975;209975;256998.0;245169;209975.0;Pressure On Heavy Touch;61;51;;;;;;Long Ball;Direct Passing;61;3;3;3;;;;;;;;
113040;/team/113040/northeast-united-fc/230002;23;2;26.09.2022;NorthEast United;2149;Super League;1;159;India;56;64;56;56;27831764;Stade Kokoto (Generic Africa 2);113146;1;3.0;;1600000.0;28.45;25.85;228992;260108;260108;260108;260108;169465.0;260108;260108.0;Balanced;61;61;;;;;;Fast Build Up;Forward Runs;51;3;3;3;;;;;;;;
111132;/team/111132/ucd-afc/230002;23;2;26.09.2022;UCD;65;Premier Division;1;25;Republic of Ireland;55;57;55;55;120550;469;306;1;1.0;;935000.0;21.45;20.95;237889;237889;237889;237889;237889;262651.0;237889;247452.0;Balanced;51;51;;;;;;Long Ball;Direct Passing;61;3;3;3;;;;;;;;
112978;/team/112978/hebei-fc/230002;23;2;26.09.2022;Hebei CFFC;2012;Super League;1;155;China PR;55;55;54;56;1021664;Euro Arena;112985;1;3.0;;2300000.0;25.0;22.68;233449;222306;222306;222306;222306;241471.0;222306;222306.0;Balanced;61;51;;;;;;Fast Build Up;Forward Runs;51;8;3;3;;;;;;;;
