coach_id;coach_url;short_name;long_name;dob;nationality_name
24;/coach/24/david-unsworth/;D. Unsworth;David Unsworth;16.10.1973;England
50;/coach/50/steven-gerrard/;S. Gerrard;Steven Gerrard;30.05.1980;England
95;/coach/95/frank-lampard/;F. Lampard;Frank Lampard;20.06.1978;England
121;/coach/121/carl-hoefkens/;C. Hoefkens;Carl Hoefkens;05.10.1978;Belgium
126;/coach/126/andy-dawson/;A. Dawson;Andy Dawson;20.10.1978;England
204;/coach/204/ki-hyeon-seol/;K. Seol;Ki-Hyeon Seol;08.01.1979;Korea Republic
236;/coach/236/vincent-kompany/;V. Kompany;Vincent Kompany;10.04.1986;Belgium
243;/coach/243/didier-digard/;D. Digard;Didier Digard;12.07.1986;France
252;/coach/252/carlos-alberto-tevez/;C. Tevez;Carlos Alberto Tevez;05.02.1984;Argentina
270;/coach/270/gary-oneil/;G. O'Neil;Gary O'Neil;18.05.1983;England
277;/coach/277/matthew-taylor/;M. Taylor;Matthew Taylor;27.11.1981;England
305;/coach/305/phil-neville/;P. Neville;Phil Neville;21.01.1977;England
307;/coach/307/mikel-arteta-amatriain/;M. Arteta;Mikel Arteta Amatriain;26.03.1982;Spain
380;/coach/380/emre-belozoglu/;E. Belözo?lu;Emre Belözo?lu;07.09.1980;Turkey
382;/coach/382/damien-duff/;D. Duff;Damien Duff;02.03.1979;Republic of Ireland
384;/coach/384/darren-moore/;D. Moore;Darren Moore;22.04.1974;England
468;/coach/468/wade-elliott/;W. Elliott;Wade Elliott;14.12.1978;England
469;/coach/469/olof-mellberg/;O. Mellberg;Olof Mellberg;03.09.1977;Sweden
491;/coach/491/ian-ross-evatt/;I. Evatt;Ian Ross Evatt;19.11.1981;England
497;/coach/497/dirk-kuijt/;D. Kuijt;Dirk Kuijt;22.07.1980;Netherlands
511;/coach/511/xabier-alonso-olano/;X. Alonso Olano;Xabier Alonso Olano;25.11.1981;Spain
562;/coach/562/rob-edwards/;R. Edwards;Rob Edwards;25.12.1982;Wales
579;/coach/579/wayne-mark-rooney/;W. Rooney;Wayne Mark Rooney;24.10.1985;England
607;/coach/607/gary-mcsheffrey/;G. McSheffrey;Gary McSheffrey;13.08.1982;England
611;/coach/611/mehdi-nafti/;M. Nafti;Mehdi Nafti;28.11.1978;Tunisia
645;/coach/645/michael-carrick/;M. Carrick;Michael Carrick;28.07.1981;England
658;/coach/658/joey-barton/;J. Barton;Joey Barton;02.09.1982;England
684;/coach/684/nick-montgomery/;N. Montgomery;Nick Montgomery;28.10.1981;Scotland
727;/coach/727/alberto-aquilani/;A. Aquilani;Alberto Aquilani;07.07.1984;Italy
869;/coach/869/steve-morison/;S. Morison;Steve Morison;29.08.1983;Wales
904;/coach/904/russell-martin/;R. Martin;Russell Martin;04.01.1986;Scotland
912;/coach/912/steven-naismith/;S. Naismith;Steven Naismith;14.09.1986;Scotland
938;/coach/938/ryan-mason/;R. Mason;Ryan Mason;13.06.1991;England
1198;/coach/1198/kelvin-davis/;K. Davis;Kelvin Davis;29.09.1976;England
1334;/coach/1334/shaun-maloney/;S. Maloney;Shaun Maloney;24.01.1983;Scotland
1346;/coach/1346/patrick-mccarthy/;P. McCarthy;Patrick McCarthy;31.05.1983;Republic of Ireland
1398;/coach/1398/martin-gaston-demichelis/;M. Demichelis;Martín Gastón Demichelis;20.12.1980;Argentina
1458;/coach/1458/michael-duff/;M. Duff;Michael Duff;11.01.1978;Northern Ireland
1600;/coach/1600/lee-johnson/;L. Johnson;Lee Johnson;07.06.1981;England
1621;/coach/1621/jim-goodwin/;J. Goodwin;Jim Goodwin;20.11.1981;Republic of Ireland
1631;/coach/1631/patrick-kisnorbo/;P. Kisnorbo;Patrick Kisnorbo;24.03.1981;Australia
1713;/coach/1713/zhi-zheng/;Z. Zheng;Zhi Zheng;20.08.1980;China PR
1742;/coach/1742/callum-davidson/;C. Davidson;Callum Davidson;25.06.1976;Scotland
1749;/coach/1749/grant-mccann/;G. McCann;Grant McCann;14.04.1980;Northern Ireland
1752;/coach/1752/martin-devaney/;M. Devaney;Martin Devaney;01.06.1980;England
1773;/coach/1773/wayne-brown/;W. Brown;Wayne Brown;20.08.1977;England
1819;/coach/1819/gareth-ainsworth/;G. Ainsworth;Gareth Ainsworth;10.05.1973;England
2003;/coach/2003/johnnie-jackson/;J. Jackson;Johnnie Jackson;15.08.1982;England
2103;/coach/2103/richard-wellens/;R. Wellens;Richard Wellens;26.03.1980;England
2133;/coach/2133/michael-john-flynn/;M. Flynn;Michael John Flynn;17.10.1980;Wales
2141;/coach/2141/matthew-sadler/;M. Sadler;Matthew Sadler;26.02.1985;England
2146;/coach/2146/john-eustace/;J. Eustace;John Eustace;03.11.1979;England
2151;/coach/2151/mark-fotheringham/;M. Fotheringham;Mark Fotheringham;22.10.1983;Scotland
2198;/coach/2198/mark-kennedy/;M. Kennedy;Mark Kennedy;15.05.1976;Republic of Ireland
2508;/coach/2508/barry-robson/;B. Robson;Barry Robson;07.11.1978;Scotland
2615;/coach/2615/colin-healy/;C. Healy;Colin Healy;15.03.1980;Republic of Ireland
2733;/coach/2733/matthew-taylor/;M. Taylor;Matthew Taylor;30.01.1982;England
2922;/coach/2922/bruno-saltor-grau/;B. Saltor Grau;Bruno Saltor Grau;01.10.1980;Spain
3038;/coach/3038/neil-harris/;N. Harris;Neil Harris;12.07.1977;England
3125;/coach/3125/tore-andre-flo/;T. Flo;Tore Andre Flo;15.06.1973;Norway
3311;/coach/3311/paul-warne/;P. Warne;Paul Warne;08.05.1973;England
3428;/coach/3428/john-mousinho/;J. Mousinho;John Mousinho;30.04.1986;England
3494;/coach/3494/lewis-jack-young/;L. Young;Lewis Jack Young;27.09.1989;England
3804;/coach/3804/ivan-gabriel-heinze/;I. Heinze;Iván Gabriel Heinze;19.04.1978;Argentina
3960;/coach/3960/bruno-berner/;B. Berner;Bruno Berner;21.11.1977;Switzerland
4043;/coach/4043/mile-sterjovski/;M. Sterjovski;Mile Sterjovski;27.05.1979;Australia
4115;/coach/4115/nuri-sahin/;N. ªahin;Nuri ªahin;05.09.1988;Turkey
4665;/coach/4665/steven-defour/;S. Defour;Steven Defour;15.04.1988;Belgium
4724;/coach/4724/steven-maclean/;S. MacLean;Steven MacLean;23.08.1982;Scotland
5097;/coach/5097/robbie-neilson/;R. Neilson;Robbie Neilson;19.06.1980;Scotland
5125;/coach/5125/david-gray/;D. Gray;David Gray;04.05.1988;Scotland
5159;/coach/5159/joao-miguel-da-cunha-teixeira/;Moreno;Jo?o Miguel da Cunha Teixeira;19.08.1981;Portugal
5224;/coach/5224/ruben-zadkovich/;R. Zadkovich;Ruben Zadkovich;23.05.1986;Australia
6711;/coach/6711/kevin-maher/;K. Maher;Kevin Maher;17.10.1976;Republic of Ireland
7016;/coach/7016/nathan-jones/;N. Jones;Nathan Jones;28.05.1973;Wales
7101;/coach/7101/steven-schumacher/;S. Schumacher;Steven Schumacher;30.04.1984;England
7464;/coach/7464/matt-bloomfield/;M. Bloomfield;Matt Bloomfield;08.02.1984;England
8170;/coach/8170/ryan-lowe/;R. Lowe;Ryan Lowe;18.09.1978;England
9054;/coach/9054/terry-dunfield/;T. Dunfield;Terry Dunfield;20.02.1982;Canada
9882;/coach/9882/graham-coughlan/;G. Coughlan;Graham Coughlan;18.11.1974;Republic of Ireland
9954;/coach/9954/michael-david-jackson/;M. Jackson;Michael David Jackson;14.12.1979;England
10127;/coach/10127/paul-heckingbottom/;P. Heckingbottom;Paul Heckingbottom;17.07.1977;England
10249;/coach/10249/lee-bell/;L. Bell;Lee Bell;26.01.1983;England
10629;/coach/10629/kevin-nicholson/;K. Nicholson;Kevin Nicholson;02.10.1980;England
10631;/coach/10631/chris-hargreaves/;C. Hargreaves;Chris Hargreaves;05.12.1972;England
11018;/coach/11018/dino-maamria/;D. Maamria;Dino Maamria;26.05.1971;England
15322;/coach/15322/scott-lindsey/;S. Lindsey;Scott Lindsey;04.05.1972;England
16436;/coach/16436/daryl-mcmahon/;D. McMahon;Daryl McMahon;10.10.1982;Republic of Ireland
20284;/coach/20284/darren-kelly/;D. Kelly;Darren Kelly;30.06.1979;Northern Ireland
22909;/coach/22909/gabriel-francisco-garcia-de-la-torre/;G. García de la Torre;Gabriel Francisco García de la Torre;10.02.1979;Spain
23029;/coach/23029/phillip-cocu/;P. Cocu;Phillip Cocu;29.10.1970;Netherlands
23174;/coach/23174/jon-dahl-tomasson/;J. Dahl Tomasson;Jon Dahl Tomasson;29.08.1976;Denmark
23180;/coach/23180/arne-slot/;A. Slot;Arne Slot;17.09.1978;Netherlands
23237;/coach/23237/giovanni-van-bronckhorst/;G. van Bronckhorst;Giovanni van Bronckhorst;05.02.1975;Netherlands
23247;/coach/23247/stephan-keller/;S. Keller;Stephan Keller;31.05.1979;Switzerland
23316;/coach/23316/danny-buijs/;D. Buijs;Danny Buijs;21.06.1982;Netherlands
23395;/coach/23395/rick-kruijs/;R. Kruijs;Rick Kruijs;09.05.1985;Netherlands
23435;/coach/23435/alfred-schreuder/;A. Schreuder;Alfred Schreuder;11.02.1972;Netherlands
23440;/coach/23440/sinan-kaloglu/;S. Kaloglu;Sinan Kaloglu;10.06.1981;Turkey
23707;/coach/23707/rogier-meijer/;R. Meijer;Rogier Meijer;05.09.1981;Netherlands
23716;/coach/23716/kevin-hofland/;K. Hofland;Kevin Hofland;06.07.1979;Netherlands
23836;/coach/23836/patrick-kluivert/;P. Kluivert;Patrick Kluivert;07.01.1976;Netherlands
23990;/coach/23990/arnar-vidharsson/;A. Vi?arsson;Arnar Vi?arsson;15.03.1978;Iceland
24118;/coach/24118/hernan-pablo-losada/;H. Losada;Hernán Pablo Losada;09.05.1982;Argentina
24381;/coach/24381/mark-van-bommel/;M. van Bommel;Mark van Bommel;22.04.1977;Netherlands
29535;/coach/29535/bo-svensson/;B. Svensson;Bo Svensson;04.08.1979;Denmark
29560;/coach/29560/miroslav-klose/;M. Klose;Miroslav Klose;09.06.1978;Germany
29582;/coach/29582/pal-dardai/;P. Dárdai;Pál Dárdai;16.03.1976;Hungary
29608;/coach/29608/ludovic-magnin/;L. Magnin;Ludovic Magnin;20.04.1979;Switzerland
29612;/coach/29612/alexander-frei/;A. Frei;Alexander Frei;15.07.1979;Switzerland
29621;/coach/29621/thomas-brdaric/;T. Brdariæ;Thomas Brdariæ;23.01.1975;Germany
29676;/coach/29676/steffen-baumgart/;S. Baumgart;Steffen Baumgart;05.01.1972;Germany
29710;/coach/29710/marco-rose/;M. Rose;Marco Rose;11.09.1976;Germany
29740;/coach/29740/timo-rost/;T. Rost;Timo Rost;29.08.1978;Germany
29838;/coach/29838/steven-cherundolo/;S. Cherundolo;Steven Cherundolo;19.02.1979;United States
29839;/coach/29839/christoph-dabrowski/;C. Dabrowski;Christoph Dabrowski;01.07.1978;Germany
29842;/coach/29842/cristian-ramon-fiel-casanova/;C. Fiél Casanova;Cristian Ramon Fiél Casanova;12.03.1980;Spain
30044;/coach/30044/christian-eichner/;C. Eichner;Christian Eichner;24.11.1982;Germany
30314;/coach/30314/matthias-jaissle/;M. Jaissle;Matthias Jaissle;05.04.1988;Germany
30333;/coach/30333/bradley-carnell/;B. Carnell;Bradley Carnell;21.01.1977;South Africa
30462;/coach/30462/cagdas-atan/;Ç. Atan;Çagdas Atan;29.02.1980;Turkey
30572;/coach/30572/alexander-voigt/;A. Voigt;Alexander Voigt;13.04.1978;Germany
30963;/coach/30963/ruud-van-nistelrooy/;R. van Nistelrooy;Ruud van Nistelrooy;07.01.1976;Netherlands
30996;/coach/30996/sandro-wagner/;S. Wagner;Sandro Wagner;29.11.1987;Germany
31151;/coach/31151/timo-schultz/;T. Schultz;Timo Schultz;26.08.1977;Germany
31205;/coach/31205/jonas-de-roeck/;J. De Roeck;Jonas De Roeck;20.12.1979;Belgium
31312;/coach/31312/ovidiu-nicusor-burca/;O. Burca;Ovidiu Nicusor Burca;16.03.1980;Romania
32849;/coach/32849/dino-toppmoller/;D. Toppmöller;Dino Toppmöller;23.11.1980;Germany
33148;/coach/33148/rudiger-ziehl/;R. Ziehl;Rüdiger Ziehl;26.10.1977;Germany
33182;/coach/33182/stefan-leitl/;S. Leitl;Stefan Leitl;29.08.1977;Germany
33212;/coach/33212/daniel-thioune/;D. Thioune;Daniel Thioune;21.07.1974;Germany
33525;/coach/33525/jacques-abardonado/;J. Abardonado;Jacques Abardonado;25.05.1978;France
35399;/coach/35399/marcel-rapp/;M. Rapp;Marcel Rapp;16.04.1979;Germany
35468;/coach/35468/alparslan-erdem/;A. Erdem;Alparslan Erdem;11.12.1988;Turkey
35472;/coach/35472/tobias-schweinsteiger/;T. Schweinsteiger;Tobias Schweinsteiger;12.03.1982;Germany
35513;/coach/35513/sreto-ristic/;S. Ristic;Sreto Ristic;02.07.1976;Serbia
35564;/coach/35564/mersad-selimbegovic/;M. Selimbegovic;Mersad Selimbegovic;29.04.1982;Bosnia and Herzegovina
35571;/coach/35571/alexander-blessin/;A. Blessin;Alexander Blessin;28.05.1973;Germany
36891;/coach/36891/michael-schiele/;M. Schiele;Michael Schiele;03.03.1978;Germany
37679;/coach/37679/fabian-hurzeler/;F. Hürzeler;Fabian Hürzeler;26.02.1993;United States
38217;/coach/38217/sebastian-hoeness/;S. Hoeneß;Sebastian Hoeneß;12.05.1982;Germany
38226;/coach/38226/dario-fossi/;D. Fossi;Dario Fossi;21.05.1981;Italy
38879;/coach/38879/sargon-duran/;S. Duran;Sargon Duran;31.01.1987;Austria
38927;/coach/38927/enrico-maassen/;E. Maaßen;Enrico Maaßen;10.03.1984;Germany
39105;/coach/39105/jan-zimmermann/;J. Zimmermann;Jan Zimmermann;05.10.1979;Germany
39433;/coach/39433/michel-kniat/;M. Kniat;Michél Kniat;18.11.1985;Germany
45305;/coach/45305/pellegrino-matarazzo/;P. Matarazzo;Pellegrino Matarazzo;28.11.1977;United States
51306;/coach/51306/ferdinand-feldhofer/;F. Feldhofer;Ferdinand Feldhofer;23.10.1979;Austria
51400;/coach/51400/joachim-standfest/;J. Standfest;Joachim Standfest;30.05.1980;Austria
51459;/coach/51459/mattias-lindstrom/;M. Lindström;Mattias Lindström;18.04.1980;Sweden
51518;/coach/51518/oliver-glasner/;O. Glasner;Oliver Glasner;28.08.1974;Austria
60268;/coach/60268/adnan-custovic/;A. Èustoviæ;Adnan Èustoviæ;16.04.1978;Bosnia and Herzegovina
60303;/coach/60303/ivan-leko/;I. Leko;Ivan Leko;07.02.1978;Croatia
60307;/coach/60307/karel-geraerts/;K. Geraerts;Karel Geraerts;05.01.1982;Belgium
60361;/coach/60361/mbaye-leye/;M. Leye;M'Baye Leye;01.12.1982;Senegal
60374;/coach/60374/vincent-euvrard/;V. Euvrard;Vincent Euvrard;12.03.1982;Belgium
60393;/coach/60393/ivan-vukomanovic/;I. Vukomanovic;Ivan Vukomanovic;19.06.1977;Serbia
60851;/coach/60851/wim-de-decker/;W. De Decker;Wim De Decker;06.04.1982;Belgium
62986;/coach/62986/luis-garcia-fernandez/;L. García Fernández;Luis García Fernández;06.02.1981;Spain
74546;/coach/74546/sergej-jakirovic/;S. Jakiroviæ;Sergej Jakiroviæ;23.12.1976;Bosnia and Herzegovina
77126;/coach/77126/dan-alexa/;D. Alexa;Dan Alexa;28.10.1979;Romania
79289;/coach/79289/marcel-liczka/;M. Liczka;Marcel Liczka;17.07.1977;Czech Republic
82956;/coach/82956/henrik-hansen/;H. Hansen;Henrik Hansen;28.07.1979;Denmark
82974;/coach/82974/brian-priske-pedersen/;B. Priske Pedersen;Brian Priske Pedersen;14.05.1977;Denmark
84240;/coach/84240/martin-thomsen/;M. Thomsen;Martin Thomsen;06.08.1982;Denmark
90958;/coach/90958/toni-koskela/;T. Koskela;Toni Koskela;16.02.1983;Finland
94064;/coach/94064/laurent-batlles/;L. Batlles;Laurent Batlles;23.09.1975;France
94105;/coach/94105/cristiano-marques-gomes/;C. Marques Gomes;Cristiano Marques Gomes;03.06.1977;Brazil
94233;/coach/94233/vincent-hognon/;V. Hognon;Vincent Hognon;16.08.1974;France
94328;/coach/94328/paulo-cesar-da-silva-peixoto/;P. da Silva Peixoto;Paulo César da Silva Peixoto;12.05.1980;Portugal
94341;/coach/94341/stephane-dumont/;S. Dumont;Stéphane Dumont;09.06.1982;France
94389;/coach/94389/olivier-echouafni/;O. Echouafni;Olivier Echouafni;13.09.1972;France
94575;/coach/94575/fabio-grosso/;F. Grosso;Fabio Grosso;28.11.1977;Italy
94983;/coach/94983/nicolas-rabuel/;N. Rabuel;Nicolas Rabuel;15.01.1978;France
95058;/coach/95058/luis-oscar-gonzalez/;L. González;Luis Oscar González;19.01.1981;Argentina
95070;/coach/95070/omar-daf/;O. Daf;Omar Daf;12.02.1977;Senegal
95212;/coach/95212/bruno-grougi/;B. Grougi;Bruno Grougi;26.04.1983;France
95726;/coach/95726/thiago-motta/;T. Motta;Thiago Motta;28.08.1982;Italy
95782;/coach/95782/adrian-mutu/;A. Mutu;Adrian Mutu;08.01.1979;Romania
97031;/coach/97031/alexandre-dujeux/;A. Dujeux;Alexandre Dujeux;01.08.1976;France
97208;/coach/97208/olivier-guegan/;O. Guégan;Olivier Guégan;20.08.1972;France
98545;/coach/98545/ande-dona-ndoh/;A. Dona N'Doh;Ande Dona N'Doh;22.05.1986;Cameroon
99512;/coach/99512/fabien-valeri/;F. Valeri;Fabien Valeri;06.09.1974;France
101150;/coach/101150/stephane-masala/;S. Masala;Stéphane Masala;30.08.1976;France
106189;/coach/106189/francisco-javier-munoz-llompart/;F. Mu?oz Llompart;Francisco Javier Mu?oz Llompart;05.09.1980;Spain
107256;/coach/107256/israel-alejandro-damonte/;I. Damonte;Israel Alejandro Damonte;06.01.1982;Argentina
107439;/coach/107439/enzo-maresca/;E. Maresca;Enzo Maresca;10.02.1980;Italy
107528;/coach/107528/washington-sebastian-abreu-gallo/;W. Abreu Gallo;Washington Sebastián Abreu Gallo;17.10.1976;Uruguay
107635;/coach/107635/nicolae-constantin-dica/;N. Dicã;Nicolae Constantin Dicã;09.05.1980;Romania
107983;/coach/107983/erol-bulut/;E. Bulut;Erol Bulut;30.01.1975;Turkey
108499;/coach/108499/aleksandar-vukovic/;A. Vukovic;Aleksandar Vukovic;25.08.1979;Serbia
108880;/coach/108880/vasco-manuel-vilhena-faisca-teixeira/;V. Faisca Teixeira;Vasco Manuel Vilhena Faisca Teixeira;27.08.1980;Portugal
109688;/coach/109688/diego-hernan-martinez/;D. Martínez;Diego Hernán Martínez;16.11.1978;Argentina
117955;/coach/117955/jacob-neestrup-hansen/;J. Neestrup Hansen;Jacob Neestrup Hansen;03.08.1988;Denmark
120141;/coach/120141/pavel-dochev/;P. Dochev;Pavel Dochev;28.09.1965;Bulgaria
120315;/coach/120315/ruaidhri-higgins/;R. Higgins;Ruaidhri Higgins;23.10.1984;Northern Ireland
120469;/coach/120469/john-russell/;J. Russell;John Russell;18.05.1985;Republic of Ireland
120550;/coach/120550/andrew-myler/;A. Myler;Andrew Myler;12.02.1975;Republic of Ireland
120666;/coach/120666/stephen-odonnell/;S. O'Donnell;Stephen O'Donnell;15.01.1986;Republic of Ireland
120668;/coach/120668/ian-ryan/;I. Ryan;Ian Ryan;09.06.1987;Republic of Ireland
120714;/coach/120714/gary-cronin/;G. Cronin;Gary Cronin;16.03.1979;Republic of Ireland
120775;/coach/120775/stephen-bradley/;S. Bradley;Stephen Bradley;19.11.1984;Republic of Ireland
121795;/coach/121795/tim-clancy/;T. Clancy;Tim Clancy;08.06.1984;Republic of Ireland
122306;/coach/122306/tommy-barrett/;T. Barrett;Tommy Barrett;20.05.1979;Republic of Ireland
126283;/coach/126283/mihai-doru-pintilii/;M. Pintilii;Mihai Doru Pintilii;09.11.1984;Romania
127492;/coach/127492/eugenio-corini/;E. Corini;Eugenio Corini;30.07.1970;Italy
127495;/coach/127495/filippo-inzaghi/;F. Inzaghi;Filippo Inzaghi;09.08.1973;Italy
127536;/coach/127536/mario-frick/;M. Frick;Mario Frick;07.09.1974;Liechtenstein
127593;/coach/127593/sebastiano-siviglia/;S. Siviglia;Sebastiano Siviglia;29.03.1973;Italy
127597;/coach/127597/dejan-stankovic/;D. Stankovic;Dejan Stankovic;09.11.1978;Serbia
127611;/coach/127611/lionel-sebastian-scaloni/;L. Scaloni;Lionel Sebastián Scaloni;16.05.1978;Argentina
127616;/coach/127616/paolo-zanetti/;P. Zanetti;Paolo Zanetti;16.12.1982;Italy
127617;/coach/127617/leonardo-colucci/;L. Colucci;Leonardo Colucci;29.12.1972;Italy
127755;/coach/127755/paolo-bianco/;P. Bianco;Paolo Bianco;20.08.1977;Italy
127771;/coach/127771/alberto-gilardino/;A. Gilardino;Alberto Gilardino;05.07.1982;Italy
127811;/coach/127811/andrea-soncin/;A. Soncin;Andrea Soncin;05.09.1978;Italy
127840;/coach/127840/fabio-caserta/;F. Caserta;Fabio Caserta;24.09.1978;Italy
127886;/coach/127886/luis-diego-lopez-breijo/;L. López Breijo;Luis Diego López Breijo;22.08.1974;Uruguay
127889;/coach/127889/roberto-de-zerbi/;R. De Zerbi;Roberto De Zerbi;06.06.1979;Italy
127965;/coach/127965/ivan-gennaro-gattuso/;I. Gattuso;Ivan Gennaro Gattuso;09.01.1978;Italy
127980;/coach/127980/ivan-juric/;I. Juric;Ivan Juric;25.08.1975;Croatia
127989;/coach/127989/andrea-pirlo/;A. Pirlo;Andrea Pirlo;19.05.1979;Italy
128013;/coach/128013/fabio-liverani/;F. Liverani;Fabio Liverani;29.04.1976;Italy
128120;/coach/128120/aimo-diana/;A. Diana;Aimo Diana;02.01.1978;Italy
128160;/coach/128160/simone-inzaghi/;S. Inzaghi;Simone Inzaghi;05.04.1976;Italy
128192;/coach/128192/daniele-gastaldello/;D. Gastaldello;Daniele Gastaldello;25.06.1983;Italy
128211;/coach/128211/christian-bucchi/;C. Bucchi;Christian Bucchi;13.02.1977;Italy
128261;/coach/128261/vincenzo-italiano/;V. Italiano;Vincenzo Italiano;10.12.1977;Italy
128295;/coach/128295/raffaele-palladino/;R. Palladino;Raffaele Palladino;17.04.1984;Italy
128311;/coach/128311/alessandro-agostini/;A. Agostini;Alessandro Agostini;23.07.1979;Italy
128419;/coach/128419/fabio-cannavaro/;F. Cannavaro;Fabio Cannavaro;13.09.1973;Italy
128470;/coach/128470/massimo-paci/;M. Paci;Massimo Paci;09.05.1978;Italy
128851;/coach/128851/fernando-ruben-gago/;F. Gago;Fernando Rubén Gago;10.04.1986;Argentina
130460;/coach/130460/william-viali/;W. Viali;William Viali;16.11.1974;Italy
130523;/coach/130523/gennaro-volpe/;G. Volpe;Gennaro Volpe;17.02.1981;Italy
130528;/coach/130528/fabio-pecchia/;F. Pecchia;Fabio Pecchia;24.08.1973;Italy
130911;/coach/130911/daniele-di-donato/;D. Di Donato;Daniele Di Donato;21.02.1977;Italy
130912;/coach/130912/michele-mignani/;M. Mignani;Michele Mignani;30.04.1972;Italy
131125;/coach/131125/edoardo-gorini/;E. Gorini;Edoardo Gorini;28.02.1974;Italy
131252;/coach/131252/roberto-daversa/;R. D'Aversa;Roberto D'Aversa;12.08.1975;Italy
133534;/coach/133534/gustavo-adolfo-munua-vera/;G. Munúa Vera;Gustavo Adolfo Munúa Vera;27.01.1978;Uruguay
134562;/coach/134562/marius-marian-croitoru/;M. Croitoru;Marius Marian Croitoru;02.10.1980;Romania
149815;/coach/149815/magnus-powell/;M. Powell;Magnus Powell;28.10.1974;Sweden
149978;/coach/149978/eirik-bakke/;E. Bakke;Eirik Bakke;13.09.1977;Norway
152113;/coach/152113/kevin-andrew-nicol/;K. Nicol;Kevin Andrew Nicol;19.01.1982;Scotland
152235;/coach/152235/eirik-horneland/;E. Horneland;Eirik Horneland;14.03.1975;Norway
153005;/coach/153005/bjarte-lunde-aarsheim/;B. Lunde Aarsheim;Bjarte Lunde Aarsheim;14.01.1975;Norway
153793;/coach/153793/wojciech-lobodzinski/;W. £obodziñski;Wojciech £obodziñski;20.10.1982;Poland
153980;/coach/153980/pavol-stano/;P. Stano;Pavol Stano;29.09.1977;Slovakia
154013;/coach/154013/maciej-stolarczyk/;M. Stolarczyk;Maciej Stolarczyk;15.01.1972;Poland
154225;/coach/154225/ivan-djurdjevic/;I. Djurdjevic;Ivan Djurdjevic;05.02.1977;Serbia
154313;/coach/154313/dariusz-dudek/;D. Dudek;Dariusz Dudek;08.04.1975;Poland
154708;/coach/154708/kamil-kuzera/;K. Kuzera;Kamil Kuzera;11.03.1983;Poland
156328;/coach/156328/adam-majewski/;A. Majewski;Adam Majewski;24.12.1973;Poland
158158;/coach/158158/ruben-filipe-marques-amorim/;R. Amorim;Ruben Filipe Marques Amorim;27.01.1985;Portugal
158416;/coach/158416/eduardo-godinho-felipe-de-souza/;E. Felipe de Souza;Eduardo Godinho Felipe de Souza;08.03.1981;Brazil
160758;/coach/160758/nelson-alexandre-da-silva-verissimo/;N. da Silva Veríssimo;Nelson Alexandre da Silva Veríssimo;17.04.1977;Portugal
163560;/coach/163560/marius-constantin-maldarasanu/;M. Mãldãrãºanu;Marius Constantin Mãldãrãºanu;19.04.1975;Romania
163593;/coach/163593/ilie-poenaru/;I. Poenaru;Ilie Poenaru;11.11.1976;Romania
163743;/coach/163743/mirel-matei-radoi/;M. Radoi;Mirel Matei Radoi;22.03.1981;Romania
164110;/coach/164110/abel-gomez-moreno/;A. Gómez Moreno;Abel Gómez Moreno;20.02.1982;Spain
166465;/coach/166465/george-anmare/;G. ?an?mare;George ?an?mare;24.06.1983;Romania
169214;/coach/169214/sergei-semak/;S. Semak;Sergei Semak;27.02.1976;Russia
169272;/coach/169272/roman-sharonov/;R. Sharonov;Roman Sharonov;08.09.1976;Russia
170857;/coach/170857/denis-popov/;D. Popov;Denis Popov;04.02.1979;Russia
171174;/coach/171174/evgeniy-kaleshin/;E. Kaleshin;Evgeniy Kaleshin;20.06.1978;Russia
171254;/coach/171254/aleksandr-storozhuk/;A. Storozhuk;Aleksandr Storozhuk;10.08.1981;Russia
171725;/coach/171725/scott-brown/;S. Brown;Scott Brown;25.06.1985;Scotland
171828;/coach/171828/jack-ross/;J. Ross;Jack Ross;05.06.1976;Scotland
171878;/coach/171878/steven-hammell/;S. Hammell;Steven Hammell;18.02.1982;Scotland
172638;/coach/172638/stuart-kettlewell/;S. Kettlewell;Stuart Kettlewell;04.06.1984;Scotland
173023;/coach/173023/alex-neil/;A. Neil;Alex Neil;09.06.1981;Scotland
184794;/coach/184794/sergio-gonzalez-soriano/;S. González Soriano;Sergio González Soriano;10.11.1976;Spain
184942;/coach/184942/xavier-hernandez-creus/;X. Hernández;Xavier Hernández Creus;25.01.1980;Spain
184988;/coach/184988/gabriel-alejandro-milito/;G. Milito;Gabriel Alejandro Milito;07.09.1980;Argentina
184993;/coach/184993/henok-goitom/;H. Goitom;Henok Goitom;16.09.1984;Eritrea
185049;/coach/185049/leandro-daniel-somoza/;L. Somoza;Leandro Daniel Somoza;26.01.1981;Argentina
185095;/coach/185095/ruben-baraja-vegas/;R. Baraja Vegas;Rubén Baraja Vegas;11.07.1975;Spain
185262;/coach/185262/joseba-andoni-etxeberria-lizardi/;J. Etxeberria Lizardi;Joseba Andoni Etxeberria Lizardi;05.09.1977;Spain
185336;/coach/185336/vicente-moreno-peris/;V. Moreno Peris;Vicente Moreno Peris;26.10.1974;Spain
185346;/coach/185346/javier-calleja-revilla/;J. Calleja Revilla;Javier Calleja Revilla;12.05.1978;Spain
185470;/coach/185470/javier-baraja-vegas/;J. Baraja Vegas;Javier Baraja Vegas;24.08.1980;Spain
186018;/coach/186018/miguel-angel-sanchez-munoz/;M. Sánchez;Miguel Ángel Sánchez Mu?oz;30.10.1975;Spain
186071;/coach/186071/paulo-cesar-pezzolano-suarez/;P. Pezzolano Suárez;Paulo César Pezzolano Suárez;25.04.1983;Uruguay
186298;/coach/186298/carlos-gonzalez-pena/;C. González Pe?a;Carlos González Pe?a;28.07.1983;Spain
187382;/coach/187382/ruben-torrecilla-gonzalez/;R. Gonzalez;Ruben Torrecilla Gonzalez;24.05.1979;Spain
187936;/coach/187936/sergio-francisco-ramos/;S. Francisco Ramos;Sergio Francisco Ramos;19.03.1979;Spain
188253;/coach/188253/aritz-mujika-lopez/;A. Mújika López;Aritz Mújika López;13.11.1981;Spain
189541;/coach/189541/henrik-rydstrom/;H. Rydström;Henrik Rydström;16.02.1976;Sweden
189568;/coach/189568/christoffer-andersson/;C. Andersson;Christoffer Andersson;22.10.1978;Sweden
189622;/coach/189622/christian-jardler/;C. Järdler;Christian Järdler;03.06.1982;Sweden
189742;/coach/189742/dan-kristian-haynes/;D. Haynes;Dan Kristian Haynes;20.12.1980;Sweden
191444;/coach/191444/tobias-solberg/;T. Solberg;Tobias Solberg;17.05.1981;Sweden
191678;/coach/191678/joakim-persson/;J. Persson;Joakim Persson;03.04.1975;Sweden
191894;/coach/191894/andreas-holmberg/;A. Holmberg;Andreas Holmberg;17.08.1984;Sweden
194144;/coach/194144/amir-azrafshan/;A. Azrafshan;Amir Azrafshan;;Sweden
197165;/coach/197165/marc-schneider/;M. Schneider;Marc Schneider;23.07.1980;Switzerland
197318;/coach/197318/alessandro-mangiarratti/;A. Mangiarratti;Alessandro Mangiarratti;15.09.1978;Switzerland
197728;/coach/197728/marko-ante-rudan/;M. Rudan;Marko Ante Rudan;27.08.1975;Australia
198279;/coach/198279/anthony-braizat/;A. Braizat;Anthony Braizat;16.08.1977;France
198296;/coach/198296/thomas-stamm/;T. Stamm;Thomas Stamm;19.02.1983;Switzerland
198883;/coach/198883/mattia-croci-torti/;M. Croci-Torti;Mattia Croci-Torti;10.04.1982;Switzerland
199825;/coach/199825/omer-erdogan/;Ö. Erdogan;Ömer Erdogan;03.05.1977;Turkey
199962;/coach/199962/senol-can/;ª. Can;ªenol Can;03.04.1983;Turkey
199988;/coach/199988/okan-buruk/;O. Buruk;Okan Buruk;19.10.1973;Turkey
200010;/coach/200010/servet-cetin/;S. Çetin;Servet Çetin;17.03.1981;Turkey
200087;/coach/200087/rigobert-song-bahanag/;R. Song Bahanag;Rigobert Song Bahanag;01.07.1976;Cameroon
200291;/coach/200291/volkan-demirel/;V. Demirel;Volkan Demirel;27.10.1981;Turkey
201088;/coach/201088/fatih-tekke/;F. Tekke;Fatih Tekke;09.09.1977;Turkey
202007;/coach/202007/muzaffer-bilazer/;M. Bilazer;Muzaffer Bilazer;20.06.1977;Turkey
204364;/coach/204364/ruslan-rotan/;R. Rotan;Ruslan Rotan;29.10.1981;Ukraine
204726;/coach/204726/mariusz-lewandowski/;M. Lewandowski;Mariusz Lewandowski;18.05.1979;Poland
211194;/coach/211194/lucas-andres-nardi/;L. Nardi;Lucas Andres Nardi;09.07.1980;Argentina
211391;/coach/211391/guillermo-martin-farre/;G. Farré;Guillermo Martín Farré;16.03.1981;Argentina
211449;/coach/211449/walter-gaston-coyette/;W. Coyette;Walter Gastón Coyette;28.01.1976;Argentina
212007;/coach/212007/juan-pablo-vojvoda/;J. Vojvoda;Juan Pablo Vojvoda;13.05.1975;Argentina
212082;/coach/212082/pablo-daniel-de-muner/;P. de Muner;Pablo Daniel de Muner;14.04.1981;Argentina
212163;/coach/212163/lucas-alfredo-bovaglio/;L. Bovaglio;Lucas Alfredo Bovaglio;19.04.1979;Argentina
212494;/coach/212494/raul-adolfo-antuna/;R. Antu?a;Raúl Adolfo Antu?a;31.08.1973;Argentina
212873;/coach/212873/cristian-alberto-gonzalez-peret/;C. González Peret;Cristian Alberto González Peret;04.08.1974;Argentina
212901;/coach/212901/jorge-rodrigo-bava/;J. Bava;Jorge Rodrigo Bava;02.08.1981;Uruguay
213970;/coach/213970/eduardo-rodrigo-dominguez/;E. Domínguez;Eduardo Rodrigo Domínguez;01.09.1978;Argentina
215856;/coach/215856/rogerio-mucke-ceni/;R. Mücke Ceni;Rogério Mücke Ceni;22.01.1973;Brazil
216631;/coach/216631/pablo-daniel-escobar-olivetti/;P. Escobar Olivetti;Pablo Daniel Escobar Olivetti;12.07.1978;Bolivia
216863;/coach/216863/marcio-miranda-freitas-rocha-da-silva/;M. Freitas Rocha da Silva;Marcio Miranda Freitas Rocha da Silva;20.03.1981;Brazil
216896;/coach/216896/pablo-horacio-guinazu/;P. Gui?azú;Pablo Horacio Gui?azú;26.08.1978;Argentina
217747;/coach/217747/julio-cesar-caceres-lopez/;J. Cáceres López;Júlio César Cáceres López;05.10.1979;Paraguay
219788;/coach/219788/gustavo-javier-canales-bustos/;G. Canales Bustos;Gustavo Javier Canales Bustos;30.03.1982;Chile
227933;/coach/227933/mario-jorge-maciel-pereira-nascimento/;M. Pereira Nascimento;Mario Jorge Maciel Pereira Nascimento;11.11.1979;Brazil
232657;/coach/232657/sebastian-miguel-miranda-cordova/;S. Miranda Córdova;Sebastián Miguel Miranda Córdova;26.06.1980;Chile
232710;/coach/232710/esteban-nestor-conde-quintana/;E. Conde Quintana;Esteban Néstor Conde Quintana;04.03.1983;Uruguay
232735;/coach/232735/francisco-esteban-arrue-pardo/;F. Arrué Pardo;Francisco Esteban Arrué Pardo;07.08.1977;Chile
232813;/coach/232813/ezequiel-luis-medran/;E. Medrán;Ezequiel Luis Medrán;28.12.1980;Argentina
233202;/coach/233202/nicolas-arnaldo-nunez-rojas/;N. Nú?ez Rojas;Nicolás Arnaldo Nú?ez Rojas;12.09.1984;Chile
233380;/coach/233380/hector-hernan-caputto-gomez/;H. Caputto Gómez;Héctor Hernán Caputto Gómez;06.10.1974;Chile
235363;/coach/235363/johan-javier-fano-espinoza/;J. Fano Espinoza;Johan Javier Fano Espinoza;09.08.1978;Peru
235436;/coach/235436/david-fernando-montoya/;D. Montoya;David Fernando Montoya;14.02.1978;Colombia
236047;/coach/236047/mario-humberto-garcia-caboara/;M. García Caboara;Mario Humberto García Caboara;14.09.1980;Mexico
238517;/coach/238517/oscar-mario-morera-gomez/;Ó. Morera Gómez;Óscar Mario Morera Gómez;15.06.1984;Colombia
251867;/coach/251867/jaime-arturo-lozano-espin/;J. Lozano Espin;Jaime Arturo Lozano Espin;29.09.1978;Mexico
251872;/coach/251872/eduardo-german-coudet/;E. Coudet;Eduardo Germán Coudet;12.09.1974;Argentina
251906;/coach/251906/gabriel-ernesto-pereyra-vazquez/;G. Pereyra Vázquez;Gabriel Ernesto Pereyra Vázquez;28.02.1978;Argentina
252276;/coach/252276/juan-francisco-palencia-hernandez/;J. Palencia Hernández;Juan Francisco Palencia Hernández;28.04.1973;Mexico
252450;/coach/252450/javier-marcelo-gandolfi/;J. Gandolfi;Javier Marcelo Gandolfi;05.12.1980;Argentina
252486;/coach/252486/rolando-hernan-cristante-mandarino/;R. Cristante Mandarino;Rolando Hernán Cristante Mandarino;16.09.1969;Argentina
252491;/coach/252491/federico-vilar-baudena/;F. Vilar Baudena;Federico Vilar Baudena;30.05.1977;Argentina
252596;/coach/252596/gonzalo-pineda-reyes/;G. Pineda Reyes;Gonzalo Pineda Reyes;19.10.1982;Mexico
252780;/coach/252780/mauro-nestor-gerk-larrea/;M. Gerk Larrea;Mauro Nestor Gerk Larrea;05.09.1977;Argentina
254517;/coach/254517/jose-ignacio-pallas-martinez/;J. Pallas Martínez;José Ignacio Pallas Martínez;05.01.1983;Uruguay
257375;/coach/257375/troadio-daniel-duarte/;T. Duarte;Troadio Daniel Duarte;04.03.1977;Paraguay
257693;/coach/257693/hernan-rodrigo-lopez-mora/;H. López Mora;Hernán Rodrigo López Mora;21.01.1978;Uruguay
258416;/coach/258416/guillermo-sandro-salas-suarez/;G. Salas Suarez;Guillermo Sandro Salas Suarez;21.10.1974;Peru
258715;/coach/258715/juan-carlos-alayo/;J. Alayo;Juan Carlos Alayo;18.11.1985;Peru
260206;/coach/260206/alexander-jesus-medina-reobasco/;A. Medina Reobasco;Alexander Jesús Medina Reobasco;08.08.1978;Uruguay
261388;/coach/261388/ezra-hendrickson/;E. Hendrickson;Ezra Hendrickson;16.01.1972;Saint Vincent and the Grenadines
261421;/coach/261421/pat-noonan/;P. Noonan;Pat Noonan;08.02.1980;United States
261512;/coach/261512/josh-wolff/;J. Wolff;Josh Wolff;25.02.1977;United States
282308;/coach/282308/jose-maria-morr/;J. Morr;José María Morr;12.04.1981;Venezuela
282927;/coach/282927/leonel-gerardo-vielma-pena/;L. Vielma Pe?a;Leonel Gerardo Vielma Pe?a;30.08.1978;Venezuela
286861;/coach/286861/arthur-zwane/;A. Zwane;Arthur Zwane;20.09.1973;South Africa
308200;/coach/308200/satoshi-yamaguchi/;S. Yamaguchi;Satoshi Yamaguchi;17.04.1978;Japan
308330;/coach/308330/daiki-iwamasa/;D. Iwamasa;Daiki Iwamasa;30.01.1982;Japan
308790;/coach/308790/takayuki-yoshida/;T. Yoshida;Takayuki Yoshida;14.03.1977;Japan
311397;/coach/311397/junzhe-zhao/;J. Zhao;Junzhe Zhao;18.04.1979;China PR
311623;/coach/311623/jinyu-li/;J. Li;Jinyu Li;07.06.1977;China PR
311753;/coach/311753/tao-chen/;T. Chen;Tao Chen;11.03.1985;China PR
317694;/coach/317694/ufuk-talay/;U. Talay;Ufuk Talay;26.03.1976;Australia
319508;/coach/319508/gi-dong-kim/;G. Kim;Gi-Dong Kim;12.01.1972;Korea Republic
319683;/coach/319683/won-kwon-choi/;W. Choi;Won-Kwon Choi;08.11.1981;Korea Republic
319820;/coach/319820/sang-sik-kim/;S. Kim;Sang-Sik Kim;17.12.1976;Korea Republic
323355;/coach/323355/danny-hay/;D. Hay;Danny Hay;15.05.1975;New Zealand
328728;/coach/328728/kevin-muscat/;K. Muscat;Kevin Muscat;07.08.1973;Australia
335781;/coach/335781/sergiy-rebrov/;S. Rebrov;Sergiy Rebrov;03.06.1974;Ukraine
344426;/coach/344426/markus-anfang/;M. Anfang;Markus Anfang;12.06.1974;Germany
347590;/coach/347590/stephan-helm/;S. Helm;Stephan Helm;10.04.1983;Austria
351097;/coach/351097/thomas-schnoll/;T. Schnöll;Thomas Schnöll;23.09.1991;Austria
361268;/coach/361268/pierre-aristouy/;P. Aristouy;Pierre Aristouy;30.12.1979;France
364995;/coach/364995/davide-nicola/;D. Nicola;Davide Nicola;05.03.1973;Italy
367568;/coach/367568/alessio-dionisi/;A. Dionisi;Alessio Dionisi;01.04.1980;Italy
368745;/coach/368745/jorgen-isnes/;J. Isnes;J?rgen Isnes;30.08.1979;Norway
374099;/coach/374099/artur-sadirov/;A. Sadirov;Artur Sadirov;22.03.1985;Russia
387349;/coach/387349/kenan-askan/;K. Askan;Kenan Askan;01.06.1981;Turkey
407742;/coach/407742/hugo-benjamin-ibarra/;H. Ibarra;Hugo Benjamin Ibarra;04.01.1974;Argentina
407770;/coach/407770/raphael-wicky/;R. Wicky;Raphaël Wicky;26.04.1977;Switzerland
407845;/coach/407845/igor-tudor/;I. Tudor;Igor Tudor;16.04.1978;Croatia
412537;/coach/412537/facundo-sava/;F. Sava;Facundo Sava;07.03.1974;Argentina
417286;/coach/417286/alexander-ende/;A. Ende;Alexander Ende;19.09.1979;Germany
417317;/coach/417317/edin-terzic/;E. Terzic;Edin Terzic;30.10.1982;Croatia
419564;/coach/419564/humberto-viviani-ribera/;H. Viviani Ribera;Humberto Viviani Ribera;12.10.1980;Bolivia
429896;/coach/429896/ariel-enrique-holan/;A. Holan;Ariel Enrique Holan;14.09.1960;Argentina
429917;/coach/429917/oscar-alexander-pareja-gomez/;Ó. Pareja Gómez;Óscar Alexander Pareja Gómez;10.08.1968;Colombia
429924;/coach/429924/caleb-porter/;C. Porter;Caleb Porter;18.02.1975;United States
429937;/coach/429937/brian-schmetzer/;B. Schmetzer;Brian Schmetzer;18.08.1962;United States
429940;/coach/429940/adrian-heath/;A. Heath;Adrian Heath;11.01.1961;England
438064;/coach/438064/lucas-pusineri/;L. Pusineri;Lucas Pusineri;17.07.1976;Argentina
452677;/coach/452677/magnus-haglund/;M. Haglund;Magnus Haglund;15.04.1973;Sweden
452683;/coach/452683/graham-potter/;G. Potter;Graham Potter;20.05.1975;England
452689;/coach/452689/mikael-stahre/;M. Stahre;Mikael Stahre;05.07.1975;Sweden
452732;/coach/452732/kjetil-knutsen/;K. Knutsen;Kjetil Knutsen;02.10.1968;Norway
452761;/coach/452761/osman-ozkoylu/;O. Özköylü;Osman Özköylü;26.08.1971;Turkey
452767;/coach/452767/klaus-schmidt/;K. Schmidt;Klaus Schmidt;21.10.1967;Austria
452818;/coach/452818/myung-bo-hong/;M. Hong;Myung-Bo Hong;12.02.1969;Korea Republic
452862;/coach/452862/thomas-silberberger/;T. Silberberger;Thomas Silberberger;03.06.1973;Austria
452906;/coach/452906/jaime-de-la-pava-marquez/;J. de la Pava Márquez;Jaime de la Pava Márquez;14.04.1967;Colombia
452916;/coach/452916/luiz-elena-felipe-scolari/;L. Scolari;Luiz Elena Felipe Scolari;09.11.1948;Brazil
452946;/coach/452946/diego-pablo-simeone/;D. Simeone;Diego Pablo Simeone;28.04.1970;Argentina
453012;/coach/453012/sebastian-beccacece/;S. Beccacece;Sebastián Beccacece;17.12.1980;Argentina
453032;/coach/453032/yong-soo-choi/;Y. Choi;Yong-Soo Choi;10.09.1973;Korea Republic
455343;/coach/455343/slaven-bilic/;S. Biliæ;Slaven Biliæ;11.09.1968;Croatia
455344;/coach/455344/tony-mowbray/;T. Mowbray;Tony Mowbray;22.11.1963;England
455350;/coach/455350/paul-cook/;P. Cook;Paul Cook;22.02.1967;England
455353;/coach/455353/jurgen-klopp/;J. Klopp;Jürgen Klopp;16.06.1967;Germany
455355;/coach/455355/david-moyes/;D. Moyes;David Moyes;25.04.1963;Scotland
455357;/coach/455357/karl-robinson/;K. Robinson;Karl Robinson;13.09.1980;England
455361;/coach/455361/josep-guardiola-i-sala/;J. Guardiola i Sala;Josep Guardiola i Sala;18.01.1971;Spain
455363;/coach/455363/slavisa-jokanovic/;S. Jokanoviæ;Slaviša Jokanoviæ;16.08.1968;Serbia
455372;/coach/455372/ronald-koeman/;R. Koeman;Ronald Koeman;21.03.1963;Netherlands
455375;/coach/455375/jose-mario-felix-dos-santos-mourinho/;José Mourinho;José Mario Felix dos Santos Mourinho;26.01.1963;Portugal
455384;/coach/455384/antonio-conte/;A. Conte;Antonio Conte;31.07.1969;Italy
455387;/coach/455387/rafael-benitez-maudes/;R. Benítez Maudes;Rafael Benítez Maudes;16.04.1960;Spain
455424;/coach/455424/marco-alexandre-saraiva-da-silva/;M. Saraiva da Silva;Marco Alexandre Saraiva da Silva;12.07.1977;Portugal
455453;/coach/455453/gary-rowett/;G. Rowett;Gary Rowett;06.03.1974;England
455458;/coach/455458/mark-hughes/;M. Hughes;Mark Hughes;01.11.1963;Wales
455461;/coach/455461/sean-dyche/;S. Dyche;Sean Dyche;28.06.1971;England
455462;/coach/455462/gary-bowyer/;G. Bowyer;Gary Bowyer;26.06.1971;England
455489;/coach/455489/mark-robins/;M. Robins;Mark Robins;22.12.1969;England
455493;/coach/455493/jose-miguel-gonzalez-martin-del-campo/;J. González Martín del Campo;José Miguel González Martín del Campo;23.03.1963;Spain
455570;/coach/455570/nigel-clough/;N. Clough;Nigel Clough;19.03.1966;England
455607;/coach/455607/darren-ferguson/;D. Ferguson;Darren Ferguson;09.02.1972;Scotland
455648;/coach/455648/jose-mel-perez/;J. Mel Pérez;José Mel Pérez;28.02.1963;Spain
455672;/coach/455672/lucien-favre/;L. Favre;Lucien Favre;02.11.1957;Switzerland
455701;/coach/455701/peter-zeidler/;P. Zeidler;Peter Zeidler;08.08.1962;Germany
455705;/coach/455705/jindrich-trpisovsky/;J. Trpišovský;Jindøich Trpišovský;27.02.1976;Czech Republic
455712;/coach/455712/urs-fischer/;U. Fischer;Urs Fischer;20.02.1966;Switzerland
455728;/coach/455728/gustavo-julio-alfaro/;G. Alfaro;Gustavo Julio Alfaro;14.08.1962;Argentina
455743;/coach/455743/jose-luis-sierra-pando/;J. Sierra Pando;José Luis Sierra Pando;05.12.1968;Chile
455745;/coach/455745/jorge-guillermo-almada-alves/;J. Almada Álves;Jorge Guillermo Almada Álves;18.06.1969;Uruguay
455788;/coach/455788/victor-sanchez-del-amo/;V. Sánchez del Amo;Víctor Sánchez del Amo;23.02.1976;Spain
455793;/coach/455793/ronny-deila/;R. Deila;Ronny Deila;21.09.1975;Norway
455800;/coach/455800/carlo-ancelotti/;C. Ancelotti;Carlo Ancelotti;10.06.1959;Italy
455809;/coach/455809/diego-vicente-aguirre-camblor/;D. Aguirre Camblor;Diego Vicente Aguirre Camblor;13.09.1965;Uruguay
455815;/coach/455815/olivier-pantaloni/;O. Pantaloni;Olivier Pantaloni;13.12.1966;France
455821;/coach/455821/enrique-sanchez-flores/;E. Sánchez Flores;Enrique Sánchez Flores;05.02.1965;Spain
455827;/coach/455827/stephane-le-mignan/;S. Le Mignan;Stéphane Le Mignan;04.06.1974;France
455831;/coach/455831/viktor-goncharenko/;V. Goncharenko;Viktor Goncharenko;10.06.1977;Belarus
455836;/coach/455836/senol-gunes/;ª. Güneº;ªenol Güneº;01.06.1952;Turkey
455848;/coach/455848/marco-baroni/;M. Baroni;Marco Baroni;11.09.1963;Italy
455860;/coach/455860/gregg-berhalter/;G. Berhalter;Gregg Berhalter;01.08.1973;United States
455898;/coach/455898/guillermo-barros-schelotto/;G. Barros Schelotto;Guillermo Barros Schelotto;04.05.1973;Argentina
455907;/coach/455907/unai-emery-etxegoien/;U. Emery;Unai Emery Etxegoien;03.11.1971;Spain
455925;/coach/455925/rene-hake/;R. Hake;René Hake;01.01.1970;Netherlands
455926;/coach/455926/maurizio-sarri/;M. Sarri;Maurizio Sarri;10.01.1959;Italy
455928;/coach/455928/jean-louis-gasset/;J. Gasset;Jean-Louis Gasset;09.12.1953;France
455931;/coach/455931/rui-carlos-pinho-da-vitoria/;R. Pinho da Vitória;Rui Carlos Pinho da Vitória;16.04.1970;Portugal
455941;/coach/455941/lars-roar-bohinen/;L. Bohinen;Lars Roar Bohinen;08.09.1969;Norway
455944;/coach/455944/luis-miguel-ramis-monfort/;L. Ramis Monfort;Luis Miguel Ramis Monfort;25.07.1970;Spain
455945;/coach/455945/paulo-alexandre-rodrigues-fonseca/;P. Rodrigues Fonseca;Paulo Alexandre Rodrigues Fonseca;05.03.1973;Portugal
455957;/coach/455957/massimiliano-allegri/;M. Allegri;Massimiliano Allegri;11.08.1967;Italy
455958;/coach/455958/peter-bosz/;P. Bosz;Peter Bosz;21.11.1963;Netherlands
455975;/coach/455975/mesut-bakkal/;M. Bakkal;Mesut Bakkal;19.03.1964;Turkey
455978;/coach/455978/adolf-hutter/;A. Hütter;Adolf Hütter;11.02.1970;Austria
455991;/coach/455991/nuno-herlander-simoes-espirito-santo/;N. Sim?es Espírito Santo;Nuno Herlander Sim?es Espírito Santo;25.01.1974;Portugal
456014;/coach/456014/jorge-luis-sampaoli-moya/;J. Sampaoli Moya;Jorge Luis Sampaoli Moya;13.03.1960;Argentina
456022;/coach/456022/thierry-laurey/;T. Laurey;Thierry Laurey;17.02.1964;France
456033;/coach/456033/augusto-sergio-ferreira/;A. Ferreira;Augusto Sérgio Ferreira;07.09.1965;Brazil
456038;/coach/456038/gian-piero-gasperini/;G. Gasperini;Gian Piero Gasperini;26.01.1958;Italy
456040;/coach/456040/vagner-carmo-mancini/;V. Carmo Mancini;Vágner Carmo Mancini;24.10.1966;Brazil
456080;/coach/456080/joseba-imanol-idiakez-barkaiztegui/;J. Idiakez Barkaiztegui;Joseba Imanol Idiakez Barkaiztegui;14.03.1972;Spain
456085;/coach/456085/michael-oenning/;M. Oenning;Michael Oenning;27.09.1965;Germany
456113;/coach/456113/erik-ten-hag/;E. ten Hag;Erik ten Hag;02.02.1970;Netherlands
456140;/coach/456140/hector-fernando-marecos-silvera/;H. Marecos Silvera;Héctor Fernando Marecos Silvera;04.01.1979;Paraguay
456153;/coach/456153/stephane-moulin/;S. Moulin;Stéphane Moulin;04.08.1967;France
456159;/coach/456159/jim-bentley/;J. Bentley;Jim Bentley;11.06.1976;England
456170;/coach/456170/kazimierz-moskal/;K. Moskal;Kazimierz Moskal;09.01.1967;Poland
456247;/coach/456247/christophe-pelissier/;C. Pélissier;Christophe Pélissier;05.10.1965;France
456258;/coach/456258/asier-garitano-aguirrezabal/;A. Garitano Aguirrezábal;Asier Garitano Aguirrezábal;06.12.1969;Spain
456268;/coach/456268/christian-michelsen/;C. Michelsen;Christian Michelsen;14.03.1973;Norway
456309;/coach/456309/julio-cesar-falcioni/;J. Falcioni;Julio César Falcioni;20.07.1956;Argentina
456391;/coach/456391/alex-pastoor/;A. Pastoor;Alex Pastoor;26.10.1966;Netherlands
456409;/coach/456409/luis-miguel-carrion-delgado/;L. Carrión Delgado;Luis Miguel Carrión Delgado;07.02.1979;Spain
456414;/coach/456414/dag-eilev-akkerhaugen-fagermo/;D. Fagermo;Dag-Eilev Akkerhaugen Fagermo;18.01.1967;Norway
456423;/coach/456423/jagoba-arrasate-elustondo/;J. Arrasate;Jagoba Arrasate Elustondo;22.04.1978;Spain
456450;/coach/456450/michael-kollner/;M. Köllner;Michael Köllner;29.12.1969;Germany
456463;/coach/456463/ollie-horgan/;O. Horgan;Ollie Horgan;;Republic of Ireland
456483;/coach/456483/olivier-frapolli/;O. Frapolli;Olivier Frapolli;27.09.1971;France
456524;/coach/456524/svein-maalen/;S. Maalen;Svein Maalen;;Norway
456549;/coach/456549/valdas-dambrauskas/;V. Dambrauskas;Valdas Dambrauskas;07.01.1977;Lithuania
456552;/coach/456552/alfredo-aglietti/;A. Aglietti;Alfredo Aglietti;16.09.1970;Italy
456555;/coach/456555/ron-jans/;R. Jans;Ron Jans;29.09.1958;Netherlands
456580;/coach/456580/cosmin-marius-contra/;C. Contra;Cosmin Marius Contra;15.12.1975;Romania
456588;/coach/456588/jose-ricardo-mannarino/;J. Mannarino;Jose Ricardo Mannarino;05.06.1971;Brazil
456603;/coach/456603/michel-der-zakarian/;M. Der Zakarian;Michel Der Zakarian;18.02.1963;Armenia
456625;/coach/456625/jurgen-streppel/;J. Streppel;Jurgen Streppel;25.06.1969;Netherlands
456646;/coach/456646/julio-velazquez-santiago/;J. Velázquez Santiago;Julio Velázquez Santiago;05.10.1981;Spain
456647;/coach/456647/jacek-zielinski/;J. Zielinski;Jacek Zielinski;22.03.1961;Poland
456648;/coach/456648/kemal-ozdes/;K. Özdeº;Kemal Özdeº;10.05.1970;Turkey
456650;/coach/456650/henk-de-jong/;H. de Jong;Henk de Jong;27.08.1964;Netherlands
456665;/coach/456665/marius-ninel-sumudica/;M. ªumudicã;Marius Ninel ªumudicã;04.03.1971;Romania
456680;/coach/456680/igor-jovicevic/;I. Jovièeviæ;Igor Jovièeviæ;30.11.1973;Croatia
456904;/coach/456904/leszek-ojrzynski/;L. Ojrzynski;Leszek Ojrzynski;31.05.1972;Poland
456984;/coach/456984/piotr-stokowiec/;P. Stokowiec;Piotr Stokowiec;25.05.1972;Poland
456991;/coach/456991/didier-santini/;D. Santini;Didier Santini;07.09.1968;France
457036;/coach/457036/marco-rossi/;M. Rossi;Marco Rossi;09.09.1964;Italy
457107;/coach/457107/jimmy-thelin/;J. Thelin;Jimmy Thelin;14.03.1978;Sweden
457206;/coach/457206/alain-pochat/;A. Pochat;Alain Pochat;01.08.1967;France
457354;/coach/457354/tatsuma-yoshida/;T. Yoshida;Tatsuma Yoshida;09.06.1974;Japan
457649;/coach/457649/thomas-thomasberg/;T. Thomasberg;Thomas Thomasberg;15.10.1974;Denmark
457779;/coach/457779/kent-nielsen/;K. Nielsen;Kent Nielsen;28.12.1961;Denmark
457906;/coach/457906/albert-cartier/;A. Cartier;Albert Cartier;22.11.1960;France
458184;/coach/458184/marco-wildersinn/;M. Wildersinn;Marco Wildersinn;29.09.1980;Germany
458446;/coach/458446/jakob-michelsen/;J. Michelsen;Jakob Michelsen;30.09.1980;Denmark
458500;/coach/458500/maurice-steijn/;M. Steijn;Maurice Steijn;20.11.1973;Netherlands
458506;/coach/458506/kasper-hjulmand/;K. Hjulmand;Kasper Hjulmand;09.04.1972;Denmark
458508;/coach/458508/stanley-purl-menzo/;S. Menzo;Stanley Purl Menzo;15.10.1963;Netherlands
458509;/coach/458509/robert-molenaar/;R. Molenaar;Robert Molenaar;27.02.1969;Netherlands
458512;/coach/458512/jose-manuel-martins-teixeira-gomes/;J. Martins Teixeira Gomes;José Manuel Martins Teixeira Gomes;28.08.1970;Portugal
458533;/coach/458533/arne-sandsto/;A. Sandst?;Arne Sandst?;21.10.1966;Norway
458536;/coach/458536/lars-arne-nilsen/;L. Nilsen;Lars Arne Nilsen;06.04.1964;Norway
458537;/coach/458537/dick-lukkien/;D. Lukkien;Dick Lukkien;28.03.1972;Netherlands
458543;/coach/458543/miroslav-koubek/;M. Koubek;Miroslav Koubek;01.09.1951;Czech Republic
458545;/coach/458545/razvan-lucescu/;R. Lucescu;Rãzvan Lucescu;17.02.1969;Romania
458558;/coach/458558/patrice-carteron/;P. Carteron;Patrice Carteron;30.07.1970;France
458563;/coach/458563/czeslaw-michniewicz/;C. Michniewicz;Czes³aw Michniewicz;12.02.1970;Poland
458577;/coach/458577/juan-jose-ribera/;J. Ribera;Juan José Ribera;11.10.1980;Chile
458610;/coach/458610/sandro-schwarz/;S. Schwarz;Sandro Schwarz;17.10.1978;Germany
458614;/coach/458614/andre-breitenreiter/;A. Breitenreiter;André Breitenreiter;02.10.1973;Germany
458625;/coach/458625/steve-komphela/;S. Komphela;Steve Komphela;24.03.1967;South Africa
458681;/coach/458681/geir-bakke/;G. Bakke;Geir Bakke;23.10.1969;Norway
458688;/coach/458688/ian-burchnall/;I. Burchnall;Ian Burchnall;11.02.1983;England
458689;/coach/458689/marco-schallibaum/;M. Schallibaum;Marco Schallibaum;04.06.1962;Switzerland
458706;/coach/458706/maurizio-jacobacci/;M. Jacobacci;Maurizio Jacobacci;11.01.1963;Italy
458730;/coach/458730/kim-bergstrand/;K. Bergstrand;Kim Bergstrand;18.04.1968;Sweden
458740;/coach/458740/shuhei-yomoda/;S. Yomoda;Shuhei Yomoda;;Japan
458754;/coach/458754/antonio-carlos-zago/;A. Zago;Antônio Carlos Zago;18.05.1969;Brazil
458783;/coach/458783/eusebio-di-francesco/;E. Di Francesco;Eusebio Di Francesco;08.09.1969;Italy
458791;/coach/458791/mario-alfredo-salas-saieg/;M. Salas Saieg;Mario Alfredo Salas Saieg;11.10.1967;Chile
458813;/coach/458813/julian-nagelsmann/;J. Nagelsmann;Julian Nagelsmann;23.07.1987;Germany
458889;/coach/458889/jerzy-brzeczek/;J. Brzêczek;Jerzy Brzêczek;18.03.1971;Poland
458915;/coach/458915/marcin-kaczmarek/;M. Kaczmarek;Marcin Kaczmarek;02.01.1974;Poland
458978;/coach/458978/frank-schmidt/;F. Schmidt;Frank Schmidt;03.01.1974;Germany
458991;/coach/458991/jair-zaksauskas-ribeiro-ventura/;J. Ribeiro Ventura;Jair Zaksauskas Ribeiro Ventura;19.03.1979;Brazil
459010;/coach/459010/joe-enochs/;J. Enochs;Joe Enochs;01.09.1971;United States
459045;/coach/459045/glen-riddersholm/;G. Riddersholm;Glen Riddersholm;26.04.1972;Denmark
459054;/coach/459054/antoine-kombouare/;A. Kombouare;Antoine Kombouare;16.11.1963;France
459064;/coach/459064/renato-portaluppi/;R. Portaluppi;Renato Portaluppi;09.09.1962;Brazil
459075;/coach/459075/jeff-saibene/;J. Saibene;Jeff Saibene;13.09.1968;Luxembourg
459100;/coach/459100/stefano-pioli/;S. Pioli;Stefano Pioli;20.10.1965;Italy
459118;/coach/459118/jesper-sorensen/;J. S?rensen;Jesper S?rensen;10.06.1973;Denmark
459133;/coach/459133/fernando-diniz-silva/;F. Diniz Silva;Fernando Diniz Silva;27.03.1974;Brazil
459149;/coach/459149/mircea-lucescu/;M. Lucescu;Mircea Lucescu;29.07.1945;Romania
459182;/coach/459182/pascal-jansen/;P. Jansen;Pascal Jansen;27.01.1973;Netherlands
459237;/coach/459237/vladan-milojevic/;V. Milojeviæ;Vladan Milojeviæ;09.03.1970;Serbia
459363;/coach/459363/leontin-florian-grozavu/;L. Grozavu;Leontin Florian Grozavu;16.08.1967;Romania
459371;/coach/459371/stefan-kramer/;S. Krämer;Stefan Krämer;23.03.1967;Germany
459399;/coach/459399/wilmar-valencia-pacheco/;W. Valencia Pacheco;Wilmar Valencia Pacheco;27.10.1961;Peru
459553;/coach/459553/flavius-vladimir-stoican/;F. Stoican;Flavius Vladimir Stoican;24.11.1976;Romania
459596;/coach/459596/claus-dieter-wollitz/;C. Wollitz;Claus-Dieter Wollitz;19.07.1965;Germany
459598;/coach/459598/tobias-cramer/;T. Cramer;Tobias Cramer;10.09.1974;Germany
459614;/coach/459614/leonardo-alfredo-ramos-giro/;L. Ramos Giró;Leonardo Alfredo Ramos Giró;11.09.1969;Uruguay
459651;/coach/459651/matjaz-kek/;M. Kek;Matjaž Kek;09.09.1961;Slovenia
459701;/coach/459701/luiz-antonio-venker-de-menezes/;L. Venker de Menezes;Luiz Antônio Venker de Menezes;11.06.1962;Brazil
459717;/coach/459717/bernd-hollerbach/;B. Hollerbach;Bernd Hollerbach;08.12.1969;Germany
459829;/coach/459829/toni-korkeakunnas/;T. Korkeakunnas;Toni Korkeakunnas;15.05.1968;Finland
459961;/coach/459961/jaime-garcia/;J. García;Jaime García;;Chile
460024;/coach/460024/laurentiu-aurelian-reghecampf/;L. Reghecampf;Lauren?iu Aurelian Reghecampf;19.09.1975;Romania
460096;/coach/460096/francisco-escriba-segura/;F. Escriba Segura;Francisco Escriba Segura;03.05.1965;Spain
460151;/coach/460151/philippe-hinschberger/;P. Hinschberger;Philippe Hinschberger;19.11.1959;France
460152;/coach/460152/pedro-miguel-marques-da-costa-filipe/;P. Marques da Costa Filipe;Pedro Miguel Marques da Costa Filipe;14.12.1980;Portugal
460156;/coach/460156/rudiger-rehm/;R. Rehm;Rüdiger Rehm;22.11.1978;Germany
460164;/coach/460164/bruno-akrapovic/;B. Akrapoviæ;Bruno Akrapoviæ;26.09.1967;Bosnia and Herzegovina
460197;/coach/460197/christian-streich/;C. Streich;Christian Streich;11.06.1965;Germany
460205;/coach/460205/jens-hartel/;J. Härtel;Jens Härtel;07.06.1969;Germany
460239;/coach/460239/daniel-alejandro-farias-acosta/;D. Farías Acosta;Daniel Alejandro Farías Acosta;28.09.1981;Venezuela
460255;/coach/460255/torsten-lieberknecht/;T. Lieberknecht;Torsten Lieberknecht;01.08.1973;Germany
460266;/coach/460266/florian-kohfeldt/;F. Kohfeldt;Florian Kohfeldt;05.10.1982;Germany
460370;/coach/460370/diego-martin-cocca-pera/;D. Cocca Pera;Diego Martín Cocca Pera;11.02.1972;Argentina
460391;/coach/460391/jens-gustafsson/;J. Gustafsson;Jens Gustafsson;15.10.1978;Sweden
460450;/coach/460450/taskin-aksoy/;T. Aksoy;Taºk?n Aksoy;13.06.1967;Turkey
460451;/coach/460451/patrick-vieira/;P. Vieira;Patrick Vieira;23.06.1976;France
460467;/coach/460467/thorsten-fink/;T. Fink;Thorsten Fink;29.10.1967;Germany
460535;/coach/460535/daniel-farke/;D. Farke;Daniel Farke;30.10.1976;Germany
460565;/coach/460565/dorival-silvestre-junior/;D. Silvestre Júnior;Dorival Silvestre Júnior;25.04.1962;Brazil
460566;/coach/460566/zoran-barisic/;Z. Barišiæ;Zoran Barišiæ;22.05.1970;Austria
460597;/coach/460597/abdullah-mucip-avci/;A. Avc?;Abdullah Mucip Avc?;31.07.1963;Turkey
460646;/coach/460646/torsten-ziegner/;T. Ziegner;Torsten Ziegner;09.11.1977;Germany
460940;/coach/460940/eugen-neagoe/;E. Neagoe;Eugen Neagoe;22.08.1967;Romania
460941;/coach/460941/nelson-baptista-junior/;N. Baptista Júnior;Nélson Baptista Júnior;22.07.1950;Brazil
460980;/coach/460980/huseyin-eroglu/;H. Ero?lu;Hüseyin Ero?lu;02.11.1972;Turkey
461025;/coach/461025/toru-oniki/;T. Oniki;Toru Oniki;20.04.1974;Japan
461203;/coach/461203/murat-yakin/;M. Yakin;Murat Yakin;15.09.1974;Switzerland
462085;/coach/462085/julio-marcelo-fleitas-silveira/;J. Fleitas Silveira;Julio Marcelo Fleitas Silveira;01.09.1973;Ecuador
462184;/coach/462184/alen-horvat/;A. Horvat;Alen Horvat;13.09.1973;Croatia
462195;/coach/462195/moreno-longo/;M. Longo;Moreno Longo;14.02.1976;Italy
462411;/coach/462411/ricardo-rodriguez-suarez/;R. Rodríguez Suárez;Ricardo Rodríguez Suárez;03.04.1974;Spain
463146;/coach/463146/daniel-antonio-lopes-ramos/;D. Lopes Ramos;Daniel António Lopes Ramos;25.12.1970;Portugal
463191;/coach/463191/nenad-bjelica/;N. Bjelica;Nenad Bjelica;20.08.1971;Croatia
463195;/coach/463195/peter-pacult/;P. Pacult;Peter Pacult;28.10.1959;Austria
463840;/coach/463840/sergio-agostinho-de-oliveira-vieira/;S. de Oliveira Vieira;Sergio Agostinho de Oliveira Vieira;;Portugal
463883;/coach/463883/oleg-vasilenko/;O. Vasilenko;Oleg Vasilenko;06.10.1973;Russia
463903;/coach/463903/emiliano-astorga/;E. Astorga;Emiliano Astorga;21.09.1960;Chile
464141;/coach/464141/luis-manuel-ribeiro-de-castro/;L. Ribeiro de Castro;Luís Manuel Ribeiro de Castro;03.09.1961;Portugal
464277;/coach/464277/claudinei-dos-santos-oliveira/;C. dos Santos Oliveira;Claudinei dos Santos Oliveira;29.09.1969;Brazil
464744;/coach/464744/olivier-dalloglio/;O. Dall’Oglio;Olivier Dall’Oglio;16.05.1964;France
464864;/coach/464864/nicolas-usai/;N. Usa?;Nicolas Usa?;01.05.1974;France
464975;/coach/464975/francisco-javier-rodriguez-vilchez/;F. Rodríguez Vílchez;Francisco Javier Rodríguez Vílchez;17.06.1978;Spain
465026;/coach/465026/norredine-el-ouardini/;N. El Ouardini;Norredine El Ouardini;04.01.1978;France
465167;/coach/465167/sabri-lamouchi/;S. Lamouchi;Sabri Lamouchi;09.11.1971;France
465296;/coach/465296/andreas-alm/;A. Alm;Andreas Alm;19.06.1973;Sweden
465533;/coach/465533/fernando-ortiz/;F. Ortiz;Fernando Ortiz;25.12.1977;Argentina
465574;/coach/465574/hiroshi-nanami/;H. Nanami;Hiroshi Nanami;28.11.1972;Japan
465612;/coach/465612/miguel-angel-russo/;M. Russo;Miguel Ángel Russo;09.04.1956;Argentina
465797;/coach/465797/pablo-adrian-guede-barriero/;P. Guede Barriero;Pablo Adrián Guede Barriero;11.11.1974;Argentina
465881;/coach/465881/woe-ryong-chang/;W. Chang;Woe-Ryong Chang;05.04.1959;Korea Republic
465900;/coach/465900/vincenzo-vivarini/;V. Vivarini;Vincenzo Vivarini;05.03.1966;Italy
465969;/coach/465969/sung-hwan-cho/;S. Cho;Sung-Hwan Cho;16.10.1970;Korea Republic
466097;/coach/466097/mohammed-al-ayari/;M. Al-Ayari;Mohammed Al-Ayari;;Tunisia
466317;/coach/466317/jose-flavio-torres-diaz/;J. Torres Díaz;José Flavio Torres Díaz;05.02.1964;Colombia
466541;/coach/466541/diego-martinez-penas/;D. Martínez Penas;Diego Martínez Penas;16.12.1980;Spain
466572;/coach/466572/santiago-escobar-saldarriaga/;S. Escobar Saldarriaga;Santiago Escobar Saldarriaga;13.01.1964;Colombia
466678;/coach/466678/roberto-venturato/;R. Venturato;Roberto Venturato;14.04.1963;Australia
466902;/coach/466902/dilceu-junior-rocha/;D. Rocha;Dilceu Junior Rocha;21.04.1981;Brazil
467344;/coach/467344/claudio-tencati/;C. Tencati;Cláudio Tencati;09.12.1973;Brazil
467354;/coach/467354/naoki-soma/;N. Soma;Naoki Soma;19.07.1971;Japan
467441;/coach/467441/hernan-torres-oliveros/;H. Torres Oliveros;Hernán Torres Oliveros;18.02.1961;Colombia
467464;/coach/467464/gustavo-augusto-poyet-dominguez/;G. Poyet Domínguez;Gustavo Augusto Poyet Domínguez;15.11.1967;Uruguay
467517;/coach/467517/igor-stimac/;I. Štimac;Igor Štimac;06.09.1967;Croatia
467533;/coach/467533/leonardo-gonzalez/;L. González;Leonardo González;;Venezuela
467859;/coach/467859/jorge-francisco-almiron-quintana/;J. Almirón Quintana;Jorge Francisco Almirón Quintana;19.06.1971;Argentina
467951;/coach/467951/omar-de-felippe/;O. De Felippe;Omar De Felippe;03.04.1962;Argentina
468056;/coach/468056/juan-domingo-tolisano/;J. Tolisano;Juan Domingo Tolisano;;Venezuela
468196;/coach/468196/frank-dario-kudelka/;F. Kudelka;Frank Darío Kudelka;12.05.1961;Argentina
468200;/coach/468200/marcelo-daniel-gallardo/;M. Gallardo;Marcelo Daniel Gallardo;18.01.1976;Argentina
468222;/coach/468222/gustavo-alvarez/;G. Álvarez;Gustavo Álvarez;;Argentina
468236;/coach/468236/nestor-raul-gorosito/;N. Gorosito;Néstor Raúl Gorosito;14.05.1964;Argentina
468239;/coach/468239/jhonny-ferreira/;J. Ferreira;Jhonny Ferreira;;Venezuela
468348;/coach/468348/martin-palermo/;M. Palermo;Martín Palermo;07.11.1973;Argentina
468375;/coach/468375/cesar-eduardo-vigevani/;C. Vigevani;César Eduardo Vigevani;30.08.1974;Argentina
468615;/coach/468615/mauro-lustrinelli/;M. Lustrinelli;Mauro Lustrinelli;26.02.1976;Switzerland
468645;/coach/468645/pablo-hernan-lavallen/;P. Lavallén;Pablo Hernán Lavallén;07.09.1972;Argentina
468683;/coach/468683/alfredo-carlos-arias-sanchez/;A. Arias Sánchez;Alfredo Carlos Arias Sánchez;28.11.1958;Uruguay
468798;/coach/468798/fabrizio-castori/;F. Castori;Fabrizio Castori;11.07.1954;Italy
468897;/coach/468897/fernando-jubero-carmona/;F. Jubero Carmona;Fernando Jubero Carmona;27.02.1974;Spain
469995;/coach/469995/gaute-ugelstad-helstrup/;G. Helstrup;Gaute Ugelstad Helstrup;15.05.1976;Norway
470310;/coach/470310/noel-sanvicente-bethelmy/;N. Sanvicente Bethelmy;Noel Sanvicente Bethelmy;21.12.1964;Venezuela
470363;/coach/470363/nicolas-ricardo-larcamon/;N. Larcamón;Nicolás Ricardo Larcamón;11.08.1984;Argentina
470494;/coach/470494/hubert-antonio-bodhert-barrios/;H. Bodhert Barrios;Hubert Antonio Bodhert Barrios;17.01.1972;Colombia
470514;/coach/470514/gustavo-adolfo-costas-makeira/;G. Costas Makeira;Gustavo Adolfo Costas Makeira;28.02.1963;Argentina
470515;/coach/470515/francisco-andres-bozan-santibanez/;F. Bozán Santibá?ez;Francisco Andrés Bozán Santibá?ez;21.10.1986;Chile
470838;/coach/470838/helio-cesar-pinto-dos-anjos/;H. Pinto dos Anjos;Hélio César Pinto dos Anjos;07.03.1958;Brazil
470859;/coach/470859/sergio-gabriel-rondina/;S. Rondina;Sergio Gabriel Rondina;03.11.1971;Argentina
470935;/coach/470935/marcelo-fabian-grioni/;M. Grioni;Marcelo Fabián Grioni;27.07.1966;Argentina
470943;/coach/470943/ernesto-valverde-tejedor/;E. Valverde;Ernesto Valverde Tejedor;09.02.1964;Spain
471281;/coach/471281/carlos-mayor/;C. Mayor;Carlos Mayor;05.10.1965;Argentina
471322;/coach/471322/geovanny-patricio-cumbicus-castillo/;G. Cumbicus Castillo;Geovanny Patricio Cumbicus Castillo;25.01.1980;Ecuador
471459;/coach/471459/ismael-rescalvo-sanchez/;I. Rescalvo Sánchez;Ismael Rescalvo Sánchez;02.03.1982;Spain
471542;/coach/471542/kenta-hasegawa/;K. Hasegawa;Kenta Hasegawa;25.09.1965;Japan
471757;/coach/471757/miguel-andres-ponce-torres/;M. Ponce Torres;Miguel Andrés Ponce Torres;19.08.1971;Chile
471810;/coach/471810/pablo-andres-sanchez/;P. Sánchez;Pablo Andrés Sánchez;03.01.1973;Argentina
471824;/coach/471824/diego-andres-corredor-hurtado/;D. Corredor Hurtado;Diego Andrés Corredor Hurtado;30.06.1981;Colombia
471878;/coach/471878/miguel-mauricio-ramirez-perez/;M. Ramírez Pérez;Miguel Mauricio Ramírez Pérez;11.06.1970;Chile
472575;/coach/472575/daniel-oscar-garnero/;D. Garnero;Daniel Oscar Garnero;01.04.1969;Argentina
474327;/coach/474327/jorge-daniel-fossati-lurachi/;J. Fossati Lurachi;Jorge Daniel Fossati Lurachi;22.11.1952;Uruguay
474402;/coach/474402/herve-renard/;H. Renard;Hervé Renard;30.09.1968;France
474417;/coach/474417/markku-kanerva/;M. Kanerva;Markku Kanerva;24.05.1964;Finland
474427;/coach/474427/jan-olof-andersson/;J. Andersson;Jan Olof Andersson;29.09.1962;Sweden
474428;/coach/474428/bruce-arena/;B. Arena;Bruce Arena;21.09.1951;United States
474441;/coach/474441/gustavo-enrique-domingo-quinteros-desabato/;G. Quinteros Desábato;Gustavo Enrique Domingo Quinteros Desábato;15.02.1965;Bolivia
474444;/coach/474444/age-fridtjof-hareide/;?. Fridtjof Hareide;?ge Fridtjof Hareide;23.09.1953;Norway
474483;/coach/474483/ante-cacic/;A. Èaèiæ;Ante Èaèiæ;29.09.1953;Croatia
474498;/coach/474498/stephen-constantine/;S. Constantine;Stephen Constantine;16.10.1962;England
474589;/coach/474589/gareth-southgate/;G. Southgate;Gareth Southgate;03.09.1970;England
474615;/coach/474615/carlos-manuel-brito-leal-queiroz/;C. Brito Leal Queiróz;Carlos Manuel Brito Leal Queiróz;01.03.1953;Portugal
474616;/coach/474616/didier-deschamps/;D. Deschamps;Didier Deschamps;15.10.1968;France
474652;/coach/474652/michael-oneill/;M. O'Neill;Michael O'Neill;05.07.1969;Northern Ireland
474720;/coach/474720/adenor-leonardo-bacchi/;A. Bacchi;Adenor Leonardo Bacchi;25.05.1961;Brazil
474728;/coach/474728/julen-lopetegui-argote/;J. Lopetegui Argote;Julen Lopetegui Argote;28.08.1966;Spain
474731;/coach/474731/jose-nestor-pekerman/;J. Pekerman;José Néstor Pekerman;03.09.1949;Argentina
474734;/coach/474734/rafael-edgar-dudamel-ochoa/;R. Dudamel Ochoa;Rafael Edgar Dudamel Ochoa;07.01.1973;Venezuela
474745;/coach/474745/francisco-javier-arce-rolon/;F. Arce Rolón;Francisco Javier Arce Rolón;02.04.1971;Paraguay
474761;/coach/474761/bernd-storck/;B. Storck;Bernd Storck;25.01.1963;Germany
474796;/coach/474796/roberto-martinez-montoliu/;R. Martínez Montoliú;Roberto Martínez Montoliú;13.07.1973;Spain
507784;/coach/507784/luis-miguel-floro-valenca/;L. Floro Valença;Luís Miguel Floro Valença;15.12.1989;Portugal
513778;/coach/513778/francesco-baldini/;F. Baldini;Francesco Baldini;14.03.1974;Italy
516577;/coach/516577/greg-vanney/;G. Vanney;Greg Vanney;11.06.1974;United States
516707;/coach/516707/jose-rafael-garcia-torres/;J. García Torres;José Rafael García Torres;14.08.1974;Mexico
518875;/coach/518875/bo-henriksen/;B. Henriksen;Bo Henriksen;07.02.1975;Denmark
523896;/coach/523896/manuel-eduardo-berizzo/;M. Berizzo;Manuel Eduardo Berizzo;13.11.1969;Argentina
523897;/coach/523897/luciano-spalletti/;L. Spalletti;Luciano Spalletti;07.03.1959;Italy
523898;/coach/523898/manuel-luis-pellegrini-ripamonti/;M. Pellegrini;Manuel Luis Pellegrini Ripamonti;16.09.1953;Chile
523905;/coach/523905/rudi-garcia/;R. Garcia;Rudi Garcia;20.02.1964;France
523906;/coach/523906/gilmar-dal-pozzo/;G. Dal Pozzo;Gilmar Dal Pozzo;01.09.1969;Brazil
523909;/coach/523909/oscar-garcia-junyent/;Ó. García Junyent;Óscar García Junyent;26.04.1973;Spain
523911;/coach/523911/eddie-howe/;E. Howe;Eddie Howe;29.11.1977;England
523923;/coach/523923/jorge-fernando-pinheiro-de-jesus/;J. Pinheiro de Jesus;Jorge Fernando Pinheiro de Jesus;24.07.1954;Portugal
523928;/coach/523928/sergio-paulo-marceneiro-conceicao/;S. Marceneiro Conceiç?o;Sérgio Paulo Marceneiro Conceiç?o;15.11.1974;Portugal
523929;/coach/523929/john-van-den-brom/;J. van den Brom;John van den Brom;04.10.1966;Netherlands
523931;/coach/523931/jose-luis-mendilibar-etxebarria/;J. Mendilibar Etxebarria;José Luis Mendilibar Etxebarria;14.03.1961;Spain
523936;/coach/523936/markus-weinzierl/;M. Weinzierl;Markus Weinzierl;28.12.1974;Germany
523937;/coach/523937/thomas-tuchel/;T. Tuchel;Thomas Tuchel;29.08.1973;Germany
523946;/coach/523946/chris-hughton/;C. Hughton;Chris Hughton;11.12.1958;Republic of Ireland
523953;/coach/523953/bruno-genesio/;B. Génésio;Bruno Génésio;01.09.1966;France
523954;/coach/523954/riza-calimbay/;R. Çal?mbay;R?za Çal?mbay;02.02.1963;Turkey
523959;/coach/523959/luis-enrique-martinez-garcia/;L. Martínez García;Luis Enrique Martínez García;08.05.1970;Spain
523962;/coach/523962/stale-solbakken/;S. Solbakken;St?le Solbakken;27.02.1968;Norway
523972;/coach/523972/henk-fraser/;H. Fraser;Henk Fraser;07.07.1966;Netherlands
523983;/coach/523983/graham-alexander/;G. Alexander;Graham Alexander;10.10.1971;Scotland
523984;/coach/523984/simon-grayson/;S. Grayson;Simon Grayson;16.12.1969;England
524009;/coach/524009/jose-bordalas-jimenez/;J. Bordalás Jiménez;José Bordalás Jiménez;05.03.1964;Spain
524011;/coach/524011/christophe-galtier/;C. Galtier;Christophe Galtier;28.08.1966;France
524018;/coach/524018/paulo-manuel-carvalho-de-sousa/;P. Carvalho de Sousa;Paulo Manuel Carvalho de Sousa;30.08.1970;Portugal
524027;/coach/524027/derek-adams/;D. Adams;Derek Adams;25.06.1975;Scotland
524030;/coach/524030/vincenzo-montella/;V. Montella;Vincenzo Montella;18.06.1974;Italy
524071;/coach/524071/pablo-andres-mastroeni/;P. Mastroeni;Pablo Andrés Mastroeni;29.08.1976;United States
524083;/coach/524083/ben-olsen/;B. Olsen;Ben Olsen;03.05.1977;United States
524143;/coach/524143/juan-maximo-reynoso-guzman/;J. Reynoso Guzmán;Juan Máximo Reynoso Guzmán;28.12.1969;Peru
524176;/coach/524176/jaroslav-silhavy/;J. Šilhavý;Jaroslav Šilhavý;03.11.1961;Czech Republic
524208;/coach/524208/steve-evans/;S. Evans;Steve Evans;30.10.1962;Scotland
524215;/coach/524215/stephen-robinson/;S. Robinson;Stephen Robinson;10.12.1974;Northern Ireland
524223;/coach/524223/ian-dawes/;I. Dawes;Ian Dawes;;England
524236;/coach/524236/darrell-clarke/;D. Clarke;Darrell Clarke;16.12.1977;England
524237;/coach/524237/dean-smith/;D. Smith;Dean Smith;19.03.1971;England
524249;/coach/524249/keith-hill/;K. Hill;Keith Hill;17.05.1969;England
524250;/coach/524250/ryszard-tarasiewicz/;R. Tarasiewicz;Ryszard Tarasiewicz;27.04.1962;Poland
524257;/coach/524257/david-wagner/;D. Wagner;David Wagner;19.10.1971;United States
524286;/coach/524286/jean-marc-furlan/;J. Furlan;Jean-Marc Furlan;20.11.1957;France
524291;/coach/524291/jim-curtin/;J. Curtin;Jim Curtin;23.06.1979;United States
524297;/coach/524297/ralph-hasenhuttl/;R. Hasenhüttl;Ralph Hasenhüttl;09.08.1967;Austria
524299;/coach/524299/luke-williams/;L. Williams;Luke Williams;;England
524305;/coach/524305/mihailo-petrovic/;M. Petroviæ;Mihailo Petroviæ;18.10.1957;Austria
524310;/coach/524310/michael-appleton/;M. Appleton;Michael Appleton;04.12.1975;England
524311;/coach/524311/alexander-zorniger/;A. Zorniger;Alexander Zorniger;08.10.1967;Germany
524320;/coach/524320/takahiro-shimotaira/;T. Shimotaira;Takahiro Shimotaira;18.12.1971;Japan
524328;/coach/524328/fabio-carille/;F. Carille;Fábio Carille;26.09.1973;Brazil
524374;/coach/524374/uwe-rosler/;U. Rösler;Uwe Rösler;15.11.1968;Germany
524398;/coach/524398/peter-vermes/;P. Vermes;Peter Vermes;21.11.1966;United States
524400;/coach/524400/hiroki-shibuya/;H. Shibuya;Hiroki Shibuya;30.11.1966;Japan
524428;/coach/524428/keith-curle/;K. Curle;Keith Curle;14.11.1963;England
524431;/coach/524431/luis-francisco-zubeldia/;L. Zubeldía;Luis Francisco Zubeldía;13.01.1981;Argentina
524461;/coach/524461/joan-francesc-ferrer-sicilia/;J. Ferrer Sicilia;Joan Francesc Ferrer Sicilia;05.02.1970;Spain
524476;/coach/524476/domenico-di-carlo/;D. Di Carlo;Domenico Di Carlo;23.03.1964;Italy
524496;/coach/524496/jacek-magiera/;J. Magiera;Jacek Magiera;01.01.1977;Poland
524523;/coach/524523/gheorghe-hagi/;G. Hagi;Gheorghe Hagi;05.02.1965;Romania
524533;/coach/524533/joe-zinnbauer/;J. Zinnbauer;Joe Zinnbauer;01.05.1970;Germany
524537;/coach/524537/niko-kovac/;N. Kovaè;Niko Kovaè;15.10.1971;Croatia
524552;/coach/524552/jesse-marsch/;J. Marsch;Jesse Marsch;08.11.1973;United States
524572;/coach/524572/john-coleman/;J. Coleman;John Coleman;12.10.1962;England
524660;/coach/524660/guillermo-fernandez-romo/;G. Fernández Romo;Guillermo Fernández Romo;;Spain
524771;/coach/524771/vincent-bordot/;V. Bordot;Vincent Bordot;09.04.1975;France
524834;/coach/524834/jon-andoni-perez-alonso/;J. Pérez Alonso;Jon Andoni Pérez Alonso;05.03.1974;Spain
524989;/coach/524989/sebastien-dubroca/;S. Dubroca;Sébastien Dubroca;21.04.1980;France
525679;/coach/525679/josep-oriol-alsina-garcia/;J. Alsina García;Josep Oriol Alsina García;21.08.1968;Spain
526036;/coach/526036/marek-papszun/;M. Papszun;Marek Papszun;08.08.1974;Poland
526182;/coach/526182/tiago-retzalff-nunes/;T. Retzalff Nunes;Tiago Retzalff Nunes;15.02.1980;Brazil
526194;/coach/526194/alexi-stival/;A. Stival;Alexi Stival;07.06.1963;Brazil
526223;/coach/526223/wesley-carvalho/;W. Carvalho;Wesley Carvalho;;Brazil
526236;/coach/526236/thomas-letsch/;T. Letsch;Thomas Letsch;26.08.1968;Germany
526240;/coach/526240/roberto-orlando-mosquera-vera/;R. Mosquera Vera;Roberto Orlando Mosquera Vera;21.06.1956;Peru
526440;/coach/526440/borja-jimenez-saez/;B. Jiménez Sáez;Borja Jiménez Sáez;21.01.1985;Spain
526987;/coach/526987/pablo-peirano-pardeiro/;P. Peirano Pardeiro;Pablo Peirano Pardeiro;21.05.1975;Uruguay
527267;/coach/527267/benat-san-jose-gil/;B. San José Gil;Be?at San José Gil;24.09.1979;Spain
527346;/coach/527346/julien-stephan/;J. Stéphan;Julien Stéphan;18.09.1980;France
528418;/coach/528418/juan-ferrando-fenol/;J. Ferrando Fenol;Juan Ferrando Fenol;02.01.1981;Spain
529460;/coach/529460/laurent-peyrelade/;L. Peyrelade;Laurent Peyrelade;07.07.1970;France
529482;/coach/529482/regis-le-bris/;R. Le Bris;Régis Le Bris;06.12.1975;France
529595;/coach/529595/romain-revelli/;R. Revelli;Romain Revelli;22.08.1977;France
529830;/coach/529830/david-guion/;D. Guion;David Guion;30.09.1967;France
530329;/coach/530329/pascal-gastien/;P. Gastien;Pascal Gastien;02.12.1963;France
530755;/coach/530755/imanol-alguacil-barrenetxea/;I. Alguacil Barrenetxea;Imanol Alguacil Barrenetxea;04.07.1971;Spain
531488;/coach/531488/cesar-alejandro-farias-acosta/;C. Farías Acosta;César Alejandro Farías Acosta;07.03.1973;Venezuela
531536;/coach/531536/guillermo-duro/;G. Duró;Guillermo Duró;14.03.1969;Argentina
532733;/coach/532733/emerson-rodrigues-de-avila/;E. Rodrigues de Ávila;Emerson Rodrigues de Ávila;16.07.1967;Brazil
532808;/coach/532808/victor-hugo-antelo/;V. Antelo;Victor Hugo Antelo;02.11.1964;Bolivia
532846;/coach/532846/tomasz-tulacz/;T. Tu³acz;Tomasz Tu³acz;20.12.1969;Poland
533275;/coach/533275/adriano-rodrigues-da-silva/;A. Rodrigues da Silva;Adriano Rodrigues da Silva;;Brazil
533737;/coach/533737/alfredo-santaelena-aguado/;A. Santaelena Aguado;Alfredo Santaelena Aguado;13.10.1967;Spain
533871;/coach/533871/ruben-albes-yanez/;R. Albés Yá?ez;Rubén Albés Yá?ez;24.02.1985;Spain
533879;/coach/533879/jose-angel-ziganda-lacunza/;J. Ziganda Lacunza;José Ángel Ziganda Lacunza;01.10.1966;Spain
533904;/coach/533904/francisco-jose-lopez-fernandez/;F. López Fernández;Francisco José López Fernández;19.09.1967;Spain
535591;/coach/535591/michael-skibbe/;M. Skibbe;Michael Skibbe;04.08.1965;Germany
536978;/coach/536978/stephen-kenny/;S. Kenny;Stephen Kenny;30.10.1971;Republic of Ireland
586852;/coach/586852/jan-urban/;J. Urban;Jan Urban;14.05.1962;Poland
586853;/coach/586853/andreas-brannstrom/;A. Brännström;Andreas Brännström;;Sweden
608328;/coach/608328/stefano-vecchi/;S. Vecchi;Stefano Vecchi;20.07.1971;Italy
749101;/coach/749101/ante-milicic/;A. Milicic;Ante Milicic;04.04.1974;Australia
765710;/coach/765710/javier-sanguinetti/;J. Sanguinetti;Javier Sanguinetti;;Argentina
765787;/coach/765787/carlos-alberto-silva-socarras/;C. Silva Socarrás;Carlos Alberto Silva Socarrás;29.04.1973;Colombia
781677;/coach/781677/jorge-jose-de-amorim-campos/;J. de Amorim Campos;Jorge José de Amorim Campos;17.08.1964;Brazil
784331;/coach/784331/akira-ito/;A. Ito;Akira Ito;19.09.1972;Japan
784461;/coach/784461/vanderlei-luxemburgo-da-silva/;V. Luxemburgo da Silva;Vanderlei Luxemburgo da Silva;10.05.1952;Brazil
784486;/coach/784486/roberto-mancini/;R. Mancini;Roberto Mancini;27.11.1964;Italy
784547;/coach/784547/oleg-kononov/;O. Kononov;Oleg Kononov;23.03.1966;Belarus
785611;/coach/785611/mauricio-soria-portillo/;M. Soria Portillo;Mauricio Soria Portillo;01.06.1966;Bolivia
882970;/coach/882970/leonid-slutskiy/;L. Slutskiy;Leonid Slutskiy;04.05.1971;Russia
883002;/coach/883002/edward-iordanescu/;E. Iordãnescu;Edward Iordãnescu;16.06.1978;Romania
883017;/coach/883017/roger-schmidt/;R. Schmidt;Roger Schmidt;13.03.1967;Germany
883019;/coach/883019/dan-vasile-petrescu/;D. Petrescu;Dan Vasile Petrescu;22.12.1967;Romania
883029;/coach/883029/nestor-oscar-craviotto/;N. Craviotto;Néstor Oscar Craviotto;06.10.1963;Argentina
883095;/coach/883095/gaizka-garitano-aguirre/;G. Garitano Aguirre;Gaizka Garitano Aguirre;09.07.1975;Spain
893655;/coach/893655/domenico-tedesco/;D. Tedesco;Domenico Tedesco;12.09.1985;Germany
893657;/coach/893657/fabio-gallo/;F. Gallo;Fabio Gallo;11.09.1970;Italy
893669;/coach/893669/aleksandar-stanojevic/;A. Stanojeviæ;Aleksandar Stanojeviæ;28.10.1973;Serbia
893783;/coach/893783/fabian-daniel-bustos/;F. Bustos;Fabián Daniel Bustos;28.03.1969;Argentina
896106;/coach/896106/hugo-broos/;H. Broos;Hugo Broos;10.04.1952;Belgium
896131;/coach/896131/stefan-kuntz/;S. Kuntz;Stefan Kuntz;30.10.1962;Germany
896137;/coach/896137/niels-frederiksen/;N. Frederiksen;Niels Frederiksen;11.09.1968;Denmark
896261;/coach/896261/martin-skogman/;M. Skogman;Martin Skogman;;Sweden
896292;/coach/896292/juan-carlos-osorio-arbelaez/;J. Osorio Arbeláez;Juan Carlos Osorio Arbeláez;08.06.1961;Colombia
896300;/coach/896300/stanislav-cherchesov/;S. Cherchesov;Stanislav Cherchesov;02.09.1963;Russia
896314;/coach/896314/fernando-manuel-fernandes-da-costa-santos/;F. Fernandes da Costa Santos;Fernando Manuel Fernandes da Costa Santos;10.10.1954;Portugal
896460;/coach/896460/brendan-rodgers/;B. Rodgers;Brendan Rodgers;26.01.1973;Northern Ireland
896462;/coach/896462/derek-mcinnes/;D. McInnes;Derek McInnes;05.07.1971;Scotland
896473;/coach/896473/aitor-karanka-de-la-hoz/;A. Karanka de la Hoz;Aitor Karanka de la Hoz;18.09.1973;Spain
896475;/coach/896475/bob-bradley/;B. Bradley;Bob Bradley;03.03.1958;United States
896485;/coach/896485/dick-schreuder/;D. Schreuder;Dick Schreuder;12.08.1971;Netherlands
896498;/coach/896498/micky-mellon/;M. Mellon;Micky Mellon;18.03.1972;Scotland
896501;/coach/896501/robert-page/;R. Page;Robert Page;03.09.1974;Wales
896508;/coach/896508/markus-kauczinski/;M. Kauczinski;Markus Kauczinski;20.02.1970;Germany
896509;/coach/896509/dirk-schuster/;D. Schuster;Dirk Schuster;29.12.1967;Germany
896510;/coach/896510/paulo-jorge-gomes-bento/;P. Gomes Bento;Paulo Jorge Gomes Bento;20.06.1969;Portugal
896511;/coach/896511/rene-weiler/;R. Weiler;René Weiler;13.09.1973;Switzerland
896514;/coach/896514/michael-buskens/;M. Büskens;Michael Büskens;19.03.1968;Germany
896517;/coach/896517/aleksandar-jankovic/;A. Jankoviæ;Aleksandar Jankoviæ;06.05.1972;Serbia
896519;/coach/896519/hein-vanhaezebrouck/;H. Vanhaezebrouck;Hein Vanhaezebrouck;16.02.1964;Belgium
896531;/coach/896531/alois-schwartz/;A. Schwartz;Alois Schwartz;28.03.1967;Germany
896532;/coach/896532/olaf-janssen/;O. Janßen;Olaf Janßen;08.10.1966;Germany
896541;/coach/896541/danny-cowley/;D. Cowley;Danny Cowley;;England
896545;/coach/896545/john-askey/;J. Askey;John Askey;04.11.1964;England
896549;/coach/896549/kosta-runjaic/;K. Runjaic;Kosta Runjaic;04.06.1971;Germany
896550;/coach/896550/owen-coyle/;O. Coyle;Owen Coyle;14.07.1966;Republic of Ireland
896551;/coach/896551/philippe-montanier/;P. Montanier;Philippe Montanier;15.11.1964;France
896553;/coach/896553/nigel-pearson/;N. Pearson;Nigel Pearson;21.08.1963;England
896570;/coach/896570/valerien-ismael/;V. Ismaël;Valérien Ismaël;28.09.1975;France
896608;/coach/896608/franck-haise/;F. Haise;Franck Haise;15.04.1971;France
896619;/coach/896619/lukas-kwasniok/;L. Kwasniok;Lukas Kwasniok;12.06.1981;Germany
896621;/coach/896621/franco-lerda/;F. Lerda;Franco Lerda;19.08.1967;Italy
896625;/coach/896625/domenico-toscano/;D. Toscano;Domenico Toscano;;Italy
896634;/coach/896634/pierpaolo-bisoli/;P. Bisoli;Pierpaolo Bisoli;20.11.1966;Italy
896647;/coach/896647/andrea-mandorlini/;A. Mandorlini;Andrea Mandorlini;17.07.1960;Italy
896649;/coach/896649/abelardo-fernandez-antuna/;A. Fernández Antu?a;Abelardo Fernández Antu?a;19.04.1970;Spain
896655;/coach/896655/giorgio-contini/;G. Contini;Giorgio Contini;04.01.1974;Switzerland
896657;/coach/896657/raul-agne-montull/;R. Agné Montull;Raúl Agné Montull;24.05.1970;Spain
896662;/coach/896662/francisco-javier-fernandez-diaz/;F. Fernández Díaz;Francisco Javier Fernández Díaz;20.03.1980;Spain
896664;/coach/896664/ricardo-alberto-zielinski/;R. Zielinski;Ricardo Alberto Zielinski;14.10.1959;Argentina
896665;/coach/896665/leonardo-carol-madelon/;L. Madelón;Leonardo Carol Madelón;25.01.1963;Argentina
896740;/coach/896740/per-mathias-hogmo/;P. H?gmo;Per-Mathias H?gmo;01.12.1959;Norway
896756;/coach/896756/matias-jesus-almeyda/;M. Almeyda;Matías Jesús Almeyda;21.12.1973;Argentina
896757;/coach/896757/diego-martin-alonso-lopez/;D. Alonso López;Diego Martín Alonso López;16.04.1975;Uruguay
896759;/coach/896759/luis-alfonso-sosa-cisneros/;L. Sosa Cisneros;Luis Alfonso Sosa Cisneros;05.10.1967;Mexico
896760;/coach/896760/javier-luis-torrente/;J. Torrente;Javier Luis Torrente;08.06.1969;Argentina
896765;/coach/896765/miguel-ernesto-herrera-aguirre/;M. Herrera Aguirre;Miguel Ernesto Herrera Aguirre;18.03.1968;Mexico
896766;/coach/896766/ricardo-alfredo-valino/;R. Vali?o;Ricardo Alfredo Vali?o;02.01.1971;Argentina
896767;/coach/896767/victor-manuel-vucetich-rojas/;V. Vucetich Rojas;Víctor Manuel Vucetich Rojas;25.06.1955;Mexico
896771;/coach/896771/gerardo-daniel-martino/;G. Martino;Gerardo Daniel Martino;20.11.1962;Argentina
896782;/coach/896782/tony-popovic/;T. Popoviæ;Tony Popoviæ;04.07.1973;Australia
896783;/coach/896783/john-aloisi/;J. Aloisi;John Aloisi;05.02.1976;Australia
896785;/coach/896785/zlatko-dalic/;Z. Daliæ;Zlatko Daliæ;26.10.1966;Croatia
896791;/coach/896791/jung-won-seo/;J. Seo;Jung-Won Seo;17.12.1970;Korea Republic
896798;/coach/896798/javier-aguirre-onaindia/;J. Aguirre Onaindía;Javier Aguirre Onaindía;01.12.1958;Mexico
896803;/coach/896803/aurelian-cosmin-olaroiu/;A. Olãroiu;Aurelian Cosmin Olãroiu;10.06.1969;Romania
896805;/coach/896805/angelos-postecoglou/;A. Postecoglou;Angelos Postecoglou;27.07.1965;Australia
942497;/coach/942497/tae-wan-kim/;T. Kim;Tae-Wan Kim;01.06.1971;Korea Republic
942499;/coach/942499/ki-il-nam/;K. Nam;Ki-Il Nam;17.08.1974;Korea Republic
942515;/coach/942515/aidy-boothroyd/;A. Boothroyd;Aidy Boothroyd;08.02.1971;England
978850;/coach/978850/alan-reynolds/;A. Reynolds;Alan Reynolds;12.06.1974;Republic of Ireland
978851;/coach/978851/pat-devlin/;P. Devlin;Pat Devlin;;Republic of Ireland
1021664;/coach/1021664/jong-boo-kim/;J. Kim;Jong-Boo Kim;13.01.1965;Korea Republic
1021678;/coach/1021678/feng-xie/;F. Xie;Feng Xie;09.04.1966;China PR
1025473;/coach/1025473/giovanni-savarese/;G. Savarese;Giovanni Savarese;14.07.1971;Venezuela
1030184;/coach/1030184/felice-mazzu/;F. Mazz?;Felice Mazz?;12.03.1966;Belgium
1030203;/coach/1030203/yves-vanderhaeghe/;Y. Vanderhaeghe;Yves Vanderhaeghe;30.01.1970;Belgium
1030209;/coach/1030209/mircea-rednic/;M. Rednic;Mircea Rednic;09.04.1962;Romania
1030239;/coach/1030239/warren-moon/;W. Moon;Warren Moon;27.05.1982;England
1030277;/coach/1030277/arturo-ernesto-reyes-montero/;A. Reyes Montero;Arturo Ernesto Reyes Montero;08.04.1969;Colombia
1030279;/coach/1030279/jose-alberto-suarez-giraldo/;J. Suárez Giraldo;José Alberto Suárez Giraldo;;Colombia
1068539;/coach/1068539/scott-cooper/;S. Cooper;Scott Cooper;16.06.1970;England
1068543;/coach/1068543/juan-jose-rojo-martin/;J. Rojo Martín;Juan José Rojo Martín;23.03.1968;Spain
1068555;/coach/1068555/john-caulfield/;J. Caulfield;John Caulfield;11.10.1964;Republic of Ireland
1076939;/coach/1076939/felix-sanchez-bas/;F. Sanchez Bas;Felix Sanchez Bas;;Spain
1076985;/coach/1076985/flavio-horacio-robatto/;F. Robatto;Flavio Horacio Robatto;16.01.1974;Argentina
1182371;/coach/1182371/trevor-croly/;T. Croly;Trevor Croly;23.02.1974;Republic of Ireland
1452147;/coach/1452147/stuart-taylor/;S. Taylor;Stuart Taylor;26.11.1974;Scotland
1452201;/coach/1452201/dmytro-parfenov/;D. Parfenov;Dmytro Parfenov;11.09.1974;Ukraine
1452203;/coach/1452203/christian-ilzer/;C. Ilzer;Christian Ilzer;21.10.1977;Austria
1452340;/coach/1452340/josep-clotet-ruiz/;J. Clotet Ruiz;Josep Clotet Ruiz;27.04.1977;Spain
1452433;/coach/1452433/kang-hee-choi/;K. Choi;Kang-Hee Choi;12.04.1959;Korea Republic
1452584;/coach/1452584/jose-albano-ferreira-da-mota/;J. Ferreira da Mota;José Albano Ferreira da Mota;25.02.1964;Portugal
1452767;/coach/1452767/cesar-fernando-torres-ramirez/;C. Torres Ramírez;César Fernando Torres Ramírez;23.09.1976;Colombia
1452787;/coach/1452787/anders-torstensson/;A. Torstensson;Anders Torstensson;;Sweden
1452907;/coach/1452907/ian-baraclough/;I. Baraclough;Ian Baraclough;04.12.1970;England
1452924;/coach/1452924/jan-stahre/;J. Stahre;Jan Stahre;;Sweden
1453115;/coach/1453115/christer-mattiasson/;C. Mattiasson;Christer Mattiasson;;Sweden
1467959;/coach/1467959/dave-challinor/;D. Challinor;Dave Challinor;02.10.1975;England
1468170;/coach/1468170/jose-fernando-santa-robledo/;J. Santa Robledo;José Fernando Santa Robledo;12.09.1970;Colombia
1477253;/coach/1477253/leonel-de-jesus-alvarez-zuleta/;L. de Jesús Álvarez Zuleta;Leonel de Jesús Álvarez Zuleta;29.07.1965;Colombia
1477272;/coach/1477272/bruno-irles/;B. Irles;Bruno Irles;16.08.1975;France
1489365;/coach/1489365/derrick-pereira/;D. Pereira;Derrick Pereira;17.03.1962;India
1494028;/coach/1494028/pablo-eduardo-repetto-aquino/;P. Repetto Aquino;Pablo Eduardo Repetto Aquino;14.03.1974;Uruguay
1525420;/coach/1525420/graham-arnold/;G. Arnold;Graham Arnold;03.07.1963;Australia
1532970;/coach/1532970/ian-mccall/;I. McCall;Ian McCall;;Scotland
1533122;/coach/1533122/pedro-emanuel-dos-santos-martins-silva/;P. dos Santos Martins Silva;Pedro Emanuel dos Santos Martins Silva;11.02.1975;Portugal
1533127;/coach/1533127/marc-brys/;M. Brys;Marc Brys;10.05.1962;Belgium
1533141;/coach/1533141/andrey-talalaev/;A. Talalaev;Andrey Talalaev;05.10.1972;Russia
1533144;/coach/1533144/paulo-lourenco-martins-alves/;P. Martins Alves;Paulo Lourenço Martins Alves;10.12.1969;Portugal
1547985;/coach/1547985/markus-mader/;M. Mader;Markus Mader;19.05.1968;Austria
1548455;/coach/1548455/horst-steffen/;H. Steffen;Horst Steffen;03.03.1969;Germany
1548557;/coach/1548557/alexandre-pallares/;A. Pallarés;Alexandré Pallarés;12.12.1979;Spain
1552127;/coach/1552127/filipe-goncalo-pinto-martins/;F. Pinto Martins;Filipe Gonçalo Pinto Martins;29.05.1978;Portugal
1552186;/coach/1552186/simon-weaver/;S. Weaver;Simon Weaver;20.12.1977;England
1552200;/coach/1552200/dean-brennan/;D. Brennan;Dean Brennan;17.06.1980;Republic of Ireland
1552207;/coach/1552207/mariano-soso/;M. Soso;Mariano Soso;30.04.1981;Argentina
1552268;/coach/1552268/arthur-thomas-papastamatis/;A. Papastamatis;Arthur Thomas Papastamatis;03.03.1969;Australia
1552328;/coach/1552328/darren-shaun-bazeley/;D. Bazeley;Darren Shaun Bazeley;05.10.1972;England
1552334;/coach/1552334/laurent-guyot/;L. Guyot;Laurent Guyot;17.12.1969;France
1552387;/coach/1552387/jeroen-rijsdijk/;J. Rijsdijk;Jeroen Rijsdijk;24.05.1977;Netherlands
1552400;/coach/1552400/konrad-funfstuck/;K. Fünfstück;Konrad Fünfstück;07.10.1980;Germany
1552403;/coach/1552403/adrie-poldervaart/;A. Poldervaart;Adrie Poldervaart;20.12.1970;Netherlands
1552424;/coach/1552424/manuel-marquez-roca/;M. Márquez Roca;Manuel Márquez Roca;07.09.1968;Spain
1552477;/coach/1552477/tim-walter/;T. Walter;Tim Walter;08.11.1975;Germany
1552508;/coach/1552508/marcos-ignacio-ambriz-espinoza/;M. Ambriz Espinoza;Marcos Ignacio Ambriz Espinoza;07.02.1965;Mexico
1552520;/coach/1552520/rui-manuel-gomes-borges/;R. Gomes Borges;Rui Manuel Gomes Borges;07.07.1981;Portugal
1552550;/coach/1552550/gerald-scheiblehner/;G. Scheiblehner;Gerald Scheiblehner;25.02.1977;Austria
1552555;/coach/1552555/sascha-hildmann/;S. Hildmann;Sascha Hildmann;07.04.1972;Germany
1552604;/coach/1552604/vuk-rasovic/;V. Rašoviæ;Vuk Rašoviæ;03.01.1973;Serbia
1552672;/coach/1552672/markus-schopp/;M. Schopp;Markus Schopp;22.02.1974;Austria
1552696;/coach/1552696/mauricio-nogueira-barbieri/;M. Nogueira Barbieri;Maurício Nogueira Barbieri;30.09.1981;Brazil
1552810;/coach/1552810/ramon-angel-diaz/;R. Díaz;Ramón Ángel Díaz;29.08.1959;Argentina
1552812;/coach/1552812/raul-erasto-jacobo-gutierrez/;R. Jacobo Gutierrez;Raul Erasto Jacobo Gutierrez;16.10.1966;Mexico
1552838;/coach/1552838/vitor-fernando-de-carvalho-campelos/;V. de Carvalho Campelos;Vítor Fernando de Carvalho Campelos;11.05.1975;Portugal
1552902;/coach/1552902/roberto-cevoli/;R. Cevoli;Roberto Cevoli;29.12.1968;Italy
1552921;/coach/1552921/micael-martins-sequeira/;M. Martins Sequeira;Micael Martins Sequeira;06.07.1973;Portugal
1552966;/coach/1552966/jaroslaw-skrobacz/;J. Skrobacz;Jaros³aw Skrobacz;11.08.1967;Poland
1553030;/coach/1553030/cristiano-lucarelli/;C. Lucarelli;Cristiano Lucarelli;04.10.1975;Italy
1553061;/coach/1553061/sergio-lobera-rodriguez/;S. Lobera Rodríguez;Sergio Lobera Rodríguez;16.01.1977;Spain
1553165;/coach/1553165/christian-johnsen/;C. Johnsen;Christian Johnsen;10.06.1977;Norway
1553200;/coach/1553200/andrea-sottil/;A. Sottil;Andrea Sottil;04.01.1974;Italy
1553202;/coach/1553202/attilio-tesser/;A. Tesser;Attilio Tesser;10.06.1958;Italy
1553203;/coach/1553203/massimiliano-alvini/;M. Alvini;Massimiliano Alvini;;Italy
1553204;/coach/1553204/giovanni-stroppa/;G. Stroppa;Giovanni Stroppa;24.01.1968;Italy
1553229;/coach/1553229/pedro-morilla-pineda/;P. Morilla Pineda;Pedro Morilla Pineda;31.10.1972;Spain
1553235;/coach/1553235/luis-carlos-batalha-freire/;L. Batalha Freire;Luís Carlos Batalha Freire;03.11.1995;Portugal
1553285;/coach/1553285/andreas-tegstrom/;A. Tegström;Andreas Tegström;;Sweden
1553294;/coach/1553294/daniel-backstrom/;D. Bäckström;Daniel Bäckström;;Sweden
1553336;/coach/1553336/gabriel-esteban-caballero-schiker/;G. Caballero Schiker;Gabriel Esteban Caballero Schiker;05.02.1971;Mexico
1553351;/coach/1553351/filipe-manuel-nunes-candido/;F. Nunes Cândido;Filipe Manuel Nunes Cândido;28.09.1979;Portugal
1553390;/coach/1553390/rustem-khuzin/;R. Khuzin;Rustem Khuzin;30.01.1972;Russia
1553411;/coach/1553411/igor-osinkin/;I. Osinkin;Igor Osinkin;04.06.1965;Russia
1553570;/coach/1553570/jose-maria-bianco/;J. Bianco;José María Bianco;;Argentina
1553624;/coach/1553624/alvaro-hernandez-uribe/;Á. Hernández Uribe;Álvaro Hernández Uribe;22.03.1973;Colombia
1553640;/coach/1553640/enrique-lopez-zarza/;E. López Zarza;Enrique López Zarza;25.10.1957;Mexico
1565617;/coach/1565617/constantin-galca/;C. Gâlcã;Constantin Gâlcã;08.03.1972;Romania
1565626;/coach/1565626/wei-hao/;W. Hao;Wei Hao;27.12.1976;China PR
1677031;/coach/1677031/regis-brouard/;R. Brouard;Régis Brouard;17.01.1967;France
1846740;/coach/1846740/paolo-tramezzani/;P. Tramezzani;Paolo Tramezzani;30.07.1970;Italy
1846934;/coach/1846934/milan-ristic/;M. Ristiæ;Milan Ristiæ;;Serbia
1854915;/coach/1854915/gerhard-struber/;G. Struber;Gerhard Struber;24.01.1977;Austria
1854949;/coach/1854949/guillermo-abascal-perez/;G. Abascal Perez;Guillermo Abascal Perez;13.04.1989;Spain
1854951;/coach/1854951/eduardo-fentanes-orozco/;E. Fentanes Orozco;Eduardo Fentanes Orozco;09.07.1977;Mexico
1872679;/coach/1872679/alberto-colombo/;A. Colombo;Alberto Colombo;24.02.1974;Italy
1872757;/coach/1872757/luiz-carlos-cirne-lima-de-lorenzi/;L. Cirne Lima de Lorenzi;Luiz Carlos Cirne Lima de Lorenzi;11.08.1972;Brazil
1872907;/coach/1872907/ivo-ricardo-abreu-vieira/;I. Abreu Vieira;Ivo Ricardo Abreu Vieira;10.01.1976;Portugal
1873090;/coach/1873090/salvatore-iacolino/;S. Iacolino;Salvatore Iacolino;;Italy
2158189;/coach/2158189/philippe-clement/;P. Clement;Philippe Clement;22.03.1974;Belgium
2158433;/coach/2158433/laszlo-boloni/;L. Bölöni;László Bölöni;11.03.1953;Romania
2158474;/coach/2158474/mihai-teja/;M. Teja;Mihai Teja;22.09.1978;Romania
2178947;/coach/2178947/christian-preusser/;C. Preußer;Christian Preußer;23.01.1984;Germany
2206526;/coach/2206526/christian-titz/;C. Titz;Christian Titz;01.04.1971;Germany
2510291;/coach/2510291/joannes-gerardus-adrianus-lammers/;J. Lammers;Joannes Gerardus Adrianus Lammers;11.12.1963;Netherlands
2510462;/coach/2510462/mathieu-chabert/;M. Chabert;Mathieu Chabert;;France
2510731;/coach/2510731/artur-skowronek/;A. Skowronek;Artur Skowronek;22.05.1982;Poland
2511092;/coach/2511092/abel-fernando-moreira-ferreira/;A. Moreira Ferreira;Abel Fernando Moreira Ferreira;22.12.1978;Portugal
2511114;/coach/2511114/giorgios-donis/;G. Donis;Giorgios Donis;29.10.1969;Greece
2511270;/coach/2511270/julian-calero-fernandez/;J. Calero Fernández;Julián Calero Fernández;26.10.1970;Spain
2823348;/coach/2823348/ismail-kartal/;?. Kartal;?smail Kartal;15.06.1961;Turkey
2823359;/coach/2823359/fernando-estevez-martin/;F. Estévez Martín;Fernando Estévez Martín;01.06.1979;Spain
2823538;/coach/2823538/neil-critchley/;N. Critchley;Neil Critchley;18.10.1978;England
2875993;/coach/2875993/john-sebastian-armijo/;J. Armijo;John Sebastián Armijo;;Chile
2876007;/coach/2876007/gustavo-diaz-dominguez/;G. Díaz Domínguez;Gustavo Díaz Domínguez;07.11.1974;Uruguay
3169802;/coach/3169802/dariusz-zuraw/;D. Zuraw;Dariusz Zuraw;14.11.1972;Poland
3181403;/coach/3181403/vladimir-fedotov/;V. Fedotov;Vladimir Fedotov;12.08.1966;Russia
3187813;/coach/3187813/luka-elsner/;L. Elsner;Luka Elsner;02.08.1982;Slovenia
3219729;/coach/3219729/jorge-romero-saez/;J. Romero Sáez;Jorge Romero Sáez;;Spain
3510275;/coach/3510275/cristobal-parralo-aguilera/;C. Parralo Aguilera;Cristóbal Parralo Aguilera;21.08.1967;Spain
3526169;/coach/3526169/joao-alexandre-oliveira-nunes-henriques/;J. Oliveira Nunes Henriques;Jo?o Alexandre Oliveira Nunes Henriques;31.10.1972;Portugal
3526244;/coach/3526244/alberto-miguel-gamero-morillo/;A. Gamero Morillo;Alberto Miguel Gamero Morillo;03.02.1964;Colombia
3533861;/coach/3533861/wouter-vrancken/;W. Vrancken;Wouter Vrancken;03.02.1979;Belgium
3568847;/coach/3568847/ilhan-palut/;?. Palut;?lhan Palut;12.11.1976;Turkey
3618158;/coach/3618158/marcelo-martelotte/;M. Martelotte;Marcelo Martelotte;18.12.1968;Brazil
3862153;/coach/3862153/markus-von-ahlen/;M. von Ahlen;Markus von Ahlen;01.01.1971;Germany
3876656;/coach/3876656/ertugrul-secme/;E. Seçme;Ertu?rul Seçme;07.11.1965;Turkey
3899858;/coach/3899858/oleksandr-petrakov/;O. Petrakov;Oleksandr Petrakov;06.08.1957;Ukraine
4187834;/coach/4187834/marinus-dijkhuizen/;M. Dijkhuizen;Marinus Dijkhuizen;04.01.1972;Netherlands
4192460;/coach/4192460/jose-ali-canas-navas/;J. Ca?as Navas;José Alí Ca?as Navas;19.06.1960;Venezuela
4243191;/coach/4243191/mustafa-ati-goksu/;M. Göksu;Mustafa Ati Göksu;10.09.1945;Turkey
4916358;/coach/4916358/jingui-wu/;J. Wu;Jingui Wu;10.01.1961;China PR
4977578;/coach/4977578/waldemar-fornalik/;W. Fornalik;Waldemar Fornalik;11.04.1963;Poland
5283402;/coach/5283402/lars-vind/;L. Vind;Lars Vind;22.09.1976;Denmark
5332015;/coach/5332015/steve-cotterill/;S. Cotterill;Steve Cotterill;20.07.1964;England
5332165;/coach/5332165/luca-dangelo/;L. D'Angelo;Luca D'Angelo;;Italy
5332210;/coach/5332210/robert-dante-siboldi-badiola/;R. Siboldi Badiola;Robert Dante Siboldi Badiola;24.09.1965;Uruguay
5666333;/coach/5666333/gustavo-huerta-araya/;G. Huerta Araya;Gustavo Huerta Araya;15.10.1957;Chile
5666628;/coach/5666628/davide-dionigi/;D. Dionigi;Davide Dionigi;10.01.1974;Italy
5961878;/coach/5961878/william-still/;W. Still;William Still;14.10.1992;Belgium
5967966;/coach/5967966/miguel-alvarez-jurado/;M. Álvarez Jurado;Miguel Álvarez Jurado;22.03.1958;Spain
6608228;/coach/6608228/jose-daniel-carreno-izquierdo/;J. Carre?o Izquierdo;José Daniel Carre?o Izquierdo;01.05.1963;Uruguay
6642560;/coach/6642560/sokratis-ofridopoulos/;S. Ofridopoulos;Sokratis Ofridopoulos;26.10.1973;Greece
6648081;/coach/6648081/armando-evangelista-macedo-freitas/;A. Macedo Freitas;Armando Evangelista Macedo Freitas;03.11.1973;Portugal
6971069;/coach/6971069/malky-mackay/;M. Mackay;Malky Mackay;19.02.1972;Scotland
6971228;/coach/6971228/armando-goncalves-teixeira/;Petit;Armando Gonçalves Teixeira;25.09.1976;Portugal
6972209;/coach/6972209/jostein-grindhaug/;J. Grindhaug;Jostein Grindhaug;20.02.1973;Norway
6972715;/coach/6972715/cihat-arslan/;C. Arslan;Cihat Arslan;09.02.1970;Turkey
6972914;/coach/6972914/pablo-javier-quatrocchi/;P. Quatrocchi;Pablo Javier Quatrocchi;19.01.1974;Argentina
6983785;/coach/6983785/phil-parkinson/;P. Parkinson;Phil Parkinson;01.12.1967;England
6983788;/coach/6983788/steve-clarke/;S. Clarke;Steve Clarke;29.08.1963;Scotland
6983853;/coach/6983853/horacio-matuszyczk/;H. Matuszyczk;Horacio Matuszyczk;29.11.1961;Argentina
7330518;/coach/7330518/francisco-javier-garcia-pimienta/;F. García Pimienta;Francisco Javier García Pimienta;03.08.1974;Spain
7346264;/coach/7346264/josep-gombau-balague/;J. Gombau Balague;Josep Gombau Balague;05.06.1976;Spain
7688644;/coach/7688644/dorinel-ionel-munteanu/;D. Munteanu;Dorinel Ionel Munteanu;25.06.1968;Romania
7689026;/coach/7689026/brian-clarhaut/;B. Clarhaut;Brian Clarhaut;;United States
7689782;/coach/7689782/pool-geovanny-gavilanez-solis/;P. Gavilánez Solís;Pool Geovanny Gavilánez Solís;;Ecuador
7690084;/coach/7690084/sergio-gomez/;S. Gómez;Sergio Gómez;;Argentina
7690603;/coach/7690603/carlos-luis-ischia/;C. Ischia;Carlos Luis Ischia;28.10.1956;Argentina
7693712;/coach/7693712/recep-ucar/;R. Uçar;Recep Uçar;22.09.1975;Turkey
7713957;/coach/7713957/glen-de-boeck/;G. De Boeck;Glen De Boeck;22.08.1971;Belgium
7714354;/coach/7714354/mladen-krstajic/;M. Krstajiæ;Mladen Krstajiæ;04.03.1974;Serbia
8416512;/coach/8416512/pedro-atalicio-dechat/;P. Dechat;Pedro Atalicio Dechat;02.09.1959;Argentina
9605704;/coach/9605704/pedro-alcides-sarabia-achucarro/;P. Sarabia Achucarro;Pedro Alcídes Sarabia Achucarro;05.07.1975;Paraguay
9938631;/coach/9938631/vitor-manuel-de-oliveira-lopes-pereira/;V. de Oliveira Lopes Pereira;Vítor Manuel de Oliveira Lopes Pereira;26.07.1968;Portugal
9950240;/coach/9950240/jose-alberto-lopez-menendez/;J. López Menéndez;José Alberto López Menéndez;21.05.1982;Spain
9964181;/coach/9964181/david-colpaert/;D. Colpaert;David Colpaert;23.01.1970;Belgium
10264954;/coach/10264954/valeriy-karpin/;V. Karpin;Valeriy Karpin;02.02.1969;Russia
10269848;/coach/10269848/aurelio-andreazzoli/;A. Andreazzoli;Aurelio Andreazzoli;05.11.1953;Italy
10275528;/coach/10275528/jamel-belhedi/;J. Belhedi;Jamel Belhedi;;Tunisia
10293491;/coach/10293491/eder-sarabia-armesto/;E. Sarabia Armesto;Eder Sarabia Armesto;;Spain
10293509;/coach/10293509/diego-omar-dabove/;D. Dabove;Diego Omar Dabove;18.01.1973;Argentina
10302689;/coach/10302689/carlos-julio-bustos/;C. Bustos;Carlos Julio Bustos;16.04.1966;Argentina
10626576;/coach/10626576/bjarne-berntsen/;B. Berntsen;Bjarne Berntsen;21.12.1956;Norway
10626699;/coach/10626699/stefan-billborn/;S. Billborn;Stefan Billborn;15.11.1972;Sweden
10948461;/coach/10948461/miguel-angel-zahzu/;M. Zahzú;Miguel Ángel Zahzú;;Argentina
10966287;/coach/10966287/gerardo-seoane/;G. Seoane;Gerardo Seoane;30.10.1978;Switzerland
10990603;/coach/10990603/bairm-mukhtari/;B. Mukhtari;Bairm Mukhtari;;Tunisia
11298706;/coach/11298706/heiko-vogel/;H. Vogel;Heiko Vogel;21.11.1975;Germany
11311416;/coach/11311416/ivan-jovanovic/;I. Jovanoviæ;Ivan Jovanoviæ;08.07.1962;Serbia
12016966;/coach/12016966/nasir-belci/;N. Belci;Nas?r Belci;01.12.1955;Turkey
12036309;/coach/12036309/rasmus-bertelsen/;R. Bertelsen;Rasmus Bertelsen;;Denmark
12066298;/coach/12066298/robin-dutt/;R. Dutt;Robin Dutt;24.01.1965;Germany
12393693;/coach/12393693/david-mackey/;D. Mackey;David Mackey;04.06.1960;Republic of Ireland
12562146;/coach/12562146/gary-smith/;G. Smith;Gary Smith;03.12.1968;England
12789649;/coach/12789649/thomas-sageder/;T. Sageder;Thomas Sageder;05.09.1983;Austria
12830275;/coach/12830275/shigetoshi-hasebe/;S. Hasebe;Shigetoshi Hasebe;;Japan
12830699;/coach/12830699/radoslav-latal/;R. Látal;Radoslav Látal;06.01.1970;Czech Republic
13185391;/coach/13185391/kamil-kieres/;K. Kieres;Kamil Kieres;16.07.1974;Poland
13186192;/coach/13186192/jin-seop-park/;J. Park;Jin-Seop Park;11.03.1977;Korea Republic
13224996;/coach/13224996/sergi-barjuan-i-esclusa/;S. Barjuán i Esclusa;Sergi Barjuán i Esclusa;28.12.1971;Spain
13225192;/coach/13225192/yang-chen/;Y. Chen;Yang Chen;23.01.1977;China PR
13633409;/coach/13633409/andre-soares-jardine/;A. Soares Jardine;André Soares Jardine;08.09.1979;Brazil
13980935;/coach/13980935/ivan-prelec/;I. Prelec;Ivan Prelec;;Croatia
13991808;/coach/13991808/jordi-vinyals-martori/;J. Vinyals Martori;Jordi Vinyals Martori;24.11.1963;Spain
14011820;/coach/14011820/luciano-foschi/;L. Foschi;Luciano Foschi;03.07.1967;Italy
14328880;/coach/14328880/john-herdman/;J. Herdman;John Herdman;19.07.1975;England
15062004;/coach/15062004/dietmar-didi-kuhbauer/;D. Kühbauer;Dietmar Didi Kühbauer;04.04.1971;Austria
15084021;/coach/15084021/didier-tholot/;D. Tholot;Didier Tholot;02.04.1964;France
16102470;/coach/16102470/bo-wang/;B. Wang;Bo Wang;03.04.1970;China PR
16111977;/coach/16111977/luis-garcia-plaza/;L. García Plaza;Luis García Plaza;01.12.1972;Spain
16112171;/coach/16112171/liviu-ciobotariu/;L. Ciobotariu;Liviu Ciobotariu;26.03.1971;Romania
16488543;/coach/16488543/erwin-sanchez-freking/;E. Sánchez Freking;Erwin Sánchez Freking;19.10.1969;Bolivia
16827150;/coach/16827150/ivan-javorcic/;I. Javorcic;Ivan Javorcic;24.01.1979;Croatia
16845924;/coach/16845924/jens-berthel-askou/;J. Askou;Jens Berthel Askou;19.08.1982;Denmark
17159485;/coach/17159485/steve-corica/;S. Corica;Steve Corica;24.03.1973;Australia
17177187;/coach/17177187/henrik-jensen/;H. Jensen;Henrik Jensen;25.10.1959;Denmark
17281534;/coach/17281534/kim-hellberg/;K. Hellberg;Kim Hellberg;;Sweden
17867632;/coach/17867632/paul-hurst/;P. Hurst;Paul Hurst;25.09.1974;England
17876082;/coach/17876082/henrik-pedersen/;H. Pedersen;Henrik Pedersen;02.01.1978;Denmark
18218840;/coach/18218840/kenta-kawai/;K. Kawai;Kenta Kawai;07.06.1981;Japan
18228014;/coach/18228014/bulent-korkmaz/;B. Korkmaz;Bülent Korkmaz;24.11.1968;Turkey
18559399;/coach/18559399/damian-dario-munoz-galaz/;D. Munoz Galaz;Damian Dario Munoz Galaz;13.01.1984;Chile
18567633;/coach/18567633/kjetil-andre-rekdal/;K. Rekdal;Kjetil André Rekdal;06.11.1968;Norway
18922365;/coach/18922365/tim-flowers/;T. Flowers;Tim Flowers;03.02.1967;England
18932187;/coach/18932187/marti-cifuentes-corvillo/;M. Cifuentes Corvillo;Martí Cifuentes Corvillo;;Spain
18939668;/coach/18939668/hernan-pena/;H. Pe?a;Hernán Pe?a;18.10.1969;Chile
19256146;/coach/19256146/david-martindale/;D. Martindale;David Martindale;13.07.1974;Scotland
19264859;/coach/19264859/martin-alejandro-cardetti/;M. Cardetti;Martín Alejandro Cardetti;22.10.1975;Argentina
19282253;/coach/19282253/frank-wormuth/;F. Wormuth;Frank Wormuth;13.09.1960;Germany
19289999;/coach/19289999/michele-santoni/;M. Santoni;Michele Santoni;01.01.1980;Netherlands
19616058;/coach/19616058/patrick-rahmen/;P. Rahmen;Patrick Rahmen;03.04.1969;Switzerland
19960383;/coach/19960383/ralf-rangnick/;R. Rangnick;Ralf Rangnick;29.06.1958;Germany
19960388;/coach/19960388/andoni-iraola-sagarna/;A. Iraola;Andoni Iraola Sagarna;22.06.1982;Spain
19979675;/coach/19979675/holger-seitz/;H. Seitz;Holger Seitz;09.10.1974;Germany
19980296;/coach/19980296/alain-geiger/;A. Geiger;Alain Geiger;05.11.1960;Switzerland
19980368;/coach/19980368/mikael-bengtsson/;M. Bengtsson;Mikael Bengtsson;;Sweden
19996749;/coach/19996749/michal-bilek/;M. Bílek;Michal Bílek;13.04.1965;Czech Republic
20315948;/coach/20315948/kamil-socha/;K. Socha;Kamil Socha;01.02.1971;Poland
20326070;/coach/20326070/robin-fraser/;R. Fraser;Robin Fraser;17.12.1966;United States
20691920;/coach/20691920/daniel-berlinski/;D. Berlinski;Daniel Berlinski;12.02.1986;Germany
20693356;/coach/20693356/bartosch-gaul/;B. Gaul;Bartosch Gaul;30.11.1987;Germany
20693361;/coach/20693361/patrick-glockner/;P. Glöckner;Patrick Glöckner;18.11.1976;Germany
20693394;/coach/20693394/andre-meyer/;A. Meyer;André Meyer;05.06.1984;Germany
20693423;/coach/20693423/ole-werner/;O. Werner;Ole Werner;;Germany
20693917;/coach/20693917/fernando-manuel-de-jesus-santos/;F. de Jesus Santos;Fernando Manuel de Jesus Santos;17.03.1973;Portugal
20694532;/coach/20694532/paulo-sergio-bento-brito/;P. Bento Brito;Paulo Sérgio Bento Brito;19.02.1968;Portugal
20708358;/coach/20708358/baldomero-hermoso-herrera/;B. Hermoso Herrera;Baldomero Hermoso Herrera;15.03.1975;Spain
21054920;/coach/21054920/joao-batista-donizete-dressler-burse/;J. Batista Donizete Dressler Burse;Jo?o Batista Donizete Dressler Burse;10.06.1982;Brazil
21072678;/coach/21072678/hernan-perez-cuesta/;H. Pérez Cuesta;Hernán Pérez Cuesta;02.10.1981;Spain
21404414;/coach/21404414/mario-daniel-saralegui-iriarte/;M. Saralegui Iriarte;Mario Daniel Saralegui Iriarte;24.04.1959;Uruguay
21412795;/coach/21412795/bruno-miguel-silva-do-nascimento/;B. Nascimento;Bruno Miguel Silva do Nascimento;12.05.1976;Portugal
22126528;/coach/22126528/alejandro-martin-capuccio-diaz/;A. Capuccio Díaz;Alejandro Martín Capuccio Díaz;07.02.1976;Uruguay
22136573;/coach/22136573/russell-milton/;R. Milton;Russell Milton;12.01.1969;England
22158402;/coach/22158402/joseph-oosting/;J. Oosting;Joseph Oosting;29.01.1973;Netherlands
22158887;/coach/22158887/alberto-illanes/;A. Illanes;Alberto Illanes;;Bolivia
22504273;/coach/22504273/carles-cuadrat/;C. Cuadrat;Carles Cuadrat;28.10.1968;Spain
22536116;/coach/22536116/byung-geun-lee/;B. Lee;Byung-Geun Lee;28.04.1973;Korea Republic
22859431;/coach/22859431/german-crespo-sanchez/;G. Crespo Sánchez;Germán Crespo Sánchez;19.11.1975;Spain
22877956;/coach/22877956/gabriele-cioffi/;G. Cioffi;Gabriele Cioffi;30.09.1975;Italy
23269910;/coach/23269910/constantin-schumacher/;C. Schumacher;Constantin Schumacher;08.05.1976;Romania
23302395;/coach/23302395/thomas-veart/;T. Veart;Thomas Veart;;Australia
23386218;/coach/23386218/alvaro-adriano-teixeira-pacheco/;Á. Pacheco;Álvaro Adriano Teixeira Pacheco;25.06.1971;Portugal
23637730;/coach/23637730/luis-marin-camacho/;L. Marín Camacho;Luis Marín Camacho;05.02.1977;Bolivia
23738838;/coach/23738838/marcin-prasol/;M. Praso³;Marcin Praso³;12.10.1980;Poland
24065134;/coach/24065134/erik-hamren/;E. Hamrén;Erik Hamrén;27.06.1957;Sweden
24073443;/coach/24073443/gerhard-kleppinger/;G. Kleppinger;Gerhard Kleppinger;01.03.1958;Germany
24427744;/coach/24427744/thomas-frank/;T. Frank;Thomas Frank;09.10.1973;Denmark
24445026;/coach/24445026/pericles-raimundo-oliveira-chamusca/;P. Oliveira Chamusca;Péricles Raimundo Oliveira Chamusca;29.09.1965;Brazil
24818817;/coach/24818817/filipe-andre-paula-da-rocha/;F. Paula da Rocha;Filipe André Paula da Rocha;19.05.1972;Portugal
25187743;/coach/25187743/liam-manning/;L. Manning;Liam Manning;20.08.1985;England
25217592;/coach/25217592/fernando-maximiliano-diaz-seguel/;F. Díaz Seguel;Fernando Maximiliano Díaz Seguel;27.12.1961;Chile
25567014;/coach/25567014/cristiano-bergodi/;C. Bergodi;Cristiano Bergodi;14.10.1964;Italy
25583713;/coach/25583713/hakan-keles/;H. Keleº;Hakan Keleº;08.01.1972;Turkey
25931173;/coach/25931173/francisco-meneghini/;F. Meneghini;Francisco Meneghini;;Argentina
26328630;/coach/26328630/miron-muslic/;M. Musliæ;Miron Musliæ;14.09.1982;Austria
26669978;/coach/26669978/roberto-patzold/;R. Pätzold;Roberto Pätzold;17.07.1980;Germany
27048405;/coach/27048405/mark-bonner/;M. Bonner;Mark Bonner;;England
27057544;/coach/27057544/alexis-enrique-garcia-vega/;A. García Vega;Alexis Enrique García Vega;21.07.1960;Colombia
27440829;/coach/27440829/jacob-friis/;J. Friis;Jacob Friis;11.12.1976;Denmark
27462686;/coach/27462686/oscar-pedro-cano-moreno/;Ó. Cano Moreno;Óscar Pedro Cano Moreno;07.11.1972;Spain
27814431;/coach/27814431/rado-vidosic/;R. Vidošiæ;Rado Vidošiæ;24.09.1961;Australia
27831764;/coach/27831764/marco-balbul/;M. Balbul;Marco Balbul;13.07.1967;Israel
28184231;/coach/28184231/peter-wild/;P. Wild;Peter Wild;;England
29303607;/coach/29303607/renato-manuel-alves-paiva/;R. Alves Paiva;Renato Manuel Alves Paiva;22.03.1970;Portugal
29336919;/coach/29336919/jorge-remigio-pautasso/;J. Pautasso;Jorge Remigio Pautasso;03.02.1962;Argentina
29720314;/coach/29720314/jose-riveiro/;J. Riveiro;Jose Riveiro;15.09.1975;Spain
29720398;/coach/29720398/danny-searle/;D. Searle;Danny Searle;;England
30482247;/coach/30482247/ugur-balcioglu/;U. Balc?o?lu;U?ur Balc?o?lu;01.02.1972;Turkey
30850931;/coach/30850931/declan-devine/;D. Devine;Declan Devine;15.09.1973;Northern Ireland
31238816;/coach/31238816/luchi-gonzalez/;L. Gonzalez;Luchi Gonzalez;14.07.1980;United States
31264237;/coach/31264237/daniel-oldra/;D. Oldrá;Daniel Oldrá;;Argentina
31616447;/coach/31616447/manuel-alfredo-moquera-bastida/;M. Moquera Bastida;Manuel Alfredo Moquera Bastida;10.08.1968;Spain
32012784;/coach/32012784/onder-karaveli/;Ö. Karaveli;Önder Karaveli;16.03.1974;Turkey
32013107;/coach/32013107/troy-lesesne/;T. Lesesne;Troy Lesesne;;United States
32031640;/coach/32031640/ole-tobiasen/;O. Tobiasen;Ole Tobiasen;08.07.1975;Denmark
32396043;/coach/32396043/erling-moe/;E. Moe;Erling Moe;;Norway
32405384;/coach/32405384/alen-stajcic/;A. Stajcic;Alen Stajcic;02.11.1973;Australia
32405547;/coach/32405547/diego-martinez-ruiz/;D. Martínez Ruiz;Diego Martínez Ruiz;04.02.1984;Spain
32431130;/coach/32431130/nick-cushing/;N. Cushing;Nick Cushing;;England
32551353;/coach/32551353/youssef-anbar/;Y. Anbar;Youssef Anbar;;Saudi Arabia
33203634;/coach/33203634/matthias-kohler/;M. Kohler;Matthias Kohler;09.06.1991;Germany
33587121;/coach/33587121/sindre-tjelmeland/;S. Tjelmeland;Sindre Tjelmeland;13.09.1989;Norway
33968968;/coach/33968968/johnny-jansen/;J. Jansen;Johnny Jansen;02.03.1975;Netherlands
33980182;/coach/33980182/sergey-zhukov/;S. Zhukov;Sergey Zhukov;08.05.1967;Russia
34367117;/coach/34367117/eduardo-de-souza-barroca/;E. de Souza Barroca;Eduardo de Souza Barroca;22.04.1982;Brazil
34455285;/coach/34455285/michal-hornak/;M. Horòák;Michal Horòák;28.04.1970;Czech Republic
34455769;/coach/34455769/matt-gray/;M. Gray;Matt Gray;02.11.1981;England
34492065;/coach/34492065/ruben-dario-insua/;R. Insúa;Rubén Darío Insúa;17.04.1961;Argentina
34874032;/coach/34874032/jose-jeunechamps/;J. Jeunechamps;José Jeunechamps;02.05.1967;Belgium
35279764;/coach/35279764/dominik-thalhammer/;D. Thalhammer;Dominik Thalhammer;02.10.1970;Austria
35305804;/coach/35305804/flemming-pedersen/;F. Pedersen;Flemming Pedersen;02.09.1947;Denmark
36083600;/coach/36083600/miguel-angel-ramirez/;M. Ramírez;Miguel Ángel Ramírez;;Spain
36084458;/coach/36084458/alejandro-restrepo-mazo/;A. Restrepo Mazo;Alejandro Restrepo Mazo;30.01.1982;Colombia
36884109;/coach/36884109/svetozar-sapuric/;S. Šapuriæ;Svetozar Šapuriæ;28.04.1960;Serbia
37250724;/coach/37250724/steve-cooper/;S. Cooper;Steve Cooper;10.12.1979;Wales
37253370;/coach/37253370/franz-ponweiser/;F. Ponweiser;Franz Ponweiser;15.09.1975;Austria
37253380;/coach/37253380/mao-chen/;M. Chen;Mao Chen;;China PR
37257614;/coach/37257614/wim-jonk/;W. Jonk;Wim Jonk;12.10.1966;Netherlands
37257773;/coach/37257773/joao-pedro-borges-de-sousa/;J. Borges de Sousa;Jo?o Pedro Borges de Sousa;04.08.1971;Portugal
37260565;/coach/37260565/eduardo-docampo/;E. Docampo;Eduardo Docampo;26.05.1974;Spain
37262404;/coach/37262404/janusz-niedzwiedz/;J. NiedŸwiedŸ;Janusz NiedŸwiedŸ;23.01.1982;Poland
37262790;/coach/37262790/alberto-aguila-lalana/;A. Aguil? Lalana;Alberto Aguil? Lalana;;Spain
37266144;/coach/37266144/daniel-poyatos-algaba/;D. Algaba;Daniel Poyatos Algaba;;Spain
37287279;/coach/37287279/kresimir-rezic/;K. Režiæ;Krešimir Režiæ;13.10.1981;Croatia
37296110;/coach/37296110/nebojsa-vucicevic/;N. Vuèiæeviæ;Nebojša Vuèiæeviæ;29.06.1962;Serbia
37297706;/coach/37297706/oscar-garcia-rodriguez/;O. Garcia Rodriguez;Oscar Garcia Rodriguez;;Spain
37315628;/coach/37315628/lucas-palavro-zanella/;L. Palavro Zanella;Lucas Palavro Zanella;;Brazil
37324872;/coach/37324872/jose-arastey-eres/;J. Arastey Eres;José Arastey Eres;30.06.1966;Spain
37324873;/coach/37324873/henry-antonio-melendez-sanchez/;H. Meléndez Sanchez;Henry Antonio Meléndez Sanchez;02.07.1984;Venezuela
37326181;/coach/37326181/rodolfo-de-paoli/;R. De Paoli;Rodolfo De Paoli;26.10.1978;Argentina
37331562;/coach/37331562/xueyu-liu/;X. Liu;Xueyu Liu;03.08.1962;China PR
37331744;/coach/37331744/gerald-baticle/;G. Baticle;Gérald Baticle;10.09.1969;France
37336557;/coach/37336557/neil-wood/;N. Wood;Neil Wood;04.01.1983;England
37336957;/coach/37336957/frank-kramer/;F. Kramer;Frank Kramer;03.05.1972;Germany
37337215;/coach/37337215/rik-demil/;R. Demil;Rik Demil;;Belgium
37351217;/coach/37351217/luca-gotti/;L. Gotti;Luca Gotti;13.09.1967;Italy
37352367;/coach/37352367/hans-dieter-flick/;H. Flick;Hans-Dieter Flick;24.02.1965;Germany
37354677;/coach/37354677/luis-de-la-fuente-castillo/;L. De la Fuente Castillo;Luis De la Fuente Castillo;21.06.1961;Spain
37354684;/coach/37354684/paul-simpson/;P. Simpson;Paul Simpson;26.07.1966;England
37354876;/coach/37354876/albert-capellas-herms/;A. Herms;Albert Capellas Herms;01.10.1967;Spain
37356457;/coach/37356457/giancarlo-italiano/;G. Italiano;Giancarlo Italiano;;Australia
37376822;/coach/37376822/david-horseman/;D. Horseman;David Horseman;;England
37384310;/coach/37384310/juan-jose-maqueda/;J. Maqueda;Juan José Maqueda;23.01.1969;Spain
37386304;/coach/37386304/ben-garner/;B. Garner;Ben Garner;19.05.1980;England
37404937;/coach/37404937/conor-nestor/;C. Nestor;Conor Nestor;;Republic of Ireland
37410430;/coach/37410430/juan-pedro-benali/;J. Benali;Juan Pedro Benali;25.03.1969;Spain
37428016;/coach/37428016/necdet-emre-ozbayer/;N. Özbayer;Necdet Emre Özbayer;15.10.1976;Turkey
37429198;/coach/37429198/albert-puig-ortoneda/;Albert Puig;Albert Puig Ortoneda;15.04.1968;Spain
37430188;/coach/37430188/pal-arne-johansen/;P. Johansen;Pal Arne Johansen;16.02.1977;Norway
37430442;/coach/37430442/kenny-bundy/;K. Bundy;Kenny Bundy;09.03.1981;United States
37430718;/coach/37430718/jon-brady/;J. Brady;Jon Brady;14.01.1975;Australia
37438919;/coach/37438919/laurent-blanc/;L. Blanc;Laurent Blanc;19.11.1965;France
37438949;/coach/37438949/paul-ince/;P. Ince;Paul Ince;21.10.1967;England
37444175;/coach/37444175/hans-jurgen-boysen/;H. Boysen;Hans-Jürgen Boysen;30.05.1957;Germany
37453069;/coach/37453069/richard-beale/;R. Beale;Richard Beale;;England
37457571;/coach/37457571/jan-frode-nornes/;J. Nornes;Jan Frode Nornes;08.01.1973;Norway
37460590;/coach/37460590/clint-peay/;C. Peay;Clint Peay;;United States
37468473;/coach/37468473/ioan-ovidiu-sabau/;I. Sabãu;Ioan Ovidiu Sabãu;12.02.1968;Romania
37468495;/coach/37468495/hakki-tolunay-kafkas/;T. Kafkas;Hakk? Tolunay Kafkas;31.03.1968;Turkey
37476493;/coach/37476493/do-kyun-kim/;Kim Do-Kyun;Do-Kyun Kim;13.01.1977;Korea Republic
37486374;/coach/37486374/nick-green/;N. Green;Nick Green;;Australia
37490282;/coach/37490282/carlos-humberto-paredes-monges/;C. Paredes;Carlos Humberto Paredes Monges;16.07.1976;Paraguay
37522422;/coach/37522422/artur-jorge-torres-gomes-araujo-amorim/;Artur Jorge;Artur Jorge Torres Gomes Araújo Amorim;01.01.1972;Portugal
37522906;/coach/37522906/ricardo-cadena-martinez/;R. Cadena Martínez;Ricardo Cadena Martínez;23.10.1969;Mexico
37523018;/coach/37523018/goran-miscevic/;G. Miscevic;Goran Miscevic;;Serbia
37523072;/coach/37523072/louis-van-gaal/;L. van Gaal;Louis van Gaal;08.08.1951;Netherlands
37523318;/coach/37523318/ik-soo-ahn/;I. Ahn;Ik-Soo Ahn;06.05.1965;Korea Republic
37523462;/coach/37523462/gustavo-daniel-tognarelli/;G. Tognarelli;Gustavo Daniel Tognarelli;17.09.1960;Argentina
37523585;/coach/37523585/otto-addo/;O. Addo;Otto Addo;09.06.1975;Germany
37524040;/coach/37524040/freyr-alexandersson/;F. Alexandersson;Freyr Alexandersson;18.11.1982;Iceland
37524058;/coach/37524058/robert-stanton/;R. Stanton;Robert Stanton;15.04.1972;Australia
37524131;/coach/37524131/adem-caglayan/;A. Caglayan;Adem Caglayan;19.11.1981;Turkey
37524146;/coach/37524146/kieran-mckenna/;K. McKenna;Kieran McKenna;;England
37524250;/coach/37524250/thomas-worle/;T. Wörle;Thomas Wörle;11.02.1982;Germany
37524256;/coach/37524256/mario-fernando-magalhaes-da-silva/;M. Magalh?es;Mário Fernando Magalh?es da Silva;24.04.1977;Portugal
37524364;/coach/37524364/hakon-wibe-lund/;H. Wibe-Lund;H?kon Wibe-Lund;05.09.1980;Norway
37524380;/coach/37524380/mifflin-bermudez-tucto/;M. Bermúdez Tucto;Mifflin Bermúdez Tucto;04.02.1968;Peru
37524407;/coach/37524407/des-buckingham/;D. Buckingham;Des Buckingham;;England
37524603;/coach/37524603/stephane-gilli/;S. Gilli;Stéphane Gilli;30.04.1974;France
37524893;/coach/37524893/kees-van-wonderen/;K. van Wonderen;Kees van Wonderen;04.01.1969;Netherlands
37526382;/coach/37526382/anton-petrea/;A. Petrea;Anton Petrea;09.03.1975;Romania
37527066;/coach/37527066/andres-luciano-lillini/;A. Lillini;Andrés Luciano Lillini;13.08.1974;Argentina
37527821;/coach/37527821/weijian-yang/;W. Yang;Weijian Yang;02.01.1964;China PR
37528432;/coach/37528432/thomas-lagerlof/;T. Lagerlöf;Thomas Lagerlöf;15.11.1971;Sweden
37529254;/coach/37529254/dawid-szulczek/;D. Szulczek;Dawid Szulczek;26.01.1990;Poland
37529364;/coach/37529364/xiaorui-zhang/;X. Zhang;Xiaorui Zhang;05.08.1978;China PR
37529961;/coach/37529961/morten-eskesen/;M. Eskesen;Morten Eskesen;24.01.1968;Denmark
37530232;/coach/37530232/christian-heinle/;C. Heinle;Christian Heinle;30.03.1985;Austria
37533057;/coach/37533057/hui-xie/;H. Xie;Hui Xie;14.02.1975;China PR
37533538;/coach/37533538/andy-crosby/;A. Crosby;Andy Crosby;03.03.1973;England
37541656;/coach/37541656/antonio-jose-marreco-gouveia/;A. Marreco Gouveia;António José Marreco Gouveia;25.07.1987;Portugal
37542467;/coach/37542467/roberto-taurino/;R. Taurino;Roberto Taurino;;Italy
37542638;/coach/37542638/semih-keskin/;S. Keskin;Semih Keskin;25.12.1988;Germany
37543306;/coach/37543306/francisco-javier-pereira-mejia/;F. Pereira Mejía;Francisco Javier Pereira Mejía;13.05.1966;Spain
37545084;/coach/37545084/yousef-al-mannai/;Y. Al Mannai;Yousef Al Mannai;;Tunisia
37552521;/coach/37552521/juan-carlos-carcedo-mardones/;J. Carcedo Mardones;Juan Carlos Carcedo Mardones;19.08.1973;Spain
37552530;/coach/37552530/leam-richardson/;L. Richardson;Leam Richardson;19.11.1979;England
37553115;/coach/37553115/rui-vitor-da-silva-ferreira/;R. da Silva Ferreira;Rui Vítor da Silva Ferreira;29.03.1973;Portugal
37553735;/coach/37553735/nestor-gabriel-lorenzo/;N. Lorenzo;Néstor Gabriel Lorenzo;28.02.1966;Argentina
37553748;/coach/37553748/jose-villafuerte/;J. Villafuerte;José Villafuerte;07.11.1956;Ecuador
37553752;/coach/37553752/patrick-van-leeuwen/;P. van Leeuwen;Patrick van Leeuwen;08.08.1969;Netherlands
37553756;/coach/37553756/alessio-lisci/;A. Lisci;Alessio Lisci;04.11.1985;Italy
37553794;/coach/37553794/krzysztof-pawlak/;K. Pawlak;Krzysztof  Pawlak;12.02.1958;Poland
37553899;/coach/37553899/tahsin-tam/;T. Tam;Tahsin Tam;15.09.1969;Turkey
37553903;/coach/37553903/david-suarez-munoz/;D. Suárez Mu?oz;David Suárez Mu?oz;10.12.1986;Colombia
37553999;/coach/37553999/jose-garijo-nicolas/;J. Garijo Nicolás;José Garijo Nicolás;;Spain
37554017;/coach/37554017/andreas-patz/;A. Patz;Andreas Patz;14.10.1983;Germany
37555966;/coach/37555966/hans-erik-odegaard/;H. ?degaard;Hans Erik ?degaard;20.01.1974;Norway
37556105;/coach/37556105/nelson-alfonso-florez-jimenez/;N. Flórez Jiménez;Nelson Alfonso Flórez Jiménez;01.03.1974;Colombia
37556790;/coach/37556790/daniel-mysliwiec/;D. Myœliwiec;Daniel Myœliwiec;19.11.1985;Poland
37558369;/coach/37558369/mathieu-le-scornet/;M. Le Scornet;Mathieu Le Scornet;02.05.1983;France
37559807;/coach/37559807/anthony-hayes/;A. Hayes;Anthony Hayes;14.10.1986;Republic of Ireland
37563973;/coach/37563973/wilfried-nancy/;W. Nancy;Wilfried Nancy;09.04.1977;France
37563984;/coach/37563984/min-sung-lee/;M. Lee;Min-Sung Lee;23.06.1973;Korea Republic
37564013;/coach/37564013/jean-paul-van-gastel/;J. van Gastel;Jean-Paul van Gastel;28.04.1972;Netherlands
37566248;/coach/37566248/francesco-farioli/;F. Farioli;Francesco Farioli;10.04.1989;Italy
37566658;/coach/37566658/catalin-cristian-anghel/;C. Anghel;Cãtãlin Cristian Anghel;04.10.1974;Romania
37566900;/coach/37566900/genwei-yu/;G. Yu;Genwei Yu;07.01.1974;China PR
37566920;/coach/37566920/elias-jarol-rafael-emmons-cova/;E. Emmons Cova;Elías Jarol Rafael Emmons Cova;11.12.1981;Venezuela
37569634;/coach/37569634/ivan-almeida/;I. Almeida;Iván Almeida;22.01.1978;Paraguay
37569638;/coach/37569638/hiroshi-matsuda/;H. Matsuda;Hiroshi Matsuda;05.11.1960;Japan
37571867;/coach/37571867/morten-jensen/;M. Jensen;Morten Jensen;09.03.1981;Norway
37571970;/coach/37571970/ayman-al-yamni/;A. Al Yamni;Ayman Al Yamni;;Saudi Arabia
37573825;/coach/37573825/antonio-jose-cardoso-de-oliveira/;A. Cardoso de Oliveira;António José Cardoso de Oliveira;09.10.1982;Portugal
37575018;/coach/37575018/edward-still/;E. Still;Edward Still;30.12.1990;Belgium
37575021;/coach/37575021/manfred-schmid/;M. Schmid;Manfred Schmid;20.02.1971;Austria
37575667;/coach/37575667/william-billy-dodds/;W. Dodds;William Billy Dodds;05.02.1969;Scotland
37575668;/coach/37575668/daniel-scherning/;D. Scherning;Daniel Scherning;29.10.1983;Germany
37576444;/coach/37576444/hugo-carlos-rodrigues-ganchinho-pereira/;H. Ganchinho Pereira;Hugo Carlos Rodrigues Ganchinho Pereira;06.11.1978;Portugal
37577611;/coach/37577611/matteo-vanetta/;M. Vanetta;Matteo Vanetta;06.08.1978;Switzerland
37581419;/coach/37581419/lukas-pfeiffer/;L. Pfeiffer;Lukas  Pfeiffer;16.01.1991;Germany
37584222;/coach/37584222/duarte-nuno-figueira-correia/;D. Figueira Correia;Duarte Nuno Figueira Correia;03.09.1968;Portugal
37584223;/coach/37584223/osman-zeki-korkmaz/;O. Korkmaz;Osman Zeki Korkmaz;02.05.1982;Turkey
37584234;/coach/37584234/juan-david-nino-casteblanco/;J. Ni?o Casteblanco;Juan David Ni?o Casteblanco;27.06.1988;Colombia
37590075;/coach/37590075/vanni-sartini/;V. Sartini;Vanni Sartini;;Italy
37590394;/coach/37590394/akio-kogiku/;A. Kogiku;Akio Kogiku;07.07.1975;Japan
37593553;/coach/37593553/walid-regragui/;W. Regragui;Walid Regragui;;France
37593601;/coach/37593601/juan-alejandro-acejo-rodriguez/;J. Acejo Rodriguez;Juan Alejandro Acejo Rodriguez;24.01.1978;Spain
37594835;/coach/37594835/ionut-chirila/;I. Chirilã;Ionu? Chirilã;09.01.1966;Romania
37600729;/coach/37600729/antonio-gomez-carreno-escalona/;A. Gómez-Carre?o Escalona;Antonio Gómez-Carre?o Escalona;22.07.1980;Spain
37600730;/coach/37600730/pablo-villar-ferreiro/;P. Ferreiro;Pablo Villar Ferreiro;04.09.1986;Spain
37602008;/coach/37602008/turgay-altay/;T. Altay;Turgay Altay;16.02.1980;Turkey
37602353;/coach/37602353/nizamettin-set/;N. Set;Nizamettin Set;19.01.1966;Turkey
37602374;/coach/37602374/miguel-rondelli/;M. Rondelli;Miguel Rondelli;;Argentina
37604884;/coach/37604884/frank-klopas/;F. Klopas;Frank Klopas;01.09.1966;Greece
37607674;/coach/37607674/sergio-zarco-diaz/;S. Diaz;Sergio Zarco Diaz;;Spain
37608726;/coach/37608726/nicolas-estevez-martinez/;N. Estévez Martínez;Nicolás Estévez Martínez;29.01.1980;Spain
37608741;/coach/37608741/alper-kayabunar/;A. Kayabunar;Alper Kayabunar;29.11.1985;Germany
37609239;/coach/37609239/rodrigo-venegas/;R. Venegas;Rodrigo Venegas;;Chile
37609245;/coach/37609245/humberto-antonio-garcia-ramirez/;H. García Ramírez;Humberto Antonio García Ramírez;13.05.1974;Paraguay
37614914;/coach/37614914/martin-anselmi/;M. Anselmi;Martin Anselmi;;Argentina
37615629;/coach/37615629/serkan-ozbalta/;S. Özbalta;Serkan Özbalta;05.02.1979;Turkey
37618185;/coach/37618185/alain-negre/;A. Negre;Alain Negre;;France
37618984;/coach/37618984/kevin-doherty/;K. Doherty;Kevin Doherty;18.04.1980;Republic of Ireland
37618991;/coach/37618991/rikizo-matsuhashi/;R. Matsuhashi;Rikizo Matsuhashi;22.08.1968;Japan
37620993;/coach/37620993/jung-hyo-lee/;J. Lee;Jung-Hyo Lee;23.07.1975;Korea Republic
37621005;/coach/37621005/marcelo-venturelli/;M. Venturelli;Marcelo Venturelli;;Argentina
37621959;/coach/37621959/roel-coumans/;R. Coumans;Roel Coumans;23.08.1970;Netherlands
37624470;/coach/37624470/tim-gorner/;T. Görner;Tim Görner;;Germany
37624473;/coach/37624473/jens-tiemann-gorny/;J. Tiemann-Gorny;Jens Tiemann-Gorny;07.03.1979;Germany
37625119;/coach/37625119/jawad-al-jebouri/;J. Al Jebouri;Jawad Al Jebouri;14.06.1991;Sweden
37625124;/coach/37625124/edson-argenis-tortolero-roman/;E. Tortolero Román;Edson Argenis Tortolero Román;27.08.1971;Venezuela
37625768;/coach/37625768/julio-cesar-vaccari/;J. Vaccari;Julio César Vaccari;09.07.1980;Argentina
37626398;/coach/37626398/alex-covelo/;A. Covelo;Alex Covelo;19.05.1978;Spain
37629634;/coach/37629634/alex-morris/;A. Morris;Alex Morris;05.10.1983;England
37629650;/coach/37629650/dermot-lennon/;D. Lennon;Dermot Lennon;;Republic of Ireland
37630732;/coach/37630732/jose-omar-feitosa-alves/;J. Feitosa Alves;José Omar Feitosa Alves;08.03.1967;Brazil
37631748;/coach/37631748/humberto-ovelar/;H. Ovelar;Humberto Ovelar;24.12.1969;Paraguay
37632631;/coach/37632631/david-doniga-lara/;D. Dóniga Lara;David Dóniga Lara;07.09.1981;Spain
37633958;/coach/37633958/michael-beale/;M. Beale;Michael Beale;04.09.1980;England
37634995;/coach/37634995/carlos-horacio-compagnucci/;C. Compagnucci;Carlos Horacio Compagnucci;06.08.1968;Argentina
37637489;/coach/37637489/robin-veldeman/;R. Veldeman;Robin Veldeman;;Netherlands
37639917;/coach/37639917/christian-lattanzio/;C. Lattanzio;Christian Lattanzio;10.09.1971;Italy
37640252;/coach/37640252/bingen-arostegui-guibelondo/;B. Arostegui Guibelondo;Bingen Arostegui Guibelondo;08.11.1969;Spain
37640409;/coach/37640409/jang-gwan-lee/;J. Lee;Jang-Gwan Lee;04.07.1974;Korea Republic
37640959;/coach/37640959/fabian-avendano/;F. Avenda?o;Fabián Avenda?o;;Chile
37640962;/coach/37640962/patrick-rojas/;P. Rojas;Patrick Rojas;;Chile
37646001;/coach/37646001/jack-savage/;J. Savage;Jack Savage;;Republic of Ireland
37646004;/coach/37646004/julian-wartig/;J. Wartig;Julian Wartig;11.01.2005;Germany
37646219;/coach/37646219/philipp-gasde/;P. Gasde;Philipp Gasde;12.01.1983;Germany
37646925;/coach/37646925/andreas-georgson/;A. Georgson;Andreas Georgson;02.09.1985;Sweden
37648549;/coach/37648549/edgar-ospina-echeverry/;E. Ospina Echeverry;Edgar Ospina Echeverry;12.01.1956;Colombia
37649045;/coach/37649045/julio-rodolfo-neme-moreno/;J. Neme Moreno;Julio Rodolfo Neme Moreno;18.09.1964;Uruguay
37649082;/coach/37649082/abel-eduardo-balbo/;A. Eduardo Balbo;Abel Eduardo Balbo;01.06.1966;Argentina
37651957;/coach/37651957/youssef-manai/;Y. Manai;Youssef Manai;06.09.1975;Tunisia
37655213;/coach/37655213/stephane-paganelli/;S. Paganelli;Stéphane Paganelli;20.05.1976;France
37656417;/coach/37656417/chung-kyung-ho/;C. Kyung-Ho;Chung Kyung-Ho;;Korea Republic
37656591;/coach/37656591/antonio-mur/;A. Mur;Antonio Mur;29.04.1964;Argentina
37659678;/coach/37659678/paul-nelu-raducan/;P. Rãducan;Paul Nelu Rãducan;14.12.1967;Romania
37662210;/coach/37662210/orlando-ribeiro-de-oliveira/;O. Ribeiro de Oliveira;Orlando Ribeiro de Oliveira;09.01.1967;Brazil
37663443;/coach/37663443/genesio-colatrella/;G. Colatrella;Genesio Colatrella;31.12.1971;Switzerland
37663858;/coach/37663858/oscar-villegas/;?. Villegas;Óscar Villegas;15.04.1970;Bolivia
37664674;/coach/37664674/galileo-percovich/;G. Percovich;Galileo Percovich;20.04.1968;Uruguay
37664710;/coach/37664710/marcelo-saralegui-arregin/;M. Saralegui Arregín;Marcelo Saralegui Arregín;18.05.1971;Uruguay
37664752;/coach/37664752/maximiliano-rama/;M. Rama;Maximiliano Rama;;Argentina
37666404;/coach/37666404/matheus-joseph/;M. Joseph;Matheus Joseph;;Poland
37666625;/coach/37666625/michael-wimmer/;M. Wimmer;Michael Wimmer;18.06.1980;Germany
37675108;/coach/37675108/paulo-cesar-turra/;P. Turra;Paulo César Turra;14.11.1973;Brazil
37675694;/coach/37675694/zhikang-xi/;Z. Xi;Zhikang Xi;;China PR
37679561;/coach/37679561/claudio-brizuela/;C. Brizuela;Claudio Brizuela;30.08.1968;Argentina
37680707;/coach/37680707/johannes-hoff-thorup/;J. Hoff Thorup;Johannes Hoff Thorup;19.09.1989;Denmark
37682967;/coach/37682967/florin-cristian-parvu/;F. Pârvu;Florin Cristian Pârvu;02.04.1975;Romania
37684524;/coach/37684524/ruben-selles-salvador/;R. Sellés Salvador;Rubén Sellés Salvador;15.06.1983;Spain
37685707;/coach/37685707/antonio-luis-cazalilla-cano/;A. Cazalilla Cano;Antonio Luis Cazalilla Cano;20.07.1967;Spain
37686419;/coach/37686419/carlos-aitor-garcia-sanz/;C. García Sanz;Carlos Aitor García Sanz;;Spain
37686837;/coach/37686837/marcelo-rene-bravo/;M. Bravo;Marcelo René Bravo;10.01.1985;Argentina
37691812;/coach/37691812/adrian-siemieniec/;A. Siemieniec;Adrian Siemieniec;13.01.1992;Poland
37694861;/coach/37694861/tsutomu-takahata/;T. Takahata;Tsutomu Takahata;16.06.1968;Japan
37699018;/coach/37699018/tony-docherty/;T. Docherty;Tony Docherty;24.01.1971;Scotland
37699904;/coach/37699904/javier-morales/;J. Morales;Javier Morales;;United States
37700640;/coach/37700640/carles-martinez-novell/;C. Martínez Novell;Carles Martínez Novell;01.01.1984;Spain
37700791;/coach/37700791/dawid-szwarga/;D. Szwarga;Dawid Szwarga;07.10.1990;Poland
37703266;/coach/37703266/william-amaral-de-andrade/;W. de Andrade;William Amaral de Andrade;27.12.1967;Brazil
37709521;/coach/37709521/kittachai-wongsim/;K. Wongsim;Kittachai Wongsim;;Thailand
37709925;/coach/37709925/jorge-alberto-lobo-mendonca/;J. Lobo Mendonça;Jorge Alberto Lobo Mendonça;26.11.1972;Portugal
37715426;/coach/37715426/joseph-miles/;J. Miles;Joseph Miles;02.05.1974;United States
